{
  "fio version" : "fio-3.39-38-gf18c",
  "timestamp" : 1744238439,
  "timestamp_ms" : 1744238439317,
  "time" : "Wed Apr  9 22:40:39 2025",
  "global options" : {
    "kb_base" : "1024",
    "runtime" : "600"
  },
  "jobs" : [
    {
      "jobname" : "filestore-write-1073741824-blk1048576-iod1",
      "groupid" : 0,
      "job_start" : 1744238436815,
      "error" : 0,
      "eta" : 0,
      "elapsed" : 3,
      "job options" : {
        "stonewall" : "",
        "rw" : "write",
        "size" : "1073741824",
        "bs" : "1048576",
        "iodepth" : "1",
        "filename" : "/filestore/scratch/adam/fsbench/filestore/filestore-write-1073741824-blk1048576-iod1.bin"
      },
      "read" : {
        "io_bytes" : 0,
        "io_kbytes" : 0,
        "bw_bytes" : 0,
        "bw" : 0,
        "iops" : 0.000000,
        "runtime" : 0,
        "total_ios" : 0,
        "short_ios" : 0,
        "drop_ios" : 0,
        "slat_ns" : {
          "min" : 0,
          "max" : 0,
          "mean" : 0.000000,
          "stddev" : 0.000000,
          "N" : 0
        },
        "clat_ns" : {
          "min" : 0,
          "max" : 0,
          "mean" : 0.000000,
          "stddev" : 0.000000,
          "N" : 0
        },
        "lat_ns" : {
          "min" : 0,
          "max" : 0,
          "mean" : 0.000000,
          "stddev" : 0.000000,
          "N" : 0
        },
        "bw_min" : 0,
        "bw_max" : 0,
        "bw_agg" : 0.000000,
        "bw_mean" : 0.000000,
        "bw_dev" : 0.000000,
        "bw_samples" : 0,
        "iops_min" : 0,
        "iops_max" : 0,
        "iops_mean" : 0.000000,
        "iops_stddev" : 0.000000,
        "iops_samples" : 0
      },
      "write" : {
        "io_bytes" : 1073741824,
        "io_kbytes" : 1048576,
        "bw_bytes" : 2200290622,
        "bw" : 2148721,
        "iops" : 2098.360656,
        "runtime" : 488,
        "total_ios" : 1024,
        "short_ios" : 0,
        "drop_ios" : 0,
        "slat_ns" : {
          "min" : 0,
          "max" : 0,
          "mean" : 0.000000,
          "stddev" : 0.000000,
          "N" : 0
        },
        "clat_ns" : {
          "min" : 412426,
          "max" : 1759556,
          "mean" : 460784.864258,
          "stddev" : 60514.593368,
          "N" : 1024,
          "percentile" : {
            "1.000000" : 415744,
            "5.000000" : 419840,
            "10.000000" : 423936,
            "20.000000" : 428032,
            "30.000000" : 436224,
            "40.000000" : 444416,
            "50.000000" : 448512,
            "60.000000" : 452608,
            "70.000000" : 460800,
            "80.000000" : 473088,
            "90.000000" : 501760,
            "95.000000" : 569344,
            "99.000000" : 626688,
            "99.500000" : 651264,
            "99.900000" : 856064,
            "99.950000" : 1761280,
            "99.990000" : 1761280
          },
          "bins" : {
            "411648" : 1,
            "415744" : 21,
            "419840" : 53,
            "423936" : 72,
            "428032" : 64,
            "432128" : 39,
            "436224" : 58,
            "440320" : 98,
            "444416" : 99,
            "448512" : 88,
            "452608" : 43,
            "456704" : 42,
            "460800" : 47,
            "464896" : 40,
            "468992" : 47,
            "473088" : 27,
            "477184" : 19,
            "481280" : 22,
            "485376" : 13,
            "489472" : 5,
            "493568" : 8,
            "497664" : 9,
            "501760" : 8,
            "505856" : 4,
            "509952" : 3,
            "514048" : 4,
            "518144" : 2,
            "522240" : 4,
            "528384" : 5,
            "536576" : 4,
            "544768" : 3,
            "552960" : 2,
            "561152" : 18,
            "569344" : 9,
            "577536" : 3,
            "585728" : 7,
            "593920" : 5,
            "602112" : 5,
            "610304" : 5,
            "618496" : 7,
            "626688" : 1,
            "634880" : 1,
            "643072" : 3,
            "651264" : 1,
            "684032" : 3,
            "856064" : 1,
            "1761280" : 1
          }
        },
        "lat_ns" : {
          "min" : 421433,
          "max" : 1773367,
          "mean" : 474672.510742,
          "stddev" : 61584.171473,
          "N" : 1024
        },
        "bw_min" : 2097152,
        "bw_max" : 2097152,
        "bw_agg" : 97.600000,
        "bw_mean" : 2097152.000000,
        "bw_dev" : 0.000000,
        "bw_samples" : 1,
        "iops_min" : 2048,
        "iops_max" : 2048,
        "iops_mean" : 2048.000000,
        "iops_stddev" : 0.000000,
        "iops_samples" : 1
      },
      "trim" : {
        "io_bytes" : 0,
        "io_kbytes" : 0,
        "bw_bytes" : 0,
        "bw" : 0,
        "iops" : 0.000000,
        "runtime" : 0,
        "total_ios" : 0,
        "short_ios" : 0,
        "drop_ios" : 0,
        "slat_ns" : {
          "min" : 0,
          "max" : 0,
          "mean" : 0.000000,
          "stddev" : 0.000000,
          "N" : 0
        },
        "clat_ns" : {
          "min" : 0,
          "max" : 0,
          "mean" : 0.000000,
          "stddev" : 0.000000,
          "N" : 0
        },
        "lat_ns" : {
          "min" : 0,
          "max" : 0,
          "mean" : 0.000000,
          "stddev" : 0.000000,
          "N" : 0
        },
        "bw_min" : 0,
        "bw_max" : 0,
        "bw_agg" : 0.000000,
        "bw_mean" : 0.000000,
        "bw_dev" : 0.000000,
        "bw_samples" : 0,
        "iops_min" : 0,
        "iops_max" : 0,
        "iops_mean" : 0.000000,
        "iops_stddev" : 0.000000,
        "iops_samples" : 0
      },
      "sync" : {
        "total_ios" : 0,
        "lat_ns" : {
          "min" : 0,
          "max" : 0,
          "mean" : 0.000000,
          "stddev" : 0.000000,
          "N" : 0
        }
      },
      "job_runtime" : 487,
      "usr_cpu" : 2.464066,
      "sys_cpu" : 97.125257,
      "ctx" : 4,
      "majf" : 0,
      "minf" : 8,
      "iodepth_level" : {
        "1" : 100.000000,
        "2" : 0.000000,
        "4" : 0.000000,
        "8" : 0.000000,
        "16" : 0.000000,
        "32" : 0.000000,
        ">=64" : 0.000000
      },
      "iodepth_submit" : {
        "0" : 0.000000,
        "4" : 100.000000,
        "8" : 0.000000,
        "16" : 0.000000,
        "32" : 0.000000,
        "64" : 0.000000,
        ">=64" : 0.000000
      },
      "iodepth_complete" : {
        "0" : 0.000000,
        "4" : 100.000000,
        "8" : 0.000000,
        "16" : 0.000000,
        "32" : 0.000000,
        "64" : 0.000000,
        ">=64" : 0.000000
      },
      "latency_ns" : {
        "2" : 0.000000,
        "4" : 0.000000,
        "10" : 0.000000,
        "20" : 0.000000,
        "50" : 0.000000,
        "100" : 0.000000,
        "250" : 0.000000,
        "500" : 0.000000,
        "750" : 0.000000,
        "1000" : 0.000000
      },
      "latency_us" : {
        "2" : 0.000000,
        "4" : 0.000000,
        "10" : 0.000000,
        "20" : 0.000000,
        "50" : 0.000000,
        "100" : 0.000000,
        "250" : 0.000000,
        "500" : 89.550781,
        "750" : 10.253906,
        "1000" : 0.097656
      },
      "latency_ms" : {
        "2" : 0.097656,
        "4" : 0.000000,
        "10" : 0.000000,
        "20" : 0.000000,
        "50" : 0.000000,
        "100" : 0.000000,
        "250" : 0.000000,
        "500" : 0.000000,
        "750" : 0.000000,
        "1000" : 0.000000,
        "2000" : 0.000000,
        ">=2000" : 0.000000
      },
      "latency_depth" : 1,
      "latency_target" : 0,
      "latency_percentile" : 100.000000,
      "latency_window" : 0
    }
  ]
}
