{
  "fio version" : "fio-3.39-38-gf18c",
  "timestamp" : 1744244966,
  "timestamp_ms" : 1744244966575,
  "time" : "Thu Apr 10 00:29:26 2025",
  "global options" : {
    "kb_base" : "1024",
    "runtime" : "600"
  },
  "jobs" : [
    {
      "jobname" : "filestore-randwrite-1073741824-blk4096-iod1",
      "groupid" : 0,
      "job_start" : 1744244963436,
      "error" : 0,
      "eta" : 0,
      "elapsed" : 4,
      "job options" : {
        "stonewall" : "",
        "rw" : "randwrite",
        "size" : "1073741824",
        "bs" : "4096",
        "iodepth" : "1",
        "filename" : "/filestore/scratch/adam/fsbench/filestore/filestore-randwrite-1073741824-blk4096-iod1.bin"
      },
      "read" : {
        "io_bytes" : 0,
        "io_kbytes" : 0,
        "bw_bytes" : 0,
        "bw" : 0,
        "iops" : 0.000000,
        "runtime" : 0,
        "total_ios" : 0,
        "short_ios" : 0,
        "drop_ios" : 0,
        "slat_ns" : {
          "min" : 0,
          "max" : 0,
          "mean" : 0.000000,
          "stddev" : 0.000000,
          "N" : 0
        },
        "clat_ns" : {
          "min" : 0,
          "max" : 0,
          "mean" : 0.000000,
          "stddev" : 0.000000,
          "N" : 0
        },
        "lat_ns" : {
          "min" : 0,
          "max" : 0,
          "mean" : 0.000000,
          "stddev" : 0.000000,
          "N" : 0
        },
        "bw_min" : 0,
        "bw_max" : 0,
        "bw_agg" : 0.000000,
        "bw_mean" : 0.000000,
        "bw_dev" : 0.000000,
        "bw_samples" : 0,
        "iops_min" : 0,
        "iops_max" : 0,
        "iops_mean" : 0.000000,
        "iops_stddev" : 0.000000,
        "iops_samples" : 0
      },
      "write" : {
        "io_bytes" : 1073741824,
        "io_kbytes" : 1048576,
        "bw_bytes" : 1347229390,
        "bw" : 1315653,
        "iops" : 328913.425345,
        "runtime" : 797,
        "total_ios" : 262144,
        "short_ios" : 0,
        "drop_ios" : 0,
        "slat_ns" : {
          "min" : 0,
          "max" : 0,
          "mean" : 0.000000,
          "stddev" : 0.000000,
          "N" : 0
        },
        "clat_ns" : {
          "min" : 1868,
          "max" : 166133,
          "mean" : 2686.753033,
          "stddev" : 1266.110155,
          "N" : 262144,
          "percentile" : {
            "1.000000" : 1976,
            "5.000000" : 2096,
            "10.000000" : 2160,
            "20.000000" : 2256,
            "30.000000" : 2320,
            "40.000000" : 2384,
            "50.000000" : 2448,
            "60.000000" : 2544,
            "70.000000" : 2672,
            "80.000000" : 2832,
            "90.000000" : 3184,
            "95.000000" : 3568,
            "99.000000" : 8160,
            "99.500000" : 9152,
            "99.900000" : 14144,
            "99.950000" : 17280,
            "99.990000" : 36608
          },
          "bins" : {
            "1864" : 2,
            "1880" : 44,
            "1896" : 172,
            "1912" : 331,
            "1928" : 473,
            "1944" : 379,
            "1960" : 487,
            "1976" : 827,
            "1992" : 1110,
            "2008" : 1376,
            "2024" : 1281,
            "2040" : 1217,
            "2064" : 3512,
            "2096" : 4705,
            "2128" : 5109,
            "2160" : 8026,
            "2192" : 9275,
            "2224" : 10627,
            "2256" : 13217,
            "2288" : 12948,
            "2320" : 13187,
            "2352" : 13079,
            "2384" : 11435,
            "2416" : 11177,
            "2448" : 10035,
            "2480" : 8858,
            "2512" : 8559,
            "2544" : 7543,
            "2576" : 7413,
            "2608" : 7409,
            "2640" : 6930,
            "2672" : 6815,
            "2704" : 6250,
            "2736" : 5607,
            "2768" : 5077,
            "2800" : 4357,
            "2832" : 3713,
            "2864" : 3176,
            "2896" : 2760,
            "2928" : 2533,
            "2960" : 2319,
            "2992" : 2181,
            "3024" : 2031,
            "3056" : 2160,
            "3088" : 2024,
            "3120" : 1926,
            "3152" : 1790,
            "3184" : 1607,
            "3216" : 1566,
            "3248" : 1380,
            "3280" : 1314,
            "3312" : 1074,
            "3344" : 995,
            "3376" : 957,
            "3408" : 897,
            "3440" : 871,
            "3472" : 817,
            "3504" : 755,
            "3536" : 718,
            "3568" : 690,
            "3600" : 623,
            "3632" : 584,
            "3664" : 467,
            "3696" : 403,
            "3728" : 338,
            "3760" : 355,
            "3792" : 290,
            "3824" : 237,
            "3856" : 212,
            "3888" : 223,
            "3920" : 163,
            "3952" : 188,
            "3984" : 113,
            "4016" : 125,
            "4048" : 129,
            "4080" : 100,
            "4128" : 195,
            "4192" : 184,
            "4256" : 178,
            "4320" : 182,
            "4384" : 180,
            "4448" : 155,
            "4512" : 142,
            "4576" : 181,
            "4640" : 125,
            "4704" : 115,
            "4768" : 108,
            "4832" : 77,
            "4896" : 62,
            "4960" : 69,
            "5024" : 57,
            "5088" : 38,
            "5152" : 42,
            "5216" : 48,
            "5280" : 47,
            "5344" : 41,
            "5408" : 64,
            "5472" : 66,
            "5536" : 57,
            "5600" : 80,
            "5664" : 111,
            "5728" : 128,
            "5792" : 129,
            "5856" : 152,
            "5920" : 139,
            "5984" : 156,
            "6048" : 172,
            "6112" : 182,
            "6176" : 155,
            "6240" : 168,
            "6304" : 133,
            "6368" : 107,
            "6432" : 123,
            "6496" : 115,
            "6560" : 91,
            "6624" : 101,
            "6688" : 69,
            "6752" : 65,
            "6816" : 70,
            "6880" : 48,
            "6944" : 53,
            "7008" : 53,
            "7072" : 50,
            "7136" : 43,
            "7200" : 40,
            "7264" : 34,
            "7328" : 26,
            "7392" : 27,
            "7456" : 34,
            "7520" : 39,
            "7584" : 36,
            "7648" : 39,
            "7712" : 43,
            "7776" : 47,
            "7840" : 34,
            "7904" : 62,
            "7968" : 62,
            "8032" : 76,
            "8096" : 85,
            "8160" : 95,
            "8256" : 198,
            "8384" : 222,
            "8512" : 195,
            "8640" : 217,
            "8768" : 168,
            "8896" : 145,
            "9024" : 147,
            "9152" : 103,
            "9280" : 80,
            "9408" : 84,
            "9536" : 71,
            "9664" : 49,
            "9792" : 54,
            "9920" : 43,
            "10048" : 39,
            "10176" : 49,
            "10304" : 27,
            "10432" : 26,
            "10560" : 31,
            "10688" : 29,
            "10816" : 34,
            "10944" : 25,
            "11072" : 17,
            "11200" : 18,
            "11328" : 19,
            "11456" : 21,
            "11584" : 18,
            "11712" : 13,
            "11840" : 15,
            "11968" : 16,
            "12096" : 14,
            "12224" : 11,
            "12352" : 8,
            "12480" : 13,
            "12608" : 12,
            "12736" : 9,
            "12864" : 17,
            "12992" : 7,
            "13120" : 5,
            "13248" : 14,
            "13376" : 10,
            "13504" : 7,
            "13632" : 5,
            "13760" : 9,
            "13888" : 14,
            "14016" : 8,
            "14144" : 9,
            "14272" : 6,
            "14400" : 4,
            "14528" : 10,
            "14656" : 8,
            "14784" : 4,
            "14912" : 8,
            "15040" : 6,
            "15168" : 12,
            "15296" : 6,
            "15424" : 3,