{
  "fio version" : "fio-3.39-38-gf18c",
  "timestamp" : 1744238181,
  "timestamp_ms" : 1744238181440,
  "time" : "Wed Apr  9 22:36:21 2025",
  "global options" : {
    "kb_base" : "1024",
    "runtime" : "600"
  },
  "jobs" : [
    {
      "jobname" : "filestore-write-67108864-blk4096-iod1",
      "groupid" : 0,
      "job_start" : 1744238181050,
      "error" : 0,
      "eta" : 2147483647,
      "elapsed" : 1,
      "job options" : {
        "stonewall" : "",
        "rw" : "write",
        "size" : "67108864",
        "bs" : "4096",
        "iodepth" : "1",
        "filename" : "/filestore/scratch/adam/fsbench/filestore/filestore-write-67108864-blk4096-iod1.bin"
      },
      "read" : {
        "io_bytes" : 0,
        "io_kbytes" : 0,
        "bw_bytes" : 0,
        "bw" : 0,
        "iops" : 0.000000,
        "runtime" : 0,
        "total_ios" : 0,
        "short_ios" : 0,
        "drop_ios" : 0,
        "slat_ns" : {
          "min" : 0,
          "max" : 0,
          "mean" : 0.000000,
          "stddev" : 0.000000,
          "N" : 0
        },
        "clat_ns" : {
          "min" : 0,
          "max" : 0,
          "mean" : 0.000000,
          "stddev" : 0.000000,
          "N" : 0
        },
        "lat_ns" : {
          "min" : 0,
          "max" : 0,
          "mean" : 0.000000,
          "stddev" : 0.000000,
          "N" : 0
        },
        "bw_min" : 0,
        "bw_max" : 0,
        "bw_agg" : 0.000000,
        "bw_mean" : 0.000000,
        "bw_dev" : 0.000000,
        "bw_samples" : 0,
        "iops_min" : 0,
        "iops_max" : 0,
        "iops_mean" : 0.000000,
        "iops_stddev" : 0.000000,
        "iops_samples" : 0
      },
      "write" : {
        "io_bytes" : 67108864,
        "io_kbytes" : 65536,
        "bw_bytes" : 1560671255,
        "bw" : 1524093,
        "iops" : 381023.255814,
        "runtime" : 43,
        "total_ios" : 16384,
        "short_ios" : 0,
        "drop_ios" : 0,
        "slat_ns" : {
          "min" : 0,
          "max" : 0,
          "mean" : 0.000000,
          "stddev" : 0.000000,
          "N" : 0
        },
        "clat_ns" : {
          "min" : 1859,
          "max" : 23678,
          "mean" : 2332.953857,
          "stddev" : 1031.391225,
          "N" : 16384,
          "percentile" : {
            "1.000000" : 1896,
            "5.000000" : 1928,
            "10.000000" : 1976,
            "20.000000" : 2008,
            "30.000000" : 2040,
            "40.000000" : 2064,
            "50.000000" : 2096,
            "60.000000" : 2128,
            "70.000000" : 2192,
            "80.000000" : 2288,
            "90.000000" : 2832,
            "95.000000" : 3024,
            "99.000000" : 8032,
            "99.500000" : 8512,
            "99.900000" : 13248,
            "99.950000" : 15040,
            "99.990000" : 22656
          },
          "bins" : {
            "1864" : 2,
            "1880" : 54,
            "1896" : 184,
            "1912" : 274,
            "1928" : 314,
            "1944" : 340,
            "1960" : 436,
            "1976" : 622,
            "1992" : 701,
            "2008" : 759,
            "2024" : 878,
            "2040" : 940,
            "2064" : 1824,
            "2096" : 1574,
            "2128" : 1436,
            "2160" : 969,
            "2192" : 739,
            "2224" : 500,
            "2256" : 332,
            "2288" : 275,
            "2320" : 193,
            "2352" : 187,
            "2384" : 155,
            "2416" : 124,
            "2448" : 95,
            "2480" : 79,
            "2512" : 64,
            "2544" : 71,
            "2576" : 53,
            "2608" : 58,
            "2640" : 46,
            "2672" : 54,
            "2704" : 67,
            "2736" : 76,
            "2768" : 89,
            "2800" : 125,
            "2832" : 156,
            "2864" : 175,
            "2896" : 156,
            "2928" : 158,
            "2960" : 120,
            "2992" : 86,
            "3024" : 83,
            "3056" : 65,
            "3088" : 50,
            "3120" : 38,
            "3152" : 30,
            "3184" : 18,
            "3216" : 22,
            "3248" : 18,
            "3280" : 14,
            "3312" : 14,
            "3344" : 12,
            "3376" : 7,
            "3408" : 10,
            "3440" : 5,
            "3472" : 10,
            "3504" : 7,
            "3536" : 7,
            "3568" : 10,
            "3600" : 4,
            "3632" : 3,
            "3664" : 3,
            "3696" : 2,
            "3728" : 7,
            "3760" : 6,
            "3792" : 3,
            "3824" : 2,
            "3856" : 2,
            "3888" : 2,
            "3952" : 2,
            "3984" : 1,
            "4016" : 1,
            "4048" : 2,
            "4080" : 2,
            "4128" : 3,
            "4192" : 5,
            "4256" : 4,
            "4320" : 1,
            "4384" : 1,
            "4448" : 3,
            "4512" : 2,
            "4576" : 1,
            "4640" : 1,
            "4704" : 1,
            "4960" : 1,
            "5088" : 2,
            "5280" : 1,
            "5408" : 1,
            "5472" : 1,
            "5536" : 1,
            "5600" : 1,
            "5664" : 2,
            "5728" : 2,
            "5856" : 4,
            "5920" : 3,
            "5984" : 3,
            "6048" : 2,
            "6112" : 3,
            "6240" : 1,
            "6304" : 1,
            "6432" : 2,
            "6560" : 1,
            "6688" : 2,
            "6816" : 1,
            "6944" : 1,
            "7136" : 1,
            "7200" : 3,
            "7264" : 10,
            "7328" : 10,
            "7392" : 13,
            "7456" : 11,
            "7520" : 11,
            "7584" : 18,
            "7648" : 15,
            "7712" : 14,
            "7776" : 16,
            "7840" : 12,
            "7904" : 10,
            "7968" : 12,
            "8032" : 12,
            "8096" : 7,
            "8160" : 17,
            "8256" : 20,
            "8384" : 22,
            "8512" : 15,
            "8640" : 6,
            "8768" : 6,
            "8896" : 5,
            "9024" : 3,
            "9152" : 2,
            "9664" : 4,
            "9792" : 2,
            "9920" : 3,
            "10048" : 1,
            "10176" : 1,
            "10304" : 1,
            "10432" : 1,
            "10688" : 1,
            "10816" : 2,
            "10944" : 2,
            "11200" : 1,
            "11328" : 1,
            "11456" : 3,
            "11712" : 2,
            "11840" : 1,
            "11968" : 5,
            "12096" : 1,
            "12224" : 1,
            "12736" : 1,
            "12864" : 2,
            "13248" : 1,
            "13376" : 1,
            "13632" : 1,
            "13888" : 1,
            "14016" : 1,
            "14144" : 1,
            "14272" : 1,
            "14656" : 1,
            "15040" : 1,
            "16064" : 1,
            "17536" : 1,
            "18304" : 2,
            "21120" : 1,
            "21632" : 1,
            "22656" : 1,
            "23680" : 1
          }
        },
        "lat_ns" : {
          "min" : 1902,
          "max" : 23721,
          "mean" : 2377.314331,
          "stddev" : 1035.477547,
          "N" : 16384
        },
        "bw_min" : 0,
        "bw_max" : 0,
        "bw_agg" : 0.000000,
        "bw_mean" : 0.000000,
        "bw_dev" : 0.000000,
        "bw_samples" : 0,
        "iops_min" : 0,
        "iops_max" : 0,
        "iops_mean" : 0.000000,
        "iops_stddev" : 0.000000,
        "iops_samples" : 0
      },
      "trim" : {
        "io_bytes" : 0,
        "io_kbytes" : 0,
        "bw_bytes" : 0,
        "bw" : 0,
        "iops" : 0.000000,
        "runtime" : 0,
        "total_ios" : 0,
        "short_ios" : 0,
        "drop_ios" : 0,
        "slat_ns" : {
          "min" : 0,
          "max" : 0,
          "mean" : 0.000000,
          "stddev" : 0.000000,
          "N" : 0
        },
        "clat_ns" : {
          "min" : 0,
          "max" : 0,
          "mean" : 0.000000,