{
  "fio version" : "fio-3.39-38-gf18c",
  "timestamp" : 1744334148,
  "timestamp_ms" : 1744334148632,
  "time" : "Fri Apr 11 01:15:48 2025",
  "global options" : {
    "kb_base" : "1024",
    "runtime" : "600"
  },
  "jobs" : [
    {
      "jobname" : "filestore-write-17179869184-blk65536-iod16",
      "groupid" : 0,
      "job_start" : 1744334128124,
      "error" : 0,
      "eta" : 0,
      "elapsed" : 21,
      "job options" : {
        "stonewall" : "",
        "rw" : "write",
        "size" : "17179869184",
        "bs" : "65536",
        "iodepth" : "16",
        "filename" : "/filestore/scratch/adam/fsbench/filestore/filestore-write-17179869184-blk65536-iod16.bin"
      },
      "read" : {
        "io_bytes" : 0,
        "io_kbytes" : 0,
        "bw_bytes" : 0,
        "bw" : 0,
        "iops" : 0.000000,
        "runtime" : 0,
        "total_ios" : 0,
        "short_ios" : 0,
        "drop_ios" : 0,
        "slat_ns" : {
          "min" : 0,
          "max" : 0,
          "mean" : 0.000000,
          "stddev" : 0.000000,
          "N" : 0
        },
        "clat_ns" : {
          "min" : 0,
          "max" : 0,
          "mean" : 0.000000,
          "stddev" : 0.000000,
          "N" : 0
        },
        "lat_ns" : {
          "min" : 0,
          "max" : 0,
          "mean" : 0.000000,
          "stddev" : 0.000000,
          "N" : 0
        },
        "bw_min" : 0,
        "bw_max" : 0,
        "bw_agg" : 0.000000,
        "bw_mean" : 0.000000,
        "bw_dev" : 0.000000,
        "bw_samples" : 0,
        "iops_min" : 0,
        "iops_max" : 0,
        "iops_mean" : 0.000000,
        "iops_stddev" : 0.000000,
        "iops_samples" : 0
      },
      "write" : {
        "io_bytes" : 17179869184,
        "io_kbytes" : 16777216,
        "bw_bytes" : 1025480163,
        "bw" : 1001445,
        "iops" : 15647.585507,
        "runtime" : 16753,
        "total_ios" : 262144,
        "short_ios" : 0,
        "drop_ios" : 0,
        "slat_ns" : {
          "min" : 0,
          "max" : 0,
          "mean" : 0.000000,
          "stddev" : 0.000000,
          "N" : 0
        },
        "clat_ns" : {
          "min" : 20410,
          "max" : 216657018,
          "mean" : 63129.900887,
          "stddev" : 977053.223967,
          "N" : 262144,
          "percentile" : {
            "1.000000" : 24960,
            "5.000000" : 26496,
            "10.000000" : 27264,
            "20.000000" : 28544,
            "30.000000" : 30592,
            "40.000000" : 34560,
            "50.000000" : 37632,
            "60.000000" : 41216,
            "70.000000" : 44800,
            "80.000000" : 53504,
            "90.000000" : 65280,
            "95.000000" : 76288,
            "99.000000" : 112128,
            "99.500000" : 140288,
            "99.900000" : 7307264,
            "99.950000" : 9371648,
            "99.990000" : 22937600
          },
          "bins" : {
            "20352" : 1,
            "21632" : 1,
            "22912" : 5,
            "23168" : 13,
            "23424" : 40,
            "23680" : 98,
            "23936" : 238,
            "24192" : 381,
            "24448" : 627,
            "24704" : 804,
            "24960" : 920,
            "25216" : 1052,
            "25472" : 1250,
            "25728" : 1514,
            "25984" : 1770,
            "26240" : 2303,
            "26496" : 3066,
            "26752" : 3922,
            "27008" : 4410,
            "27264" : 4882,
            "27520" : 5261,
            "27776" : 5447,
            "28032" : 5489,
            "28288" : 5344,
            "28544" : 5137,
            "28800" : 4871,
            "29056" : 4396,
            "29312" : 3996,
            "29568" : 3411,
            "29824" : 2886,
            "30080" : 2424,
            "30336" : 2042,
            "30592" : 1730,
            "30848" : 1570,
            "31104" : 1394,
            "31360" : 1247,
            "31616" : 1261,
            "31872" : 1282,
            "32128" : 1392,
            "32384" : 1480,
            "32640" : 1619,
            "33024" : 3525,
            "33536" : 3864,
            "34048" : 4165,
            "34560" : 4388,
            "35072" : 4352,
            "35584" : 4204,
            "36096" : 4252,
            "36608" : 4218,
            "37120" : 3961,
            "37632" : 3984,
            "38144" : 3839,
            "38656" : 3810,
            "39168" : 3877,
            "39680" : 3872,
            "40192" : 3835,
            "40704" : 3783,
            "41216" : 3489,
            "41728" : 3412,
            "42240" : 3682,
            "42752" : 3965,
            "43264" : 4155,
            "43776" : 3846,
            "44288" : 3354,
            "44800" : 2811,
            "45312" : 2360,
            "45824" : 2027,
            "46336" : 1885,
            "46848" : 1814,
            "47360" : 1749,
            "47872" : 1789,
            "48384" : 1670,
            "48896" : 1559,
            "49408" : 1466,
            "49920" : 1460,
            "50432" : 1356,
            "50944" : 1259,
            "51456" : 1218,
            "51968" : 1169,
            "52480" : 1184,
            "52992" : 1119,
            "53504" : 1155,
            "54016" : 1084,
            "54528" : 1075,
            "55040" : 1035,
            "55552" : 1124,
            "56064" : 1046,
            "56576" : 1142,
            "57088" : 1166,
            "57600" : 1256,
            "58112" : 1261,
            "58624" : 1387,
            "59136" : 1301,
            "59648" : 1364,
            "60160" : 1211,
            "60672" : 1210,
            "61184" : 1235,
            "61696" : 1199,
            "62208" : 1153,
            "62720" : 1120,
            "63232" : 1023,
            "63744" : 969,
            "64256" : 989,
            "64768" : 965,
            "65280" : 925,
            "66048" : 1707,
            "67072" : 1551,
            "68096" : 1436,
            "69120" : 1350,
            "70144" : 1203,
            "71168" : 1128,
            "72192" : 1069,
            "73216" : 1022,
            "74240" : 940,
            "75264" : 887,
            "76288" : 767,
            "77312" : 688,
            "78336" : 702,
            "79360" : 612,
            "80384" : 588,
            "81408" : 587,
            "82432" : 476,
            "83456" : 489,
            "84480" : 426,
            "85504" : 420,
            "86528" : 419,
            "87552" : 378,
            "88576" : 337,
            "89600" : 322,
            "90624" : 314,
            "91648" : 295,
            "92672" : 300,
            "93696" : 258,
            "94720" : 251,
            "95744" : 247,
            "96768" : 235,
            "97792" : 207,
            "98816" : 188,
            "99840" : 226,
            "100864" : 186,
            "101888" : 152,
            "102912" : 160,
            "103936" : 126,
            "104960" : 138,
            "105984" : 106,
            "107008" : 118,
            "108032" : 95,
            "109056" : 101,
            "110080" : 82,
            "111104" : 93,
            "112128" : 75,
            "113152" : 71,
            "114176" : 98,
            "115200" : 62,
            "116224" : 55,
            "117248" : 69,
            "118272" : 65,
            "119296" : 58,
            "120320" : 52,
            "121344" : 46,
            "122368" : 53,
            "123392" : 36,
            "124416" : 63,
            "125440" : 42,
            "126464" : 50,
            "127488" : 50,
            "128512" : 39,
            "129536" : 41,
            "130560" : 35,
            "132096" : 79,
            "134144" : 77,
            "136192" : 48,
            "138240" : 59,
            "140288" : 37,
            "142336" : 39,
            "144384" : 47,
            "146432" : 34,
            "148480" : 35,
            "150528" : 35,
            "152576" : 28,
            "154624" : 45,
            "156672" : 36,
            "158720" : 27,
            "160768" : 31,