{
  "fio version" : "fio-3.39-38-gf18c",
  "timestamp" : 1744242937,
  "timestamp_ms" : 1744242937742,
  "time" : "Wed Apr  9 23:55:37 2025",
  "global options" : {
    "kb_base" : "1024",
    "runtime" : "600"
  },
  "jobs" : [
    {
      "jobname" : "filestore-randwrite-67108864-blk4096-iod4",
      "groupid" : 0,
      "job_start" : 1744242937353,
      "error" : 0,
      "eta" : 2147483647,
      "elapsed" : 1,
      "job options" : {
        "stonewall" : "",
        "rw" : "randwrite",
        "size" : "67108864",
        "bs" : "4096",
        "iodepth" : "4",
        "filename" : "/filestore/scratch/adam/fsbench/filestore/filestore-randwrite-67108864-blk4096-iod4.bin"
      },
      "read" : {
        "io_bytes" : 0,
        "io_kbytes" : 0,
        "bw_bytes" : 0,
        "bw" : 0,
        "iops" : 0.000000,
        "runtime" : 0,
        "total_ios" : 0,
        "short_ios" : 0,
        "drop_ios" : 0,
        "slat_ns" : {
          "min" : 0,
          "max" : 0,
          "mean" : 0.000000,
          "stddev" : 0.000000,
          "N" : 0
        },
        "clat_ns" : {
          "min" : 0,
          "max" : 0,
          "mean" : 0.000000,
          "stddev" : 0.000000,
          "N" : 0
        },
        "lat_ns" : {
          "min" : 0,
          "max" : 0,
          "mean" : 0.000000,
          "stddev" : 0.000000,
          "N" : 0
        },
        "bw_min" : 0,
        "bw_max" : 0,
        "bw_agg" : 0.000000,
        "bw_mean" : 0.000000,
        "bw_dev" : 0.000000,
        "bw_samples" : 0,
        "iops_min" : 0,
        "iops_max" : 0,
        "iops_mean" : 0.000000,
        "iops_stddev" : 0.000000,
        "iops_samples" : 0
      },
      "write" : {
        "io_bytes" : 67108864,
        "io_kbytes" : 65536,
        "bw_bytes" : 1458888347,
        "bw" : 1424695,
        "iops" : 356173.913043,
        "runtime" : 46,
        "total_ios" : 16384,
        "short_ios" : 0,
        "drop_ios" : 0,
        "slat_ns" : {
          "min" : 0,
          "max" : 0,
          "mean" : 0.000000,
          "stddev" : 0.000000,
          "N" : 0
        },
        "clat_ns" : {
          "min" : 1870,
          "max" : 46396,
          "mean" : 2421.860168,
          "stddev" : 1230.566686,
          "N" : 16384,
          "percentile" : {
            "1.000000" : 1912,
            "5.000000" : 1976,
            "10.000000" : 2008,
            "20.000000" : 2064,
            "30.000000" : 2096,
            "40.000000" : 2128,
            "50.000000" : 2160,
            "60.000000" : 2224,
            "70.000000" : 2288,
            "80.000000" : 2416,
            "90.000000" : 2928,
            "95.000000" : 3152,
            "99.000000" : 8160,
            "99.500000" : 8768,
            "99.900000" : 15168,
            "99.950000" : 20096,
            "99.990000" : 44800
          },
          "bins" : {
            "1864" : 3,
            "1880" : 13,
            "1896" : 56,
            "1912" : 123,
            "1928" : 148,
            "1944" : 137,
            "1960" : 172,
            "1976" : 280,
            "1992" : 472,
            "2008" : 544,
            "2024" : 509,
            "2040" : 486,
            "2064" : 1357,
            "2096" : 1489,
            "2128" : 1307,
            "2160" : 1421,
            "2192" : 1105,
            "2224" : 947,
            "2256" : 799,
            "2288" : 544,
            "2320" : 450,
            "2352" : 341,
            "2384" : 260,
            "2416" : 227,
            "2448" : 183,
            "2480" : 148,
            "2512" : 127,
            "2544" : 103,
            "2576" : 85,
            "2608" : 79,
            "2640" : 63,
            "2672" : 40,
            "2704" : 40,
            "2736" : 52,
            "2768" : 71,
            "2800" : 89,
            "2832" : 111,
            "2864" : 137,
            "2896" : 160,
            "2928" : 154,
            "2960" : 136,
            "2992" : 153,
            "3024" : 116,
            "3056" : 108,
            "3088" : 99,
            "3120" : 87,
            "3152" : 64,
            "3184" : 47,
            "3216" : 49,
            "3248" : 42,
            "3280" : 25,
            "3312" : 28,
            "3344" : 19,
            "3376" : 23,
            "3408" : 16,
            "3440" : 19,
            "3472" : 14,
            "3504" : 12,
            "3536" : 12,
            "3568" : 11,
            "3600" : 9,
            "3632" : 11,
            "3664" : 7,
            "3696" : 5,
            "3728" : 4,
            "3760" : 5,
            "3792" : 3,
            "3824" : 11,
            "3856" : 4,
            "3888" : 2,
            "3920" : 10,
            "3952" : 2,
            "3984" : 2,
            "4016" : 5,
            "4048" : 2,
            "4080" : 1,
            "4128" : 5,
            "4192" : 2,
            "4256" : 8,
            "4320" : 5,
            "4384" : 3,
            "4448" : 4,
            "4512" : 1,
            "4576" : 3,
            "4640" : 2,
            "4704" : 1,
            "4768" : 3,
            "5216" : 1,
            "5280" : 1,
            "5472" : 2,
            "5536" : 2,
            "5664" : 2,
            "5728" : 1,
            "5792" : 3,
            "5920" : 1,
            "6048" : 1,
            "6176" : 2,
            "6240" : 2,
            "6304" : 3,
            "6368" : 1,
            "6432" : 1,
            "6560" : 3,
            "6624" : 1,
            "6752" : 1,
            "6816" : 1,
            "7072" : 1,
            "7136" : 2,
            "7200" : 2,
            "7264" : 6,
            "7328" : 2,
            "7392" : 3,
            "7456" : 10,
            "7520" : 7,
            "7584" : 5,
            "7648" : 7,
            "7712" : 13,
            "7776" : 15,
            "7840" : 12,
            "7904" : 14,
            "7968" : 15,
            "8032" : 23,
            "8096" : 16,
            "8160" : 13,
            "8256" : 20,
            "8384" : 21,
            "8512" : 20,
            "8640" : 11,
            "8768" : 6,
            "8896" : 4,
            "9024" : 7,
            "9152" : 5,
            "9280" : 2,
            "9408" : 3,
            "9536" : 2,
            "9664" : 3,
            "9920" : 4,
            "10048" : 5,
            "10176" : 3,
            "10304" : 2,
            "10432" : 2,
            "10560" : 2,
            "10688" : 1,
            "10816" : 2,
            "11072" : 1,
            "11712" : 2,
            "11840" : 2,
            "11968" : 1,
            "12224" : 1,
            "12480" : 1,
            "12992" : 1,
            "13504" : 2,
            "13888" : 1,
            "14016" : 1,
            "14656" : 2,
            "15168" : 2,
            "17024" : 3,
            "17280" : 1,
            "17536" : 1,
            "19328" : 1,
            "20096" : 1,
            "21376" : 1,
            "21888" : 1,
            "25984" : 1,
            "33536" : 1,
            "36608" : 1,
            "37120" : 1,
            "44800" : 1,
            "46336" : 1
          }
        },
        "lat_ns" : {
          "min" : 1919,
          "max" : 46456,
          "mean" : 2471.608459,
          "stddev" : 1235.162865,
          "N" : 16384
        },
        "bw_min" : 0,
        "bw_max" : 0,
        "bw_agg" : 0.000000,
        "bw_mean" : 0.000000,
        "bw_dev" : 0.000000,
        "bw_samples" : 0,
        "iops_min" : 0,
        "iops_max" : 0,
        "iops_mean" : 0.000000,
        "iops_stddev" : 0.000000,
        "iops_samples" : 0
      },
      "trim" : {
        "io_bytes" : 0,
        "io_kbytes" : 0,
        "bw_bytes" : 0,
        "bw" : 0,
        "iops" : 0.000000,
        "runtime" : 0,
        "total_ios" : 0,
        "short_ios" : 0,
        "drop_ios" : 0,
        "slat_ns" : {
          "min" : 0,
          "max" : 0,
          "mean" : 0.000000,
          "stddev" : 0.000000,
          "N" : 0
        },
        "clat_ns" : {
          "min" : 0,