{
  "fio version" : "fio-3.39-38-gf18c",
  "timestamp" : 1744238359,
  "timestamp_ms" : 1744238359297,
  "time" : "Wed Apr  9 22:39:19 2025",
  "global options" : {
    "kb_base" : "1024",
    "runtime" : "600"
  },
  "jobs" : [
    {
      "jobname" : "filestore-write-1073741824-blk4096-iod16",
      "groupid" : 0,
      "job_start" : 1744238356408,
      "error" : 0,
      "eta" : 0,
      "elapsed" : 3,
      "job options" : {
        "stonewall" : "",
        "rw" : "write",
        "size" : "1073741824",
        "bs" : "4096",
        "iodepth" : "16",
        "filename" : "/filestore/scratch/adam/fsbench/filestore/filestore-write-1073741824-blk4096-iod16.bin"
      },
      "read" : {
        "io_bytes" : 0,
        "io_kbytes" : 0,
        "bw_bytes" : 0,
        "bw" : 0,
        "iops" : 0.000000,
        "runtime" : 0,
        "total_ios" : 0,
        "short_ios" : 0,
        "drop_ios" : 0,
        "slat_ns" : {
          "min" : 0,
          "max" : 0,
          "mean" : 0.000000,
          "stddev" : 0.000000,
          "N" : 0
        },
        "clat_ns" : {
          "min" : 0,
          "max" : 0,
          "mean" : 0.000000,
          "stddev" : 0.000000,
          "N" : 0
        },
        "lat_ns" : {
          "min" : 0,
          "max" : 0,
          "mean" : 0.000000,
          "stddev" : 0.000000,
          "N" : 0
        },
        "bw_min" : 0,
        "bw_max" : 0,
        "bw_agg" : 0.000000,
        "bw_mean" : 0.000000,
        "bw_dev" : 0.000000,
        "bw_samples" : 0,
        "iops_min" : 0,
        "iops_max" : 0,
        "iops_mean" : 0.000000,
        "iops_stddev" : 0.000000,
        "iops_samples" : 0
      },
      "write" : {
        "io_bytes" : 1073741824,
        "io_kbytes" : 1048576,
        "bw_bytes" : 1514445449,
        "bw" : 1478950,
        "iops" : 369737.658674,
        "runtime" : 709,
        "total_ios" : 262144,
        "short_ios" : 0,
        "drop_ios" : 0,
        "slat_ns" : {
          "min" : 0,
          "max" : 0,
          "mean" : 0.000000,
          "stddev" : 0.000000,
          "N" : 0
        },
        "clat_ns" : {
          "min" : 1855,
          "max" : 334414,
          "mean" : 2445.113316,
          "stddev" : 1385.122413,
          "N" : 262144,
          "percentile" : {
            "1.000000" : 1928,
            "5.000000" : 1960,
            "10.000000" : 2008,
            "20.000000" : 2064,
            "30.000000" : 2128,
            "40.000000" : 2160,
            "50.000000" : 2224,
            "60.000000" : 2288,
            "70.000000" : 2384,
            "80.000000" : 2480,
            "90.000000" : 2928,
            "95.000000" : 3248,
            "99.000000" : 7584,
            "99.500000" : 8640,
            "99.900000" : 12864,
            "99.950000" : 15424,
            "99.990000" : 36608
          },
          "bins" : {
            "1848" : 2,
            "1864" : 3,
            "1880" : 7,
            "1896" : 168,
            "1912" : 1386,
            "1928" : 4355,
            "1944" : 5471,
            "1960" : 4205,
            "1976" : 4111,
            "1992" : 6473,
            "2008" : 8424,
            "2024" : 7913,
            "2040" : 6706,
            "2064" : 12039,
            "2096" : 16333,
            "2128" : 13975,
            "2160" : 15165,
            "2192" : 15449,
            "2224" : 13521,
            "2256" : 13076,
            "2288" : 12359,
            "2320" : 11361,
            "2352" : 10266,
            "2384" : 8895,
            "2416" : 7343,
            "2448" : 6161,
            "2480" : 4986,
            "2512" : 3853,
            "2544" : 3174,
            "2576" : 2518,
            "2608" : 1986,
            "2640" : 1591,
            "2672" : 1357,
            "2704" : 1192,
            "2736" : 1324,
            "2768" : 1409,
            "2800" : 1527,
            "2832" : 1708,
            "2864" : 1577,
            "2896" : 1644,
            "2928" : 1799,
            "2960" : 1627,
            "2992" : 1572,
            "3024" : 1444,
            "3056" : 1362,
            "3088" : 1293,
            "3120" : 1219,
            "3152" : 1142,
            "3184" : 1083,
            "3216" : 996,
            "3248" : 863,
            "3280" : 748,
            "3312" : 645,
            "3344" : 564,
            "3376" : 474,
            "3408" : 393,
            "3440" : 347,
            "3472" : 289,
            "3504" : 235,
            "3536" : 189,
            "3568" : 178,
            "3600" : 158,
            "3632" : 125,
            "3664" : 137,
            "3696" : 116,
            "3728" : 100,
            "3760" : 68,
            "3792" : 85,
            "3824" : 74,
            "3856" : 60,
            "3888" : 70,
            "3920" : 81,
            "3952" : 70,
            "3984" : 69,
            "4016" : 66,
            "4048" : 75,
            "4080" : 64,
            "4128" : 149,
            "4192" : 144,
            "4256" : 163,
            "4320" : 160,
            "4384" : 106,
            "4448" : 81,
            "4512" : 84,
            "4576" : 68,
            "4640" : 54,
            "4704" : 35,
            "4768" : 43,
            "4832" : 27,
            "4896" : 25,
            "4960" : 25,
            "5024" : 17,
            "5088" : 26,
            "5152" : 16,
            "5216" : 35,
            "5280" : 46,
            "5344" : 36,
            "5408" : 69,
            "5472" : 75,
            "5536" : 82,
            "5600" : 119,
            "5664" : 134,
            "5728" : 138,
            "5792" : 137,
            "5856" : 156,
            "5920" : 139,
            "5984" : 163,
            "6048" : 162,
            "6112" : 130,
            "6176" : 127,
            "6240" : 146,
            "6304" : 130,
            "6368" : 99,
            "6432" : 93,
            "6496" : 129,
            "6560" : 113,
            "6624" : 94,
            "6688" : 104,
            "6752" : 84,
            "6816" : 67,
            "6880" : 83,
            "6944" : 62,
            "7008" : 41,
            "7072" : 47,
            "7136" : 50,
            "7200" : 42,
            "7264" : 43,
            "7328" : 49,
            "7392" : 57,
            "7456" : 41,
            "7520" : 46,
            "7584" : 69,
            "7648" : 64,
            "7712" : 67,
            "7776" : 72,
            "7840" : 95,
            "7904" : 104,
            "7968" : 95,
            "8032" : 95,
            "8096" : 92,
            "8160" : 83,
            "8256" : 155,
            "8384" : 145,
            "8512" : 157,
            "8640" : 136,
            "8768" : 112,
            "8896" : 99,
            "9024" : 102,
            "9152" : 75,
            "9280" : 69,
            "9408" : 63,
            "9536" : 44,
            "9664" : 40,
            "9792" : 48,
            "9920" : 26,
            "10048" : 32,
            "10176" : 16,
            "10304" : 25,
            "10432" : 16,
            "10560" : 18,
            "10688" : 16,
            "10816" : 14,
            "10944" : 16,
            "11072" : 16,
            "11200" : 9,
            "11328" : 13,
            "11456" : 9,
            "11584" : 9,
            "11712" : 9,
            "11840" : 10,
            "11968" : 9,
            "12096" : 8,
            "12224" : 8,
            "12352" : 11,
            "12480" : 10,
            "12608" : 8,
            "12736" : 7,
            "12864" : 11,
            "12992" : 3,
            "13120" : 7,
            "13248" : 3,
            "13376" : 12,
            "13504" : 8,
            "13632" : 13,
            "13760" : 5,
            "13888" : 7,
            "14016" : 5,
            "14144" : 6,
            "14272" : 5,
            "14400" : 10,
            "14528" : 6,
            "14656" : 3,
            "14784" : 6,
            "14912" : 6,
            "15040" : 3,
            "15168" : 6,
            "15296" : 5,
            "15424" : 4,