{
  "fio version" : "fio-3.39-38-gf18c",
  "timestamp" : 1744242799,
  "timestamp_ms" : 1744242799378,
  "time" : "Wed Apr  9 23:53:19 2025",
  "global options" : {
    "kb_base" : "1024",
    "runtime" : "600"
  },
  "jobs" : [
    {
      "jobname" : "filestore-randwrite-4194304-blk256-iod1",
      "groupid" : 0,
      "job_start" : 1744242798988,
      "error" : 0,
      "eta" : 2147483647,
      "elapsed" : 1,
      "job options" : {
        "stonewall" : "",
        "rw" : "randwrite",
        "size" : "4194304",
        "bs" : "256",
        "iodepth" : "1",
        "filename" : "/filestore/scratch/adam/fsbench/filestore/filestore-randwrite-4194304-blk256-iod1.bin"
      },
      "read" : {
        "io_bytes" : 0,
        "io_kbytes" : 0,
        "bw_bytes" : 0,
        "bw" : 0,
        "iops" : 0.000000,
        "runtime" : 0,
        "total_ios" : 0,
        "short_ios" : 0,
        "drop_ios" : 0,
        "slat_ns" : {
          "min" : 0,
          "max" : 0,
          "mean" : 0.000000,
          "stddev" : 0.000000,
          "N" : 0
        },
        "clat_ns" : {
          "min" : 0,
          "max" : 0,
          "mean" : 0.000000,
          "stddev" : 0.000000,
          "N" : 0
        },
        "lat_ns" : {
          "min" : 0,
          "max" : 0,
          "mean" : 0.000000,
          "stddev" : 0.000000,
          "N" : 0
        },
        "bw_min" : 0,
        "bw_max" : 0,
        "bw_agg" : 0.000000,
        "bw_mean" : 0.000000,
        "bw_dev" : 0.000000,
        "bw_samples" : 0,
        "iops_min" : 0,
        "iops_max" : 0,
        "iops_mean" : 0.000000,
        "iops_stddev" : 0.000000,
        "iops_samples" : 0
      },
      "write" : {
        "io_bytes" : 4194304,
        "io_kbytes" : 4096,
        "bw_bytes" : 19691568,
        "bw" : 19230,
        "iops" : 76920.187793,
        "runtime" : 213,
        "total_ios" : 16384,
        "short_ios" : 0,
        "drop_ios" : 0,
        "slat_ns" : {
          "min" : 0,
          "max" : 0,
          "mean" : 0.000000,
          "stddev" : 0.000000,
          "N" : 0
        },
        "clat_ns" : {
          "min" : 855,
          "max" : 1457231,
          "mean" : 12598.556030,
          "stddev" : 46865.147310,
          "N" : 16384,
          "percentile" : {
            "1.000000" : 948,
            "5.000000" : 972,
            "10.000000" : 988,
            "20.000000" : 1012,
            "30.000000" : 1032,
            "40.000000" : 1064,
            "50.000000" : 1096,
            "60.000000" : 1208,
            "70.000000" : 1336,
            "80.000000" : 1464,
            "90.000000" : 1864,
            "95.000000" : 142336,
            "99.000000" : 230400,
            "99.500000" : 261120,
            "99.900000" : 325632,
            "99.950000" : 346112,
            "99.990000" : 544768
          },
          "bins" : {
            "852" : 1,
            "860" : 1,
            "876" : 1,
            "884" : 1,
            "892" : 2,
            "900" : 1,
            "916" : 2,
            "924" : 1,
            "932" : 7,
            "940" : 38,
            "948" : 111,
            "956" : 157,
            "964" : 304,
            "972" : 410,
            "980" : 475,
            "988" : 503,
            "996" : 492,
            "1004" : 504,
            "1012" : 559,
            "1020" : 621,
            "1032" : 1270,
            "1048" : 1013,
            "1064" : 702,
            "1080" : 601,
            "1096" : 434,
            "1112" : 349,
            "1128" : 308,
            "1144" : 236,
            "1160" : 192,
            "1176" : 203,
            "1192" : 188,
            "1208" : 176,
            "1224" : 181,
            "1240" : 217,
            "1256" : 180,
            "1272" : 225,
            "1288" : 197,
            "1304" : 229,
            "1320" : 261,
            "1336" : 237,
            "1352" : 223,
            "1368" : 258,
            "1384" : 237,
            "1400" : 199,
            "1416" : 230,
            "1432" : 182,
            "1448" : 180,
            "1464" : 135,
            "1480" : 160,
            "1496" : 137,
            "1512" : 114,
            "1528" : 99,
            "1544" : 88,
            "1560" : 89,
            "1576" : 85,
            "1592" : 80,
            "1608" : 61,
            "1624" : 53,
            "1640" : 58,
            "1656" : 58,
            "1672" : 48,
            "1688" : 50,
            "1704" : 44,
            "1720" : 49,
            "1736" : 40,
            "1752" : 33,
            "1768" : 33,
            "1784" : 31,
            "1800" : 31,
            "1816" : 15,
            "1832" : 30,
            "1848" : 20,
            "1864" : 17,
            "1880" : 21,
            "1896" : 23,
            "1912" : 19,
            "1928" : 20,
            "1944" : 20,
            "1960" : 17,
            "1976" : 11,
            "1992" : 19,
            "2008" : 9,
            "2024" : 16,
            "2040" : 11,
            "2064" : 26,
            "2096" : 19,
            "2128" : 19,
            "2160" : 11,
            "2192" : 13,
            "2224" : 13,
            "2256" : 8,
            "2288" : 14,
            "2320" : 7,
            "2352" : 6,
            "2384" : 6,
            "2416" : 8,
            "2448" : 7,
            "2480" : 6,
            "2512" : 11,
            "2544" : 6,
            "2576" : 14,
            "2608" : 4,
            "2640" : 5,
            "2672" : 3,
            "2704" : 10,
            "2736" : 3,
            "2768" : 8,
            "2800" : 7,
            "2832" : 6,
            "2864" : 4,
            "2896" : 12,
            "2928" : 5,
            "2960" : 2,
            "2992" : 6,
            "3024" : 2,
            "3056" : 3,
            "3088" : 3,
            "3120" : 7,
            "3152" : 8,
            "3184" : 3,
            "3216" : 3,
            "3248" : 4,
            "3280" : 4,
            "3312" : 1,
            "3376" : 2,
            "3440" : 1,
            "3472" : 2,
            "3504" : 1,
            "3536" : 4,
            "3632" : 1,
            "3696" : 4,
            "3728" : 1,
            "3760" : 1,
            "3792" : 1,
            "3824" : 1,
            "3856" : 1,
            "3888" : 2,
            "3952" : 1,
            "3984" : 2,
            "4048" : 2,
            "4080" : 3,
            "4128" : 1,
            "4192" : 1,
            "4256" : 4,
            "4320" : 2,
            "4384" : 3,
            "4448" : 3,
            "4512" : 3,
            "4576" : 3,
            "4640" : 1,
            "4704" : 4,
            "4768" : 2,
            "4832" : 1,
            "4896" : 1,
            "5088" : 4,
            "5152" : 2,
            "5216" : 2,
            "5280" : 1,
            "5408" : 2,
            "5664" : 1,
            "5728" : 1,
            "5792" : 2,
            "5856" : 1,
            "6048" : 1,
            "6176" : 2,
            "6240" : 1,
            "6368" : 2,
            "6496" : 1,
            "6752" : 1,
            "6944" : 1,
            "7072" : 1,
            "7520" : 1,
            "7648" : 1,
            "7776" : 1,
            "7904" : 2,
            "8256" : 1,
            "8384" : 1,
            "8512" : 3,
            "8640" : 1,
            "8896" : 1,
            "9152" : 1,
            "10176" : 1,
            "10432" : 1,
            "10560" : 1,
            "10688" : 1,
            "10944" : 1,
            "11328" : 1,
            "11840" : 1,
            "12096" : 1,
            "12224" : 1,
            "14016" : 1,
            "16512" : 1,
            "18816" : 1,
            "19328" : 1,
            "26240" : 1,
            "26496" : 1,
            "32384" : 1,
            "56576" : 1,
            "89600" : 1,
            "113152" : 1,
            "114176" : 1,
            "116224" : 4,
            "118272" : 3,
            "119296" : 4,
            "120320" : 4,
            "121344" : 5,
            "122368" : 7,