{
  "fio version" : "fio-3.39-38-gf18c",
  "timestamp" : 1744238338,
  "timestamp_ms" : 1744238338404,
  "time" : "Wed Apr  9 22:38:58 2025",
  "global options" : {
    "kb_base" : "1024",
    "runtime" : "600"
  },
  "jobs" : [
    {
      "jobname" : "filestore-write-1073741824-blk4096-iod4",
      "groupid" : 0,
      "job_start" : 1744238335515,
      "error" : 0,
      "eta" : 0,
      "elapsed" : 3,
      "job options" : {
        "stonewall" : "",
        "rw" : "write",
        "size" : "1073741824",
        "bs" : "4096",
        "iodepth" : "4",
        "filename" : "/filestore/scratch/adam/fsbench/filestore/filestore-write-1073741824-blk4096-iod4.bin"
      },
      "read" : {
        "io_bytes" : 0,
        "io_kbytes" : 0,
        "bw_bytes" : 0,
        "bw" : 0,
        "iops" : 0.000000,
        "runtime" : 0,
        "total_ios" : 0,
        "short_ios" : 0,
        "drop_ios" : 0,
        "slat_ns" : {
          "min" : 0,
          "max" : 0,
          "mean" : 0.000000,
          "stddev" : 0.000000,
          "N" : 0
        },
        "clat_ns" : {
          "min" : 0,
          "max" : 0,
          "mean" : 0.000000,
          "stddev" : 0.000000,
          "N" : 0
        },
        "lat_ns" : {
          "min" : 0,
          "max" : 0,
          "mean" : 0.000000,
          "stddev" : 0.000000,
          "N" : 0
        },
        "bw_min" : 0,
        "bw_max" : 0,
        "bw_agg" : 0.000000,
        "bw_mean" : 0.000000,
        "bw_dev" : 0.000000,
        "bw_samples" : 0,
        "iops_min" : 0,
        "iops_max" : 0,
        "iops_mean" : 0.000000,
        "iops_stddev" : 0.000000,
        "iops_samples" : 0
      },
      "write" : {
        "io_bytes" : 1073741824,
        "io_kbytes" : 1048576,
        "bw_bytes" : 1567506312,
        "bw" : 1530767,
        "iops" : 382691.970803,
        "runtime" : 685,
        "total_ios" : 262144,
        "short_ios" : 0,
        "drop_ios" : 0,
        "slat_ns" : {
          "min" : 0,
          "max" : 0,
          "mean" : 0.000000,
          "stddev" : 0.000000,
          "N" : 0
        },
        "clat_ns" : {
          "min" : 1845,
          "max" : 115208,
          "mean" : 2362.659763,
          "stddev" : 1008.766024,
          "N" : 262144,
          "percentile" : {
            "1.000000" : 1896,
            "5.000000" : 1928,
            "10.000000" : 1960,
            "20.000000" : 2008,
            "30.000000" : 2064,
            "40.000000" : 2096,
            "50.000000" : 2160,
            "60.000000" : 2192,
            "70.000000" : 2288,
            "80.000000" : 2448,
            "90.000000" : 2864,
            "95.000000" : 3152,
            "99.000000" : 7200,
            "99.500000" : 8256,
            "99.900000" : 12096,
            "99.950000" : 14400,
            "99.990000" : 21120
          },
          "bins" : {
            "1848" : 16,
            "1864" : 214,
            "1880" : 1418,
            "1896" : 3653,
            "1912" : 5737,
            "1928" : 7090,
            "1944" : 7586,
            "1960" : 8192,
            "1976" : 8634,
            "1992" : 8672,
            "2008" : 9025,
            "2024" : 8135,
            "2040" : 8089,
            "2064" : 17985,
            "2096" : 19564,
            "2128" : 17000,
            "2160" : 15350,
            "2192" : 12086,
            "2224" : 10040,
            "2256" : 9207,
            "2288" : 7809,
            "2320" : 7189,
            "2352" : 6466,
            "2384" : 5669,
            "2416" : 4830,
            "2448" : 3947,
            "2480" : 3215,
            "2512" : 2514,
            "2544" : 2050,
            "2576" : 1576,
            "2608" : 1324,
            "2640" : 1086,
            "2672" : 914,
            "2704" : 989,
            "2736" : 1445,
            "2768" : 1718,
            "2800" : 1925,
            "2832" : 1932,
            "2864" : 1824,
            "2896" : 2048,
            "2928" : 2055,
            "2960" : 1880,
            "2992" : 1762,
            "3024" : 1442,
            "3056" : 1210,
            "3088" : 1037,
            "3120" : 945,
            "3152" : 886,
            "3184" : 769,
            "3216" : 754,
            "3248" : 678,
            "3280" : 527,
            "3312" : 475,
            "3344" : 425,
            "3376" : 386,
            "3408" : 257,
            "3440" : 241,
            "3472" : 240,
            "3504" : 220,
            "3536" : 147,
            "3568" : 132,
            "3600" : 144,
            "3632" : 119,
            "3664" : 120,
            "3696" : 95,
            "3728" : 79,
            "3760" : 81,
            "3792" : 55,
            "3824" : 65,
            "3856" : 68,
            "3888" : 58,
            "3920" : 51,
            "3952" : 46,
            "3984" : 45,
            "4016" : 49,
            "4048" : 39,
            "4080" : 39,
            "4128" : 91,
            "4192" : 90,
            "4256" : 74,
            "4320" : 70,
            "4384" : 71,
            "4448" : 46,
            "4512" : 49,
            "4576" : 41,
            "4640" : 36,
            "4704" : 29,
            "4768" : 27,
            "4832" : 14,
            "4896" : 12,
            "4960" : 15,
            "5024" : 27,
            "5088" : 32,
            "5152" : 42,
            "5216" : 70,
            "5280" : 91,
            "5344" : 104,
            "5408" : 126,
            "5472" : 147,
            "5536" : 197,
            "5600" : 154,
            "5664" : 192,
            "5728" : 151,
            "5792" : 195,
            "5856" : 168,
            "5920" : 149,
            "5984" : 159,
            "6048" : 136,
            "6112" : 131,
            "6176" : 94,
            "6240" : 99,
            "6304" : 101,
            "6368" : 63,
            "6432" : 62,
            "6496" : 58,
            "6560" : 60,
            "6624" : 47,
            "6688" : 32,
            "6752" : 29,
            "6816" : 33,
            "6880" : 26,
            "6944" : 23,
            "7008" : 17,
            "7072" : 13,
            "7136" : 28,
            "7200" : 29,
            "7264" : 32,
            "7328" : 26,
            "7392" : 39,
            "7456" : 46,
            "7520" : 68,
            "7584" : 71,
            "7648" : 74,
            "7712" : 86,
            "7776" : 94,
            "7840" : 114,
            "7904" : 108,
            "7968" : 100,
            "8032" : 94,
            "8096" : 101,
            "8160" : 99,
            "8256" : 190,
            "8384" : 152,
            "8512" : 141,
            "8640" : 92,
            "8768" : 113,
            "8896" : 73,
            "9024" : 53,
            "9152" : 45,
            "9280" : 29,
            "9408" : 23,
            "9536" : 34,
            "9664" : 22,
            "9792" : 15,
            "9920" : 14,
            "10048" : 14,
            "10176" : 17,
            "10304" : 15,
            "10432" : 12,
            "10560" : 15,
            "10688" : 10,
            "10816" : 11,
            "10944" : 7,
            "11072" : 13,
            "11200" : 7,
            "11328" : 7,
            "11456" : 17,
            "11584" : 7,
            "11712" : 17,
            "11840" : 10,
            "11968" : 15,
            "12096" : 9,
            "12224" : 14,
            "12352" : 7,
            "12480" : 12,
            "12608" : 8,
            "12736" : 7,
            "12864" : 8,
            "12992" : 6,
            "13120" : 6,
            "13248" : 7,
            "13376" : 5,
            "13504" : 10,
            "13632" : 9,
            "13760" : 3,
            "13888" : 2,
            "14016" : 7,
            "14144" : 1,
            "14272" : 10,
            "14400" : 7,
            "14528" : 4,
            "14656" : 5,
            "14784" : 3,
            "14912" : 5,
            "15040" : 4,
            "15168" : 1,
            "15296" : 4,
            "15424" : 4,
            "15552" : 1,