{
  "fio version" : "fio-3.39-38-gf18c",
  "timestamp" : 1744242806,
  "timestamp_ms" : 1744242806521,
  "time" : "Wed Apr  9 23:53:26 2025",
  "global options" : {
    "kb_base" : "1024",
    "runtime" : "600"
  },
  "jobs" : [
    {
      "jobname" : "filestore-randwrite-4194304-blk256-iod16",
      "groupid" : 0,
      "job_start" : 1744242806133,
      "error" : 0,
      "eta" : 2147483647,
      "elapsed" : 1,
      "job options" : {
        "stonewall" : "",
        "rw" : "randwrite",
        "size" : "4194304",
        "bs" : "256",
        "iodepth" : "16",
        "filename" : "/filestore/scratch/adam/fsbench/filestore/filestore-randwrite-4194304-blk256-iod16.bin"
      },
      "read" : {
        "io_bytes" : 0,
        "io_kbytes" : 0,
        "bw_bytes" : 0,
        "bw" : 0,
        "iops" : 0.000000,
        "runtime" : 0,
        "total_ios" : 0,
        "short_ios" : 0,
        "drop_ios" : 0,
        "slat_ns" : {
          "min" : 0,
          "max" : 0,
          "mean" : 0.000000,
          "stddev" : 0.000000,
          "N" : 0
        },
        "clat_ns" : {
          "min" : 0,
          "max" : 0,
          "mean" : 0.000000,
          "stddev" : 0.000000,
          "N" : 0
        },
        "lat_ns" : {
          "min" : 0,
          "max" : 0,
          "mean" : 0.000000,
          "stddev" : 0.000000,
          "N" : 0
        },
        "bw_min" : 0,
        "bw_max" : 0,
        "bw_agg" : 0.000000,
        "bw_mean" : 0.000000,
        "bw_dev" : 0.000000,
        "bw_samples" : 0,
        "iops_min" : 0,
        "iops_max" : 0,
        "iops_mean" : 0.000000,
        "iops_stddev" : 0.000000,
        "iops_samples" : 0
      },
      "write" : {
        "io_bytes" : 4194304,
        "io_kbytes" : 4096,
        "bw_bytes" : 18558867,
        "bw" : 18123,
        "iops" : 72495.575221,
        "runtime" : 226,
        "total_ios" : 16384,
        "short_ios" : 0,
        "drop_ios" : 0,
        "slat_ns" : {
          "min" : 0,
          "max" : 0,
          "mean" : 0.000000,
          "stddev" : 0.000000,
          "N" : 0
        },
        "clat_ns" : {
          "min" : 854,
          "max" : 4286600,
          "mean" : 13337.312256,
          "stddev" : 58752.995246,
          "N" : 16384,
          "percentile" : {
            "1.000000" : 948,
            "5.000000" : 964,
            "10.000000" : 980,
            "20.000000" : 1012,
            "30.000000" : 1032,
            "40.000000" : 1064,
            "50.000000" : 1112,
            "60.000000" : 1208,
            "70.000000" : 1336,
            "80.000000" : 1608,
            "90.000000" : 2064,
            "95.000000" : 138240,
            "99.000000" : 246784,
            "99.500000" : 280576,
            "99.900000" : 350208,
            "99.950000" : 387072,
            "99.990000" : 798720
          },
          "bins" : {
            "852" : 1,
            "892" : 2,
            "900" : 1,
            "908" : 2,
            "916" : 2,
            "924" : 7,
            "932" : 31,
            "940" : 74,
            "948" : 153,
            "956" : 281,
            "964" : 429,
            "972" : 475,
            "980" : 458,
            "988" : 425,
            "996" : 397,
            "1004" : 430,
            "1012" : 523,
            "1020" : 603,
            "1032" : 1233,
            "1048" : 947,
            "1064" : 665,
            "1080" : 516,
            "1096" : 451,
            "1112" : 325,
            "1128" : 289,
            "1144" : 272,
            "1160" : 259,
            "1176" : 218,
            "1192" : 218,
            "1208" : 220,
            "1224" : 207,
            "1240" : 211,
            "1256" : 187,
            "1272" : 194,
            "1288" : 184,
            "1304" : 191,
            "1320" : 213,
            "1336" : 192,
            "1352" : 161,
            "1368" : 158,
            "1384" : 146,
            "1400" : 121,
            "1416" : 121,
            "1432" : 108,
            "1448" : 94,
            "1464" : 74,
            "1480" : 89,
            "1496" : 87,
            "1512" : 78,
            "1528" : 86,
            "1544" : 70,
            "1560" : 69,
            "1576" : 82,
            "1592" : 66,
            "1608" : 69,
            "1624" : 62,
            "1640" : 79,
            "1656" : 69,
            "1672" : 72,
            "1688" : 85,
            "1704" : 69,
            "1720" : 80,
            "1736" : 73,
            "1752" : 71,
            "1768" : 75,
            "1784" : 73,
            "1800" : 81,
            "1816" : 68,
            "1832" : 53,
            "1848" : 58,
            "1864" : 63,
            "1880" : 46,
            "1896" : 45,
            "1912" : 43,
            "1928" : 44,
            "1944" : 41,
            "1960" : 47,
            "1976" : 37,
            "1992" : 29,
            "2008" : 25,
            "2024" : 35,
            "2040" : 21,
            "2064" : 50,
            "2096" : 37,
            "2128" : 44,
            "2160" : 32,
            "2192" : 21,
            "2224" : 28,
            "2256" : 28,
            "2288" : 21,
            "2320" : 22,
            "2352" : 16,
            "2384" : 23,
            "2416" : 19,
            "2448" : 22,
            "2480" : 21,
            "2512" : 11,
            "2544" : 12,
            "2576" : 10,
            "2608" : 18,
            "2640" : 12,
            "2672" : 9,
            "2704" : 12,
            "2736" : 8,
            "2768" : 7,
            "2800" : 7,
            "2832" : 2,
            "2864" : 6,
            "2896" : 6,
            "2928" : 7,
            "2960" : 6,
            "2992" : 2,
            "3024" : 3,
            "3056" : 4,
            "3088" : 9,
            "3120" : 1,
            "3152" : 2,
            "3184" : 1,
            "3216" : 2,
            "3248" : 1,
            "3344" : 2,
            "3408" : 1,
            "3440" : 2,
            "3472" : 2,
            "3504" : 2,
            "3536" : 1,
            "3568" : 1,
            "3600" : 1,
            "3664" : 3,
            "3696" : 1,
            "3728" : 1,
            "3760" : 1,
            "3792" : 1,
            "3824" : 1,
            "3856" : 1,
            "3888" : 1,
            "3920" : 3,
            "3952" : 4,
            "4016" : 1,
            "4080" : 2,
            "4128" : 1,
            "4192" : 4,
            "4256" : 5,
            "4320" : 2,
            "4384" : 3,
            "4512" : 1,
            "4576" : 2,
            "4640" : 1,
            "4704" : 4,
            "4768" : 3,
            "4832" : 1,
            "4896" : 3,
            "4960" : 2,
            "5152" : 2,
            "5216" : 2,
            "5344" : 2,
            "5408" : 1,
            "5536" : 1,
            "5600" : 1,
            "5728" : 1,
            "5920" : 1,
            "6112" : 1,
            "6240" : 1,
            "6304" : 1,
            "6432" : 1,
            "7136" : 1,
            "7264" : 1,
            "7776" : 2,
            "8096" : 1,
            "8256" : 1,
            "8384" : 2,
            "8640" : 2,
            "8896" : 1,
            "9152" : 1,
            "9280" : 1,
            "9664" : 2,
            "9792" : 1,
            "10432" : 2,
            "10560" : 1,
            "10944" : 1,
            "11328" : 1,
            "11712" : 1,
            "11968" : 1,
            "12224" : 1,
            "12864" : 1,
            "13120" : 2,
            "13504" : 1,
            "14272" : 1,
            "14656" : 1,
            "15552" : 1,
            "17280" : 2,
            "18560" : 1,
            "28032" : 1,
            "52480" : 1,
            "92672" : 1,
            "98816" : 2,
            "99840" : 1,
            "100864" : 2,
            "101888" : 1,
            "102912" : 3,
            "103936" : 3,
            "105984" : 4,
            "107008" : 8,
            "108032" : 1,
            "109056" : 4,
            "110080" : 4,