{
  "fio version" : "fio-3.39-38-gf18c",
  "timestamp" : 1744415416,
  "timestamp_ms" : 1744415416209,
  "time" : "Fri Apr 11 23:50:16 2025",
  "global options" : {
    "kb_base" : "1024",
    "runtime" : "600s"
  },
  "jobs" : [
    {
      "jobname" : "filestore-randwrite-17179869184-blk1048576-iod1",
      "groupid" : 0,
      "job_start" : 1744415392818,
      "error" : 0,
      "eta" : 0,
      "elapsed" : 24,
      "job options" : {
        "stonewall" : "",
        "rw" : "randwrite",
        "size" : "17179869184",
        "bs" : "1048576",
        "iodepth" : "1",
        "filename" : "/filestore/scratch/adam/fsbench/filestore/filestore-randwrite-17179869184-blk1048576-iod1.bin"
      },
      "read" : {
        "io_bytes" : 0,
        "io_kbytes" : 0,
        "bw_bytes" : 0,
        "bw" : 0,
        "iops" : 0.000000,
        "runtime" : 0,
        "total_ios" : 0,
        "short_ios" : 0,
        "drop_ios" : 0,
        "slat_ns" : {
          "min" : 0,
          "max" : 0,
          "mean" : 0.000000,
          "stddev" : 0.000000,
          "N" : 0
        },
        "clat_ns" : {
          "min" : 0,
          "max" : 0,
          "mean" : 0.000000,
          "stddev" : 0.000000,
          "N" : 0
        },
        "lat_ns" : {
          "min" : 0,
          "max" : 0,
          "mean" : 0.000000,
          "stddev" : 0.000000,
          "N" : 0
        },
        "bw_min" : 0,
        "bw_max" : 0,
        "bw_agg" : 0.000000,
        "bw_mean" : 0.000000,
        "bw_dev" : 0.000000,
        "bw_samples" : 0,
        "iops_min" : 0,
        "iops_max" : 0,
        "iops_mean" : 0.000000,
        "iops_stddev" : 0.000000,
        "iops_samples" : 0
      },
      "write" : {
        "io_bytes" : 17179869184,
        "io_kbytes" : 16777216,
        "bw_bytes" : 991279740,
        "bw" : 968046,
        "iops" : 945.358029,
        "runtime" : 17331,
        "total_ios" : 16384,
        "short_ios" : 0,
        "drop_ios" : 0,
        "slat_ns" : {
          "min" : 0,
          "max" : 0,
          "mean" : 0.000000,
          "stddev" : 0.000000,
          "N" : 0
        },
        "clat_ns" : {
          "min" : 380157,
          "max" : 613274078,
          "mean" : 1038459.590942,
          "stddev" : 6818085.105470,
          "N" : 16384,
          "percentile" : {
            "1.000000" : 399360,
            "5.000000" : 415744,
            "10.000000" : 428032,
            "20.000000" : 452608,
            "30.000000" : 505856,
            "40.000000" : 552960,
            "50.000000" : 585728,
            "60.000000" : 610304,
            "70.000000" : 659456,
            "80.000000" : 765952,
            "90.000000" : 880640,
            "95.000000" : 1056768,
            "99.000000" : 12124160,
            "99.500000" : 12779520,
            "99.900000" : 14090240,
            "99.950000" : 14876672,
            "99.990000" : 492830720
          },
          "bins" : {
            "378880" : 1,
            "382976" : 1,
            "387072" : 8,
            "391168" : 24,
            "395264" : 59,
            "399360" : 103,
            "403456" : 149,
            "407552" : 196,
            "411648" : 204,
            "415744" : 248,
            "419840" : 287,
            "423936" : 324,
            "428032" : 317,
            "432128" : 304,
            "436224" : 294,
            "440320" : 246,
            "444416" : 194,
            "448512" : 203,
            "452608" : 226,
            "456704" : 227,
            "460800" : 243,
            "464896" : 202,
            "468992" : 194,
            "473088" : 136,
            "477184" : 115,
            "481280" : 94,
            "485376" : 61,
            "489472" : 65,
            "493568" : 65,
            "497664" : 58,
            "501760" : 42,
            "505856" : 58,
            "509952" : 67,
            "514048" : 85,
            "518144" : 90,
            "522240" : 129,
            "528384" : 286,
            "536576" : 342,
            "544768" : 402,
            "552960" : 397,
            "561152" : 391,
            "569344" : 452,
            "577536" : 453,
            "585728" : 505,
            "593920" : 489,
            "602112" : 465,
            "610304" : 428,
            "618496" : 359,
            "626688" : 296,
            "634880" : 263,
            "643072" : 225,
            "651264" : 216,
            "659456" : 182,
            "667648" : 166,
            "675840" : 151,
            "684032" : 124,
            "692224" : 118,
            "700416" : 110,
            "708608" : 109,
            "716800" : 119,
            "724992" : 124,
            "733184" : 152,
            "741376" : 149,
            "749568" : 163,
            "757760" : 145,
            "765952" : 158,
            "774144" : 154,
            "782336" : 162,
            "790528" : 131,
            "798720" : 148,
            "806912" : 117,
            "815104" : 98,
            "823296" : 130,
            "831488" : 111,
            "839680" : 81,
            "847872" : 86,
            "856064" : 64,
            "864256" : 75,
            "872448" : 72,
            "880640" : 66,
            "888832" : 83,
            "897024" : 64,
            "905216" : 61,
            "913408" : 38,
            "921600" : 53,
            "929792" : 38,
            "937984" : 49,
            "946176" : 35,
            "954368" : 43,
            "962560" : 47,
            "970752" : 29,
            "978944" : 24,
            "987136" : 38,
            "995328" : 26,
            "1003520" : 25,
            "1011712" : 18,
            "1019904" : 34,
            "1028096" : 27,
            "1036288" : 23,
            "1044480" : 20,
            "1056768" : 37,
            "1073152" : 42,
            "1089536" : 32,
            "1105920" : 20,
            "1122304" : 28,
            "1138688" : 26,
            "1155072" : 11,
            "1171456" : 14,
            "1187840" : 17,
            "1204224" : 7,
            "1220608" : 8,
            "1236992" : 4,
            "1253376" : 11,
            "1269760" : 8,
            "1286144" : 5,
            "1302528" : 6,
            "1318912" : 5,
            "1335296" : 6,
            "1351680" : 5,
            "1368064" : 6,
            "1384448" : 4,
            "1400832" : 2,
            "1417216" : 3,
            "1433600" : 4,
            "1449984" : 4,
            "1466368" : 4,
            "1482752" : 1,
            "1499136" : 3,
            "1515520" : 1,
            "1531904" : 3,
            "1548288" : 6,
            "1564672" : 1,
            "1597440" : 3,
            "1613824" : 1,
            "1630208" : 1,
            "1646592" : 1,
            "1679360" : 4,
            "1712128" : 3,
            "1728512" : 1,
            "1761280" : 1,
            "1794048" : 1,
            "1826816" : 1,
            "1859584" : 2,
            "1875968" : 1,
            "1892352" : 1,
            "1908736" : 1,
            "1990656" : 1,
            "2007040" : 1,
            "2023424" : 2,
            "2056192" : 1,
            "2072576" : 2,
            "2113536" : 1,
            "2146304" : 3,
            "2179072" : 3,
            "2408448" : 1,
            "2670592" : 1,
            "2703360" : 1,
            "10551296" : 6,
            "10682368" : 12,
            "10813440" : 36,
            "10944512" : 29,
            "11075584" : 28,
            "11206656" : 26,
            "11337728" : 25,
            "11468800" : 23,
            "11599872" : 26,
            "11730944" : 23,
            "11862016" : 27,
            "11993088" : 53,
            "12124160" : 31,
            "12255232" : 13,
            "12386304" : 13,
            "12517376" : 11,
            "12648448" : 14,
            "12779520" : 15,
            "12910592" : 19,
            "13041664" : 12,
            "13172736" : 9,
            "13303808" : 5,
            "13565952" : 1,
            "13697024" : 4,
            "13828096" : 2,