{
  "fio version" : "fio-3.39-38-gf18c",
  "timestamp" : 1744242807,
  "timestamp_ms" : 1744242807816,
  "time" : "Wed Apr  9 23:53:27 2025",
  "global options" : {
    "kb_base" : "1024",
    "runtime" : "600"
  },
  "jobs" : [
    {
      "jobname" : "filestore-randwrite-4194304-blk4096-iod1",
      "groupid" : 0,
      "job_start" : 1744242807678,
      "error" : 0,
      "eta" : 2147483647,
      "elapsed" : 1,
      "job options" : {
        "stonewall" : "",
        "rw" : "randwrite",
        "size" : "4194304",
        "bs" : "4096",
        "iodepth" : "1",
        "filename" : "/filestore/scratch/adam/fsbench/filestore/filestore-randwrite-4194304-blk4096-iod1.bin"
      },
      "read" : {
        "io_bytes" : 0,
        "io_kbytes" : 0,
        "bw_bytes" : 0,
        "bw" : 0,
        "iops" : 0.000000,
        "runtime" : 0,
        "total_ios" : 0,
        "short_ios" : 0,
        "drop_ios" : 0,
        "slat_ns" : {
          "min" : 0,
          "max" : 0,
          "mean" : 0.000000,
          "stddev" : 0.000000,
          "N" : 0
        },
        "clat_ns" : {
          "min" : 0,
          "max" : 0,
          "mean" : 0.000000,
          "stddev" : 0.000000,
          "N" : 0
        },
        "lat_ns" : {
          "min" : 0,
          "max" : 0,
          "mean" : 0.000000,
          "stddev" : 0.000000,
          "N" : 0
        },
        "bw_min" : 0,
        "bw_max" : 0,
        "bw_agg" : 0.000000,
        "bw_mean" : 0.000000,
        "bw_dev" : 0.000000,
        "bw_samples" : 0,
        "iops_min" : 0,
        "iops_max" : 0,
        "iops_mean" : 0.000000,
        "iops_stddev" : 0.000000,
        "iops_samples" : 0
      },
      "write" : {
        "io_bytes" : 4194304,
        "io_kbytes" : 4096,
        "bw_bytes" : 838860800,
        "bw" : 819200,
        "iops" : 204800.000000,
        "runtime" : 5,
        "total_ios" : 1024,
        "short_ios" : 0,
        "drop_ios" : 0,
        "slat_ns" : {
          "min" : 0,
          "max" : 0,
          "mean" : 0.000000,
          "stddev" : 0.000000,
          "N" : 0
        },
        "clat_ns" : {
          "min" : 1900,
          "max" : 46683,
          "mean" : 3436.336914,
          "stddev" : 2462.409414,
          "N" : 1024,
          "percentile" : {
            "1.000000" : 2040,
            "5.000000" : 2320,
            "10.000000" : 2672,
            "20.000000" : 2768,
            "30.000000" : 2864,
            "40.000000" : 2928,
            "50.000000" : 2992,
            "60.000000" : 3088,
            "70.000000" : 3184,
            "80.000000" : 3344,
            "90.000000" : 4192,
            "95.000000" : 4704,
            "99.000000" : 12096,
            "99.500000" : 17792,
            "99.900000" : 32640,
            "99.950000" : 46848,
            "99.990000" : 46848
          },
          "bins" : {
            "1896" : 1,
            "1912" : 3,
            "1944" : 1,
            "1976" : 1,
            "1992" : 1,
            "2024" : 1,
            "2040" : 3,
            "2064" : 2,
            "2096" : 5,
            "2128" : 6,
            "2160" : 5,
            "2192" : 5,
            "2224" : 4,
            "2256" : 6,
            "2288" : 3,
            "2320" : 5,
            "2352" : 3,
            "2416" : 2,
            "2480" : 1,
            "2512" : 2,
            "2544" : 3,
            "2576" : 7,
            "2608" : 9,
            "2640" : 12,
            "2672" : 17,
            "2704" : 40,
            "2736" : 35,
            "2768" : 32,
            "2800" : 39,
            "2832" : 39,
            "2864" : 46,
            "2896" : 50,
            "2928" : 48,
            "2960" : 39,
            "2992" : 52,
            "3024" : 51,
            "3056" : 30,
            "3088" : 36,
            "3120" : 29,
            "3152" : 32,
            "3184" : 25,
            "3216" : 19,
            "3248" : 17,
            "3280" : 24,
            "3312" : 17,
            "3344" : 13,
            "3376" : 14,
            "3408" : 6,
            "3440" : 7,
            "3472" : 8,
            "3504" : 10,
            "3536" : 8,
            "3568" : 1,
            "3600" : 4,
            "3632" : 7,
            "3664" : 3,
            "3696" : 4,
            "3728" : 3,
            "3760" : 3,
            "3792" : 3,
            "3824" : 1,
            "3856" : 2,
            "3888" : 2,
            "3984" : 4,
            "4016" : 2,
            "4048" : 2,
            "4080" : 1,
            "4128" : 5,
            "4192" : 4,
            "4256" : 11,
            "4320" : 6,
            "4384" : 16,
            "4448" : 4,
            "4512" : 5,
            "4576" : 3,
            "4640" : 2,
            "4704" : 2,
            "4768" : 1,
            "4896" : 5,
            "4960" : 1,
            "5088" : 2,
            "5280" : 2,
            "5344" : 2,
            "5408" : 1,
            "6176" : 2,
            "6368" : 1,
            "6624" : 1,
            "7456" : 1,
            "7840" : 1,
            "8640" : 1,
            "8768" : 1,
            "9152" : 1,
            "9408" : 1,
            "9664" : 1,
            "9920" : 3,
            "10304" : 2,
            "10432" : 1,
            "10688" : 1,
            "10816" : 3,
            "11072" : 1,
            "11200" : 2,
            "11328" : 1,
            "12096" : 1,
            "12352" : 2,
            "15296" : 1,
            "17536" : 1,
            "17792" : 1,
            "19072" : 1,
            "19840" : 1,
            "32128" : 1,
            "32640" : 1,
            "46848" : 1
          }
        },
        "lat_ns" : {
          "min" : 1939,
          "max" : 46757,
          "mean" : 3514.666016,
          "stddev" : 2487.389176,
          "N" : 1024
        },
        "bw_min" : 0,
        "bw_max" : 0,
        "bw_agg" : 0.000000,
        "bw_mean" : 0.000000,
        "bw_dev" : 0.000000,
        "bw_samples" : 0,
        "iops_min" : 0,
        "iops_max" : 0,
        "iops_mean" : 0.000000,
        "iops_stddev" : 0.000000,
        "iops_samples" : 0
      },
      "trim" : {
        "io_bytes" : 0,
        "io_kbytes" : 0,
        "bw_bytes" : 0,
        "bw" : 0,
        "iops" : 0.000000,
        "runtime" : 0,
        "total_ios" : 0,
        "short_ios" : 0,
        "drop_ios" : 0,
        "slat_ns" : {
          "min" : 0,
          "max" : 0,
          "mean" : 0.000000,
          "stddev" : 0.000000,
          "N" : 0
        },
        "clat_ns" : {
          "min" : 0,
          "max" : 0,
          "mean" : 0.000000,
          "stddev" : 0.000000,
          "N" : 0
        },
        "lat_ns" : {
          "min" : 0,
          "max" : 0,
          "mean" : 0.000000,
          "stddev" : 0.000000,
          "N" : 0
        },
        "bw_min" : 0,
        "bw_max" : 0,
        "bw_agg" : 0.000000,
        "bw_mean" : 0.000000,
        "bw_dev" : 0.000000,
        "bw_samples" : 0,
        "iops_min" : 0,
        "iops_max" : 0,
        "iops_mean" : 0.000000,
        "iops_stddev" : 0.000000,
        "iops_samples" : 0
      },
      "sync" : {
        "total_ios" : 0,
        "lat_ns" : {
          "min" : 0,
          "max" : 0,
          "mean" : 0.000000,
          "stddev" : 0.000000,
          "N" : 0
        }
      },
      "job_runtime" : 4,
      "usr_cpu" : 0.000000,
      "sys_cpu" : 50.000000,
      "ctx" : 3,
      "majf" : 0,
      "minf" : 7,
      "iodepth_level" : {
        "1" : 100.000000,
        "2" : 0.000000,
        "4" : 0.000000,
        "8" : 0.000000,
        "16" : 0.000000,
        "32" : 0.000000,
        ">=64" : 0.000000
      },
      "iodepth_submit" : {
        "0" : 0.000000,
        "4" : 100.000000,
        "8" : 0.000000,
        "16" : 0.000000,
        "32" : 0.000000,
        "64" : 0.000000,
        ">=64" : 0.000000
      },
      "iodepth_complete" : {
        "0" : 0.000000,
        "4" : 100.000000,
        "8" : 0.000000,
        "16" : 0.000000,