{
  "fio version" : "fio-3.39-38-gf18c",
  "timestamp" : 1744238399,
  "timestamp_ms" : 1744238399621,
  "time" : "Wed Apr  9 22:39:59 2025",
  "global options" : {
    "kb_base" : "1024",
    "runtime" : "600"
  },
  "jobs" : [
    {
      "jobname" : "filestore-write-1073741824-blk65536-iod4",
      "groupid" : 0,
      "job_start" : 1744238396981,
      "error" : 0,
      "eta" : 0,
      "elapsed" : 3,
      "job options" : {
        "stonewall" : "",
        "rw" : "write",
        "size" : "1073741824",
        "bs" : "65536",
        "iodepth" : "4",
        "filename" : "/filestore/scratch/adam/fsbench/filestore/filestore-write-1073741824-blk65536-iod4.bin"
      },
      "read" : {
        "io_bytes" : 0,
        "io_kbytes" : 0,
        "bw_bytes" : 0,
        "bw" : 0,
        "iops" : 0.000000,
        "runtime" : 0,
        "total_ios" : 0,
        "short_ios" : 0,
        "drop_ios" : 0,
        "slat_ns" : {
          "min" : 0,
          "max" : 0,
          "mean" : 0.000000,
          "stddev" : 0.000000,
          "N" : 0
        },
        "clat_ns" : {
          "min" : 0,
          "max" : 0,
          "mean" : 0.000000,
          "stddev" : 0.000000,
          "N" : 0
        },
        "lat_ns" : {
          "min" : 0,
          "max" : 0,
          "mean" : 0.000000,
          "stddev" : 0.000000,
          "N" : 0
        },
        "bw_min" : 0,
        "bw_max" : 0,
        "bw_agg" : 0.000000,
        "bw_mean" : 0.000000,
        "bw_dev" : 0.000000,
        "bw_samples" : 0,
        "iops_min" : 0,
        "iops_max" : 0,
        "iops_mean" : 0.000000,
        "iops_stddev" : 0.000000,
        "iops_samples" : 0
      },
      "write" : {
        "io_bytes" : 1073741824,
        "io_kbytes" : 1048576,
        "bw_bytes" : 2195791051,
        "bw" : 2144327,
        "iops" : 33505.112474,
        "runtime" : 489,
        "total_ios" : 16384,
        "short_ios" : 0,
        "drop_ios" : 0,
        "slat_ns" : {
          "min" : 0,
          "max" : 0,
          "mean" : 0.000000,
          "stddev" : 0.000000,
          "N" : 0
        },
        "clat_ns" : {
          "min" : 23764,
          "max" : 151852,
          "mean" : 29129.352539,
          "stddev" : 4939.054102,
          "N" : 16384,
          "percentile" : {
            "1.000000" : 24960,
            "5.000000" : 25472,
            "10.000000" : 25984,
            "20.000000" : 26496,
            "30.000000" : 27008,
            "40.000000" : 27264,
            "50.000000" : 27776,
            "60.000000" : 28288,
            "70.000000" : 29568,
            "80.000000" : 31360,
            "90.000000" : 33536,
            "95.000000" : 35584,
            "99.000000" : 44288,
            "99.500000" : 49920,
            "99.900000" : 81408,
            "99.950000" : 119296,
            "99.990000" : 146432
          },
          "bins" : {
            "23680" : 1,
            "24192" : 5,
            "24448" : 22,
            "24704" : 53,
            "24960" : 150,
            "25216" : 253,
            "25472" : 351,
            "25728" : 549,
            "25984" : 645,
            "26240" : 769,
            "26496" : 923,
            "26752" : 1041,
            "27008" : 1158,
            "27264" : 1131,
            "27520" : 1038,
            "27776" : 869,
            "28032" : 746,
            "28288" : 482,
            "28544" : 379,
            "28800" : 271,
            "29056" : 222,
            "29312" : 251,
            "29568" : 222,
            "29824" : 243,
            "30080" : 257,
            "30336" : 264,
            "30592" : 251,
            "30848" : 262,
            "31104" : 209,
            "31360" : 192,
            "31616" : 152,
            "31872" : 167,
            "32128" : 151,
            "32384" : 174,
            "32640" : 215,
            "33024" : 457,
            "33536" : 408,
            "34048" : 304,
            "34560" : 207,
            "35072" : 110,
            "35584" : 105,
            "36096" : 64,
            "36608" : 58,
            "37120" : 39,
            "37632" : 45,
            "38144" : 47,
            "38656" : 45,
            "39168" : 37,
            "39680" : 32,
            "40192" : 20,
            "40704" : 20,
            "41216" : 31,
            "41728" : 23,
            "42240" : 18,
            "42752" : 20,
            "43264" : 25,
            "43776" : 17,
            "44288" : 21,
            "44800" : 9,
            "45312" : 14,
            "45824" : 10,
            "46336" : 6,
            "46848" : 11,
            "47360" : 7,
            "47872" : 8,
            "48384" : 3,
            "48896" : 7,
            "49408" : 5,
            "49920" : 5,
            "50432" : 1,
            "50944" : 5,
            "51968" : 1,
            "52480" : 7,
            "52992" : 1,
            "53504" : 5,
            "54016" : 2,
            "54528" : 1,
            "55040" : 2,
            "56064" : 1,
            "56576" : 2,
            "57088" : 1,
            "57600" : 2,
            "58112" : 2,
            "58624" : 2,
            "60160" : 1,
            "61184" : 1,
            "62720" : 2,
            "63232" : 2,
            "63744" : 2,
            "64256" : 1,
            "65280" : 2,
            "66048" : 3,
            "68096" : 2,
            "71168" : 1,
            "72192" : 1,
            "73216" : 1,
            "75264" : 1,
            "77312" : 1,
            "78336" : 3,
            "79360" : 1,
            "80384" : 1,
            "81408" : 1,
            "87552" : 1,
            "90624" : 1,
            "93696" : 1,
            "96768" : 1,
            "102912" : 1,
            "105984" : 1,
            "109056" : 1,
            "119296" : 1,
            "123392" : 1,
            "126464" : 1,
            "132096" : 1,
            "136192" : 1,
            "142336" : 1,
            "144384" : 1,
            "146432" : 1,
            "152576" : 1
          }
        },
        "lat_ns" : {
          "min" : 24123,
          "max" : 152154,
          "mean" : 29479.796021,
          "stddev" : 4999.287232,
          "N" : 16384
        },
        "bw_min" : 2097152,
        "bw_max" : 2097152,
        "bw_agg" : 97.800000,
        "bw_mean" : 2097152.000000,
        "bw_dev" : 0.000000,
        "bw_samples" : 1,
        "iops_min" : 32768,
        "iops_max" : 32768,
        "iops_mean" : 32768.000000,
        "iops_stddev" : 0.000000,
        "iops_samples" : 1
      },
      "trim" : {
        "io_bytes" : 0,
        "io_kbytes" : 0,
        "bw_bytes" : 0,
        "bw" : 0,
        "iops" : 0.000000,
        "runtime" : 0,
        "total_ios" : 0,
        "short_ios" : 0,
        "drop_ios" : 0,
        "slat_ns" : {
          "min" : 0,
          "max" : 0,
          "mean" : 0.000000,
          "stddev" : 0.000000,
          "N" : 0
        },
        "clat_ns" : {
          "min" : 0,
          "max" : 0,
          "mean" : 0.000000,
          "stddev" : 0.000000,
          "N" : 0
        },
        "lat_ns" : {
          "min" : 0,
          "max" : 0,
          "mean" : 0.000000,
          "stddev" : 0.000000,
          "N" : 0
        },
        "bw_min" : 0,
        "bw_max" : 0,
        "bw_agg" : 0.000000,
        "bw_mean" : 0.000000,
        "bw_dev" : 0.000000,
        "bw_samples" : 0,
        "iops_min" : 0,
        "iops_max" : 0,
        "iops_mean" : 0.000000,
        "iops_stddev" : 0.000000,
        "iops_samples" : 0
      },
      "sync" : {
        "total_ios" : 0,
        "lat_ns" : {
          "min" : 0,
          "max" : 0,
          "mean" : 0.000000,
          "stddev" : 0.000000,
          "N" : 0
        }
      },
      "job_runtime" : 488,
      "usr_cpu" : 4.508197,
      "sys_cpu" : 95.081967,
      "ctx" : 3,
      "majf" : 0,
      "minf" : 6,
      "iodepth_level" : {
        "1" : 100.000000,
        "2" : 0.000000,
        "4" : 0.000000,
        "8" : 0.000000,
        "16" : 0.000000,
        "32" : 0.000000,