{
  "fio version" : "fio-3.39-38-gf18c",
  "timestamp" : 1744242933,
  "timestamp_ms" : 1744242933766,
  "time" : "Wed Apr  9 23:55:33 2025",
  "global options" : {
    "kb_base" : "1024",
    "runtime" : "600"
  },
  "jobs" : [
    {
      "jobname" : "filestore-randwrite-67108864-blk256-iod16",
      "groupid" : 0,
      "job_start" : 1744242930627,
      "error" : 0,
      "eta" : 0,
      "elapsed" : 4,
      "job options" : {
        "stonewall" : "",
        "rw" : "randwrite",
        "size" : "67108864",
        "bs" : "256",
        "iodepth" : "16",
        "filename" : "/filestore/scratch/adam/fsbench/filestore/filestore-randwrite-67108864-blk256-iod16.bin"
      },
      "read" : {
        "io_bytes" : 0,
        "io_kbytes" : 0,
        "bw_bytes" : 0,
        "bw" : 0,
        "iops" : 0.000000,
        "runtime" : 0,
        "total_ios" : 0,
        "short_ios" : 0,
        "drop_ios" : 0,
        "slat_ns" : {
          "min" : 0,
          "max" : 0,
          "mean" : 0.000000,
          "stddev" : 0.000000,
          "N" : 0
        },
        "clat_ns" : {
          "min" : 0,
          "max" : 0,
          "mean" : 0.000000,
          "stddev" : 0.000000,
          "N" : 0
        },
        "lat_ns" : {
          "min" : 0,
          "max" : 0,
          "mean" : 0.000000,
          "stddev" : 0.000000,
          "N" : 0
        },
        "bw_min" : 0,
        "bw_max" : 0,
        "bw_agg" : 0.000000,
        "bw_mean" : 0.000000,
        "bw_dev" : 0.000000,
        "bw_samples" : 0,
        "iops_min" : 0,
        "iops_max" : 0,
        "iops_mean" : 0.000000,
        "iops_stddev" : 0.000000,
        "iops_samples" : 0
      },
      "write" : {
        "io_bytes" : 67108864,
        "io_kbytes" : 65536,
        "bw_bytes" : 22534877,
        "bw" : 22006,
        "iops" : 88026.863667,
        "runtime" : 2978,
        "total_ios" : 262144,
        "short_ios" : 0,
        "drop_ios" : 0,
        "slat_ns" : {
          "min" : 0,
          "max" : 0,
          "mean" : 0.000000,
          "stddev" : 0.000000,
          "N" : 0
        },
        "clat_ns" : {
          "min" : 890,
          "max" : 4300359,
          "mean" : 10991.353329,
          "stddev" : 41314.558246,
          "N" : 262144,
          "percentile" : {
            "1.000000" : 972,
            "5.000000" : 1032,
            "10.000000" : 1144,
            "20.000000" : 1224,
            "30.000000" : 1272,
            "40.000000" : 1304,
            "50.000000" : 1352,
            "60.000000" : 1400,
            "70.000000" : 1480,
            "80.000000" : 1640,
            "90.000000" : 2160,
            "95.000000" : 115200,
            "99.000000" : 199680,
            "99.500000" : 230400,
            "99.900000" : 292864,
            "99.950000" : 325632,
            "99.990000" : 602112
          },
          "bins" : {
            "892" : 2,
            "908" : 1,
            "916" : 10,
            "924" : 30,
            "932" : 101,
            "940" : 323,
            "948" : 557,
            "956" : 712,
            "964" : 868,
            "972" : 1057,
            "980" : 1037,
            "988" : 929,
            "996" : 1101,
            "1004" : 1262,
            "1012" : 1509,
            "1020" : 1558,
            "1032" : 2694,
            "1048" : 2001,
            "1064" : 1738,
            "1080" : 1808,
            "1096" : 1616,
            "1112" : 1603,
            "1128" : 2067,
            "1144" : 2881,
            "1160" : 4004,
            "1176" : 4733,
            "1192" : 5273,
            "1208" : 6563,
            "1224" : 7834,
            "1240" : 9216,
            "1256" : 9636,
            "1272" : 9531,
            "1288" : 10083,
            "1304" : 10708,
            "1320" : 10900,
            "1336" : 10013,
            "1352" : 8861,
            "1368" : 8643,
            "1384" : 7967,
            "1400" : 7215,
            "1416" : 6372,
            "1432" : 5765,
            "1448" : 5035,
            "1464" : 4569,
            "1480" : 4157,
            "1496" : 3648,
            "1512" : 3358,
            "1528" : 3063,
            "1544" : 2761,
            "1560" : 2655,
            "1576" : 2443,
            "1592" : 2251,
            "1608" : 2097,
            "1624" : 1938,
            "1640" : 1820,
            "1656" : 1594,
            "1672" : 1593,
            "1688" : 1481,
            "1704" : 1308,
            "1720" : 1251,
            "1736" : 1194,
            "1752" : 1118,
            "1768" : 1058,
            "1784" : 952,
            "1800" : 946,
            "1816" : 922,
            "1832" : 882,
            "1848" : 874,
            "1864" : 792,
            "1880" : 847,
            "1896" : 779,
            "1912" : 759,
            "1928" : 696,
            "1944" : 665,
            "1960" : 644,
            "1976" : 598,
            "1992" : 570,
            "2008" : 507,
            "2024" : 516,
            "2040" : 448,
            "2064" : 893,
            "2096" : 691,
            "2128" : 692,
            "2160" : 573,
            "2192" : 515,
            "2224" : 437,
            "2256" : 439,
            "2288" : 374,
            "2320" : 346,
            "2352" : 353,
            "2384" : 302,
            "2416" : 298,
            "2448" : 249,
            "2480" : 262,
            "2512" : 312,
            "2544" : 273,
            "2576" : 256,
            "2608" : 254,
            "2640" : 283,
            "2672" : 254,
            "2704" : 220,
            "2736" : 220,
            "2768" : 205,
            "2800" : 179,
            "2832" : 177,
            "2864" : 161,
            "2896" : 137,
            "2928" : 138,
            "2960" : 132,
            "2992" : 118,
            "3024" : 111,
            "3056" : 90,
            "3088" : 88,
            "3120" : 75,
            "3152" : 63,
            "3184" : 59,
            "3216" : 50,
            "3248" : 45,
            "3280" : 48,
            "3312" : 38,
            "3344" : 47,
            "3376" : 35,
            "3408" : 28,
            "3440" : 35,
            "3472" : 32,
            "3504" : 17,
            "3536" : 28,
            "3568" : 22,
            "3600" : 19,
            "3632" : 16,
            "3664" : 16,
            "3696" : 17,
            "3728" : 17,
            "3760" : 13,
            "3792" : 12,
            "3824" : 9,
            "3856" : 11,
            "3888" : 9,
            "3920" : 17,
            "3952" : 12,
            "3984" : 13,
            "4016" : 7,
            "4048" : 12,
            "4080" : 10,
            "4128" : 21,
            "4192" : 30,
            "4256" : 23,
            "4320" : 22,
            "4384" : 19,
            "4448" : 19,
            "4512" : 22,
            "4576" : 23,
            "4640" : 20,
            "4704" : 16,
            "4768" : 28,
            "4832" : 31,
            "4896" : 25,
            "4960" : 20,
            "5024" : 18,
            "5088" : 21,
            "5152" : 23,
            "5216" : 15,
            "5280" : 18,
            "5344" : 19,
            "5408" : 21,
            "5472" : 20,
            "5536" : 16,
            "5600" : 17,
            "5664" : 20,
            "5728" : 17,
            "5792" : 21,
            "5856" : 10,
            "5920" : 16,
            "5984" : 15,
            "6048" : 10,
            "6112" : 13,
            "6176" : 10,
            "6240" : 13,
            "6304" : 7,
            "6368" : 9,
            "6432" : 5,
            "6496" : 7,
            "6560" : 7,
            "6624" : 2,
            "6688" : 7,
            "6752" : 12,
            "6816" : 6,
            "6880" : 5,
            "6944" : 6,
            "7008" : 6,
            "7072" : 5,
            "7136" : 2,
            "7200" : 5,
            "7264" : 7,
            "7328" : 4,
            "7392" : 2,
            "7456" : 3,
            "7520" : 4,
            "7584" : 4,