{
  "fio version" : "fio-3.39-38-gf18c",
  "timestamp" : 1744334431,
  "timestamp_ms" : 1744334431069,
  "time" : "Fri Apr 11 01:20:31 2025",
  "global options" : {
    "kb_base" : "1024",
    "runtime" : "600"
  },
  "jobs" : [
    {
      "jobname" : "filestore-write-17179869184-blk1048576-iod1",
      "groupid" : 0,
      "job_start" : 1744334411560,
      "error" : 0,
      "eta" : 0,
      "elapsed" : 20,
      "job options" : {
        "stonewall" : "",
        "rw" : "write",
        "size" : "17179869184",
        "bs" : "1048576",
        "iodepth" : "1",
        "filename" : "/filestore/scratch/adam/fsbench/filestore/filestore-write-17179869184-blk1048576-iod1.bin"
      },
      "read" : {
        "io_bytes" : 0,
        "io_kbytes" : 0,
        "bw_bytes" : 0,
        "bw" : 0,
        "iops" : 0.000000,
        "runtime" : 0,
        "total_ios" : 0,
        "short_ios" : 0,
        "drop_ios" : 0,
        "slat_ns" : {
          "min" : 0,
          "max" : 0,
          "mean" : 0.000000,
          "stddev" : 0.000000,
          "N" : 0
        },
        "clat_ns" : {
          "min" : 0,
          "max" : 0,
          "mean" : 0.000000,
          "stddev" : 0.000000,
          "N" : 0
        },
        "lat_ns" : {
          "min" : 0,
          "max" : 0,
          "mean" : 0.000000,
          "stddev" : 0.000000,
          "N" : 0
        },
        "bw_min" : 0,
        "bw_max" : 0,
        "bw_agg" : 0.000000,
        "bw_mean" : 0.000000,
        "bw_dev" : 0.000000,
        "bw_samples" : 0,
        "iops_min" : 0,
        "iops_max" : 0,
        "iops_mean" : 0.000000,
        "iops_stddev" : 0.000000,
        "iops_samples" : 0
      },
      "write" : {
        "io_bytes" : 17179869184,
        "io_kbytes" : 16777216,
        "bw_bytes" : 1062518967,
        "bw" : 1037616,
        "iops" : 1013.297050,
        "runtime" : 16169,
        "total_ios" : 16384,
        "short_ios" : 0,
        "drop_ios" : 0,
        "slat_ns" : {
          "min" : 0,
          "max" : 0,
          "mean" : 0.000000,
          "stddev" : 0.000000,
          "N" : 0
        },
        "clat_ns" : {
          "min" : 386460,
          "max" : 624688384,
          "mean" : 967010.461609,
          "stddev" : 6155804.405388,
          "N" : 16384,
          "percentile" : {
            "1.000000" : 419840,
            "5.000000" : 452608,
            "10.000000" : 464896,
            "20.000000" : 493568,
            "30.000000" : 552960,
            "40.000000" : 610304,
            "50.000000" : 651264,
            "60.000000" : 716800,
            "70.000000" : 790528,
            "80.000000" : 864256,
            "90.000000" : 1011712,
            "95.000000" : 1138688,
            "99.000000" : 8028160,
            "99.500000" : 11337728,
            "99.900000" : 25821184,
            "99.950000" : 66322432,
            "99.990000" : 223346688
          },
          "bins" : {
            "387072" : 4,
            "391168" : 4,
            "395264" : 11,
            "399360" : 12,
            "403456" : 16,
            "407552" : 22,
            "411648" : 33,
            "415744" : 31,
            "419840" : 35,
            "423936" : 52,
            "428032" : 45,
            "432128" : 63,
            "436224" : 50,
            "440320" : 78,
            "444416" : 111,
            "448512" : 140,
            "452608" : 189,
            "456704" : 248,
            "460800" : 270,
            "464896" : 231,
            "468992" : 263,
            "473088" : 271,
            "477184" : 233,
            "481280" : 236,
            "485376" : 222,
            "489472" : 198,
            "493568" : 237,
            "497664" : 193,
            "501760" : 169,
            "505856" : 126,
            "509952" : 102,
            "514048" : 128,
            "518144" : 128,
            "522240" : 90,
            "528384" : 168,
            "536576" : 190,
            "544768" : 160,
            "552960" : 170,
            "561152" : 186,
            "569344" : 201,
            "577536" : 210,
            "585728" : 293,
            "593920" : 327,
            "602112" : 325,
            "610304" : 323,
            "618496" : 316,
            "626688" : 365,
            "634880" : 312,
            "643072" : 276,
            "651264" : 312,
            "659456" : 265,
            "667648" : 240,
            "675840" : 224,
            "684032" : 193,
            "692224" : 176,
            "700416" : 163,
            "708608" : 169,
            "716800" : 151,
            "724992" : 148,
            "733184" : 155,
            "741376" : 152,
            "749568" : 164,
            "757760" : 152,
            "765952" : 196,
            "774144" : 171,
            "782336" : 196,
            "790528" : 190,
            "798720" : 194,
            "806912" : 181,
            "815104" : 187,
            "823296" : 182,
            "831488" : 191,
            "839680" : 198,
            "847872" : 181,
            "856064" : 163,
            "864256" : 171,
            "872448" : 129,
            "880640" : 130,
            "888832" : 125,
            "897024" : 126,
            "905216" : 95,
            "913408" : 118,
            "921600" : 99,
            "929792" : 111,
            "937984" : 88,
            "946176" : 90,
            "954368" : 77,
            "962560" : 80,
            "970752" : 87,
            "978944" : 94,
            "987136" : 55,
            "995328" : 56,
            "1003520" : 55,
            "1011712" : 65,
            "1019904" : 56,
            "1028096" : 60,
            "1036288" : 56,
            "1044480" : 58,
            "1056768" : 96,
            "1073152" : 92,
            "1089536" : 103,
            "1105920" : 85,
            "1122304" : 102,
            "1138688" : 67,
            "1155072" : 62,
            "1171456" : 48,
            "1187840" : 40,
            "1204224" : 45,
            "1220608" : 26,
            "1236992" : 22,
            "1253376" : 18,
            "1269760" : 22,
            "1286144" : 22,
            "1302528" : 19,
            "1318912" : 14,
            "1335296" : 8,
            "1351680" : 15,
            "1368064" : 13,
            "1384448" : 10,
            "1400832" : 3,
            "1417216" : 7,
            "1433600" : 4,
            "1449984" : 3,
            "1466368" : 3,
            "1482752" : 7,
            "1499136" : 3,
            "1515520" : 3,
            "1531904" : 10,
            "1548288" : 6,
            "1564672" : 2,
            "1581056" : 5,
            "1597440" : 5,
            "1613824" : 6,
            "1630208" : 6,
            "1646592" : 4,
            "1662976" : 8,
            "1679360" : 1,
            "1695744" : 4,
            "1712128" : 2,
            "1728512" : 1,
            "1744896" : 5,
            "1761280" : 1,
            "1794048" : 4,
            "1810432" : 1,
            "1826816" : 2,
            "1843200" : 4,
            "1859584" : 1,
            "1875968" : 4,
            "1925120" : 2,
            "1957888" : 1,
            "1974272" : 3,
            "1990656" : 1,
            "2023424" : 2,
            "2056192" : 1,
            "2072576" : 2,
            "2088960" : 1,
            "2113536" : 3,
            "2146304" : 5,
            "2211840" : 1,
            "2244608" : 1,
            "2277376" : 1,
            "2342912" : 1,
            "2375680" : 1,
            "2736128" : 1,
            "2834432" : 1,
            "2965504" : 1,
            "6586368" : 2,
            "6651904" : 2,
            "6717440" : 2,
            "6782976" : 4,
            "6848512" : 2,
            "6914048" : 3,
            "6979584" : 3,
            "7045120" : 4,
            "7110656" : 7,
            "7176192" : 3,
            "7241728" : 7,
            "7307264" : 10,
            "7372800" : 10,
            "7438336" : 8,
            "7503872" : 4,
            "7569408" : 7,
            "7634944" : 4,