{
  "fio version" : "fio-3.39-38-gf18c",
  "timestamp" : 1744242786,
  "timestamp_ms" : 1744242786735,
  "time" : "Wed Apr  9 23:53:06 2025",
  "global options" : {
    "kb_base" : "1024",
    "runtime" : "600"
  },
  "jobs" : [
    {
      "jobname" : "filestore-randwrite-262144-blk256-iod4",
      "groupid" : 0,
      "job_start" : 1744242786595,
      "error" : 0,
      "eta" : 2147483647,
      "elapsed" : 1,
      "job options" : {
        "stonewall" : "",
        "rw" : "randwrite",
        "size" : "262144",
        "bs" : "256",
        "iodepth" : "4",
        "filename" : "/filestore/scratch/adam/fsbench/filestore/filestore-randwrite-262144-blk256-iod4.bin"
      },
      "read" : {
        "io_bytes" : 0,
        "io_kbytes" : 0,
        "bw_bytes" : 0,
        "bw" : 0,
        "iops" : 0.000000,
        "runtime" : 0,
        "total_ios" : 0,
        "short_ios" : 0,
        "drop_ios" : 0,
        "slat_ns" : {
          "min" : 0,
          "max" : 0,
          "mean" : 0.000000,
          "stddev" : 0.000000,
          "N" : 0
        },
        "clat_ns" : {
          "min" : 0,
          "max" : 0,
          "mean" : 0.000000,
          "stddev" : 0.000000,
          "N" : 0
        },
        "lat_ns" : {
          "min" : 0,
          "max" : 0,
          "mean" : 0.000000,
          "stddev" : 0.000000,
          "N" : 0
        },
        "bw_min" : 0,
        "bw_max" : 0,
        "bw_agg" : 0.000000,
        "bw_mean" : 0.000000,
        "bw_dev" : 0.000000,
        "bw_samples" : 0,
        "iops_min" : 0,
        "iops_max" : 0,
        "iops_mean" : 0.000000,
        "iops_stddev" : 0.000000,
        "iops_samples" : 0
      },
      "write" : {
        "io_bytes" : 262144,
        "io_kbytes" : 256,
        "bw_bytes" : 18724571,
        "bw" : 18285,
        "iops" : 73142.857143,
        "runtime" : 14,
        "total_ios" : 1024,
        "short_ios" : 0,
        "drop_ios" : 0,
        "slat_ns" : {
          "min" : 0,
          "max" : 0,
          "mean" : 0.000000,
          "stddev" : 0.000000,
          "N" : 0
        },
        "clat_ns" : {
          "min" : 771,
          "max" : 293105,
          "mean" : 11791.843750,
          "stddev" : 43806.127332,
          "N" : 1024,
          "percentile" : {
            "1.000000" : 844,
            "5.000000" : 884,
            "10.000000" : 916,
            "20.000000" : 932,
            "30.000000" : 940,
            "40.000000" : 972,
            "50.000000" : 980,
            "60.000000" : 996,
            "70.000000" : 1012,
            "80.000000" : 1064,
            "90.000000" : 1272,
            "95.000000" : 132096,
            "99.000000" : 236544,
            "99.500000" : 257024,
            "99.900000" : 280576,
            "99.950000" : 292864,
            "99.990000" : 292864
          },
          "bins" : {
            "772" : 1,
            "780" : 1,
            "788" : 1,
            "804" : 1,
            "828" : 2,
            "836" : 2,
            "844" : 5,
            "852" : 10,
            "860" : 8,
            "868" : 9,
            "876" : 4,
            "884" : 13,
            "892" : 10,
            "900" : 14,
            "908" : 18,
            "916" : 37,
            "924" : 62,
            "932" : 55,
            "940" : 55,
            "948" : 38,
            "956" : 24,
            "964" : 38,
            "972" : 39,
            "980" : 76,
            "988" : 73,
            "996" : 69,
            "1004" : 46,
            "1012" : 20,
            "1020" : 23,
            "1032" : 44,
            "1048" : 20,
            "1064" : 20,
            "1080" : 16,
            "1096" : 12,
            "1112" : 4,
            "1128" : 7,
            "1144" : 3,
            "1160" : 5,
            "1176" : 10,
            "1192" : 4,
            "1208" : 4,
            "1224" : 6,
            "1240" : 5,
            "1256" : 4,
            "1272" : 4,
            "1288" : 3,
            "1304" : 1,
            "1320" : 5,
            "1336" : 2,
            "1352" : 2,
            "1368" : 2,
            "1384" : 2,
            "1400" : 3,
            "1416" : 1,
            "1432" : 1,
            "1480" : 2,
            "1496" : 1,
            "1528" : 1,
            "1544" : 2,
            "1560" : 2,
            "1624" : 1,
            "1656" : 1,
            "1704" : 1,
            "1864" : 1,
            "2352" : 1,
            "3440" : 1,
            "3664" : 1,
            "7072" : 1,
            "10176" : 1,
            "27008" : 1,
            "114176" : 1,
            "118272" : 1,
            "119296" : 2,
            "121344" : 2,
            "127488" : 1,
            "128512" : 1,
            "129536" : 2,
            "132096" : 2,
            "134144" : 1,
            "140288" : 1,
            "142336" : 1,
            "144384" : 1,
            "148480" : 1,
            "152576" : 1,
            "154624" : 1,
            "156672" : 2,
            "160768" : 1,
            "162816" : 3,
            "164864" : 3,
            "166912" : 2,
            "168960" : 2,
            "171008" : 5,
            "173056" : 1,
            "179200" : 2,
            "181248" : 1,
            "183296" : 1,
            "193536" : 2,
            "195584" : 2,
            "197632" : 1,
            "203776" : 1,
            "220160" : 1,
            "224256" : 2,
            "236544" : 1,
            "238592" : 1,
            "242688" : 2,
            "250880" : 1,
            "257024" : 1,
            "259072" : 1,
            "264192" : 1,
            "268288" : 1,
            "280576" : 1,
            "292864" : 1
          }
        },
        "lat_ns" : {
          "min" : 799,
          "max" : 293214,
          "mean" : 11827.722656,
          "stddev" : 43814.433515,
          "N" : 1024
        },
        "bw_min" : 0,
        "bw_max" : 0,
        "bw_agg" : 0.000000,
        "bw_mean" : 0.000000,
        "bw_dev" : 0.000000,
        "bw_samples" : 0,
        "iops_min" : 0,
        "iops_max" : 0,
        "iops_mean" : 0.000000,
        "iops_stddev" : 0.000000,
        "iops_samples" : 0
      },
      "trim" : {
        "io_bytes" : 0,
        "io_kbytes" : 0,
        "bw_bytes" : 0,
        "bw" : 0,
        "iops" : 0.000000,
        "runtime" : 0,
        "total_ios" : 0,
        "short_ios" : 0,
        "drop_ios" : 0,
        "slat_ns" : {
          "min" : 0,
          "max" : 0,
          "mean" : 0.000000,
          "stddev" : 0.000000,
          "N" : 0
        },
        "clat_ns" : {
          "min" : 0,
          "max" : 0,
          "mean" : 0.000000,
          "stddev" : 0.000000,
          "N" : 0
        },
        "lat_ns" : {
          "min" : 0,
          "max" : 0,
          "mean" : 0.000000,
          "stddev" : 0.000000,
          "N" : 0
        },
        "bw_min" : 0,
        "bw_max" : 0,
        "bw_agg" : 0.000000,
        "bw_mean" : 0.000000,
        "bw_dev" : 0.000000,
        "bw_samples" : 0,
        "iops_min" : 0,
        "iops_max" : 0,
        "iops_mean" : 0.000000,
        "iops_stddev" : 0.000000,
        "iops_samples" : 0
      },
      "sync" : {
        "total_ios" : 0,
        "lat_ns" : {
          "min" : 0,
          "max" : 0,
          "mean" : 0.000000,
          "stddev" : 0.000000,
          "N" : 0
        }
      },
      "job_runtime" : 13,
      "usr_cpu" : 0.000000,
      "sys_cpu" : 7.692308,
      "ctx" : 64,
      "majf" : 0,
      "minf" : 7,
      "iodepth_level" : {
        "1" : 100.000000,
        "2" : 0.000000,
        "4" : 0.000000,
        "8" : 0.000000,
        "16" : 0.000000,
        "32" : 0.000000,
        ">=64" : 0.000000
      },
      "iodepth_submit" : {
        "0" : 0.000000,
        "4" : 100.000000,
        "8" : 0.000000,
        "16" : 0.000000,
        "32" : 0.000000,
        "64" : 0.000000,
        ">=64" : 0.000000
      },
      "iodepth_complete" : {
        "0" : 0.000000,
        "4" : 100.000000,
        "8" : 0.000000,