{
  "fio version" : "fio-3.39-38-gf18c",
  "timestamp" : 1744245129,
  "timestamp_ms" : 1744245129801,
  "time" : "Thu Apr 10 00:32:09 2025",
  "global options" : {
    "kb_base" : "1024",
    "runtime" : "600"
  },
  "jobs" : [
    {
      "jobname" : "filestore-randwrite-1073741824-blk1048576-iod16",
      "groupid" : 0,
      "job_start" : 1744245127172,
      "error" : 0,
      "eta" : 0,
      "elapsed" : 3,
      "job options" : {
        "stonewall" : "",
        "rw" : "randwrite",
        "size" : "1073741824",
        "bs" : "1048576",
        "iodepth" : "16",
        "filename" : "/filestore/scratch/adam/fsbench/filestore/filestore-randwrite-1073741824-blk1048576-iod16.bin"
      },
      "read" : {
        "io_bytes" : 0,
        "io_kbytes" : 0,
        "bw_bytes" : 0,
        "bw" : 0,
        "iops" : 0.000000,
        "runtime" : 0,
        "total_ios" : 0,
        "short_ios" : 0,
        "drop_ios" : 0,
        "slat_ns" : {
          "min" : 0,
          "max" : 0,
          "mean" : 0.000000,
          "stddev" : 0.000000,
          "N" : 0
        },
        "clat_ns" : {
          "min" : 0,
          "max" : 0,
          "mean" : 0.000000,
          "stddev" : 0.000000,
          "N" : 0
        },
        "lat_ns" : {
          "min" : 0,
          "max" : 0,
          "mean" : 0.000000,
          "stddev" : 0.000000,
          "N" : 0
        },
        "bw_min" : 0,
        "bw_max" : 0,
        "bw_agg" : 0.000000,
        "bw_mean" : 0.000000,
        "bw_dev" : 0.000000,
        "bw_samples" : 0,
        "iops_min" : 0,
        "iops_max" : 0,
        "iops_mean" : 0.000000,
        "iops_stddev" : 0.000000,
        "iops_samples" : 0
      },
      "write" : {
        "io_bytes" : 1073741824,
        "io_kbytes" : 1048576,
        "bw_bytes" : 2126221433,
        "bw" : 2076388,
        "iops" : 2027.722772,
        "runtime" : 505,
        "total_ios" : 1024,
        "short_ios" : 0,
        "drop_ios" : 0,
        "slat_ns" : {
          "min" : 0,
          "max" : 0,
          "mean" : 0.000000,
          "stddev" : 0.000000,
          "N" : 0
        },
        "clat_ns" : {
          "min" : 414614,
          "max" : 725301,
          "mean" : 475165.123047,
          "stddev" : 51997.538042,
          "N" : 1024,
          "percentile" : {
            "1.000000" : 415744,
            "5.000000" : 423936,
            "10.000000" : 428032,
            "20.000000" : 436224,
            "30.000000" : 444416,
            "40.000000" : 452608,
            "50.000000" : 456704,
            "60.000000" : 464896,
            "70.000000" : 473088,
            "80.000000" : 505856,
            "90.000000" : 569344,
            "95.000000" : 585728,
            "99.000000" : 610304,
            "99.500000" : 634880,
            "99.900000" : 716800,
            "99.950000" : 724992,
            "99.990000" : 724992
          },
          "bins" : {
            "415744" : 19,
            "419840" : 26,
            "423936" : 32,
            "428032" : 47,
            "432128" : 46,
            "436224" : 36,
            "440320" : 47,
            "444416" : 58,
            "448512" : 70,
            "452608" : 90,
            "456704" : 59,
            "460800" : 68,
            "464896" : 50,
            "468992" : 51,
            "473088" : 27,
            "477184" : 30,
            "481280" : 20,
            "485376" : 11,
            "489472" : 6,
            "493568" : 10,
            "497664" : 9,
            "501760" : 7,
            "505856" : 10,
            "509952" : 6,
            "514048" : 2,
            "518144" : 5,
            "522240" : 3,
            "528384" : 7,
            "536576" : 8,
            "544768" : 4,
            "552960" : 15,
            "561152" : 25,
            "569344" : 30,
            "577536" : 28,
            "585728" : 24,
            "593920" : 16,
            "602112" : 10,
            "610304" : 4,
            "618496" : 1,
            "634880" : 2,
            "667648" : 1,
            "700416" : 1,
            "716800" : 2,
            "724992" : 1
          }
        },
        "lat_ns" : {
          "min" : 423948,
          "max" : 738325,
          "mean" : 490211.192383,
          "stddev" : 53592.627342,
          "N" : 1024
        },
        "bw_min" : 14336,
        "bw_max" : 2082816,
        "bw_agg" : 50.500000,
        "bw_mean" : 1048576.000000,
        "bw_dev" : 1462636.234749,
        "bw_samples" : 2,
        "iops_min" : 14,
        "iops_max" : 2034,
        "iops_mean" : 1024.000000,
        "iops_stddev" : 1428.355698,
        "iops_samples" : 2
      },
      "trim" : {
        "io_bytes" : 0,
        "io_kbytes" : 0,
        "bw_bytes" : 0,
        "bw" : 0,
        "iops" : 0.000000,
        "runtime" : 0,
        "total_ios" : 0,
        "short_ios" : 0,
        "drop_ios" : 0,
        "slat_ns" : {
          "min" : 0,
          "max" : 0,
          "mean" : 0.000000,
          "stddev" : 0.000000,
          "N" : 0
        },
        "clat_ns" : {
          "min" : 0,
          "max" : 0,
          "mean" : 0.000000,
          "stddev" : 0.000000,
          "N" : 0
        },
        "lat_ns" : {
          "min" : 0,
          "max" : 0,
          "mean" : 0.000000,
          "stddev" : 0.000000,
          "N" : 0
        },
        "bw_min" : 0,
        "bw_max" : 0,
        "bw_agg" : 0.000000,
        "bw_mean" : 0.000000,
        "bw_dev" : 0.000000,
        "bw_samples" : 0,
        "iops_min" : 0,
        "iops_max" : 0,
        "iops_mean" : 0.000000,
        "iops_stddev" : 0.000000,
        "iops_samples" : 0
      },
      "sync" : {
        "total_ios" : 0,
        "lat_ns" : {
          "min" : 0,
          "max" : 0,
          "mean" : 0.000000,
          "stddev" : 0.000000,
          "N" : 0
        }
      },
      "job_runtime" : 504,
      "usr_cpu" : 4.166667,
      "sys_cpu" : 95.833333,
      "ctx" : 3,
      "majf" : 0,
      "minf" : 7,
      "iodepth_level" : {
        "1" : 100.000000,
        "2" : 0.000000,
        "4" : 0.000000,
        "8" : 0.000000,
        "16" : 0.000000,
        "32" : 0.000000,
        ">=64" : 0.000000
      },
      "iodepth_submit" : {
        "0" : 0.000000,
        "4" : 100.000000,
        "8" : 0.000000,
        "16" : 0.000000,
        "32" : 0.000000,
        "64" : 0.000000,
        ">=64" : 0.000000
      },
      "iodepth_complete" : {
        "0" : 0.000000,
        "4" : 100.000000,
        "8" : 0.000000,
        "16" : 0.000000,
        "32" : 0.000000,
        "64" : 0.000000,
        ">=64" : 0.000000
      },
      "latency_ns" : {
        "2" : 0.000000,
        "4" : 0.000000,
        "10" : 0.000000,
        "20" : 0.000000,
        "50" : 0.000000,
        "100" : 0.000000,
        "250" : 0.000000,
        "500" : 0.000000,
        "750" : 0.000000,
        "1000" : 0.000000
      },
      "latency_us" : {
        "2" : 0.000000,
        "4" : 0.000000,
        "10" : 0.000000,
        "20" : 0.000000,
        "50" : 0.000000,
        "100" : 0.000000,
        "250" : 0.000000,
        "500" : 79.296875,
        "750" : 20.703125,
        "1000" : 0.000000
      },
      "latency_ms" : {
        "2" : 0.000000,
        "4" : 0.000000,
        "10" : 0.000000,
        "20" : 0.000000,
        "50" : 0.000000,
        "100" : 0.000000,
        "250" : 0.000000,
        "500" : 0.000000,
        "750" : 0.000000,
        "1000" : 0.000000,
        "2000" : 0.000000,
        ">=2000" : 0.000000
      },
      "latency_depth" : 16,
      "latency_target" : 0,
      "latency_percentile" : 100.000000,
      "latency_window" : 0
    }
  ]
}
