{
  "fio version" : "fio-3.39-38-gf18c",
  "timestamp" : 1744415703,
  "timestamp_ms" : 1744415703663,
  "time" : "Fri Apr 11 23:55:03 2025",
  "global options" : {
    "kb_base" : "1024",
    "runtime" : "600s"
  },
  "jobs" : [
    {
      "jobname" : "filestore-randwrite-17179869184-blk1048576-iod4",
      "groupid" : 0,
      "job_start" : 1744415679777,
      "error" : 0,
      "eta" : 0,
      "elapsed" : 24,
      "job options" : {
        "stonewall" : "",
        "rw" : "randwrite",
        "size" : "17179869184",
        "bs" : "1048576",
        "iodepth" : "4",
        "filename" : "/filestore/scratch/adam/fsbench/filestore/filestore-randwrite-17179869184-blk1048576-iod4.bin"
      },
      "read" : {
        "io_bytes" : 0,
        "io_kbytes" : 0,
        "bw_bytes" : 0,
        "bw" : 0,
        "iops" : 0.000000,
        "runtime" : 0,
        "total_ios" : 0,
        "short_ios" : 0,
        "drop_ios" : 0,
        "slat_ns" : {
          "min" : 0,
          "max" : 0,
          "mean" : 0.000000,
          "stddev" : 0.000000,
          "N" : 0
        },
        "clat_ns" : {
          "min" : 0,
          "max" : 0,
          "mean" : 0.000000,
          "stddev" : 0.000000,
          "N" : 0
        },
        "lat_ns" : {
          "min" : 0,
          "max" : 0,
          "mean" : 0.000000,
          "stddev" : 0.000000,
          "N" : 0
        },
        "bw_min" : 0,
        "bw_max" : 0,
        "bw_agg" : 0.000000,
        "bw_mean" : 0.000000,
        "bw_dev" : 0.000000,
        "bw_samples" : 0,
        "iops_min" : 0,
        "iops_max" : 0,
        "iops_mean" : 0.000000,
        "iops_stddev" : 0.000000,
        "iops_samples" : 0
      },
      "write" : {
        "io_bytes" : 17179869184,
        "io_kbytes" : 16777216,
        "bw_bytes" : 977962610,
        "bw" : 955041,
        "iops" : 932.657824,
        "runtime" : 17567,
        "total_ios" : 16384,
        "short_ios" : 0,
        "drop_ios" : 0,
        "slat_ns" : {
          "min" : 0,
          "max" : 0,
          "mean" : 0.000000,
          "stddev" : 0.000000,
          "N" : 0
        },
        "clat_ns" : {
          "min" : 383280,
          "max" : 857632750,
          "mean" : 1052455.781067,
          "stddev" : 8562672.192074,
          "N" : 16384,
          "percentile" : {
            "1.000000" : 407552,
            "5.000000" : 423936,
            "10.000000" : 436224,
            "20.000000" : 473088,
            "30.000000" : 528384,
            "40.000000" : 552960,
            "50.000000" : 577536,
            "60.000000" : 610304,
            "70.000000" : 659456,
            "80.000000" : 774144,
            "90.000000" : 897024,
            "95.000000" : 1204224,
            "99.000000" : 8454144,
            "99.500000" : 8978432,
            "99.900000" : 10027008,
            "99.950000" : 30801920,
            "99.990000" : 549453824
          },
          "bins" : {
            "382976" : 1,
            "387072" : 5,
            "391168" : 5,
            "395264" : 26,
            "399360" : 45,
            "403456" : 72,
            "407552" : 97,
            "411648" : 122,
            "415744" : 197,
            "419840" : 227,
            "423936" : 243,
            "428032" : 245,
            "432128" : 295,
            "436224" : 251,
            "440320" : 202,
            "444416" : 192,
            "448512" : 156,
            "452608" : 157,
            "456704" : 129,
            "460800" : 139,
            "464896" : 164,
            "468992" : 151,
            "473088" : 156,
            "477184" : 158,
            "481280" : 135,
            "485376" : 120,
            "489472" : 103,
            "493568" : 108,
            "497664" : 89,
            "501760" : 96,
            "505856" : 127,
            "509952" : 128,
            "514048" : 159,
            "518144" : 207,
            "522240" : 195,
            "528384" : 435,
            "536576" : 448,
            "544768" : 477,
            "552960" : 502,
            "561152" : 469,
            "569344" : 552,
            "577536" : 514,
            "585728" : 521,
            "593920" : 485,
            "602112" : 414,
            "610304" : 365,
            "618496" : 316,
            "626688" : 303,
            "634880" : 273,
            "643072" : 231,
            "651264" : 202,
            "659456" : 161,
            "667648" : 142,
            "675840" : 110,
            "684032" : 111,
            "692224" : 102,
            "700416" : 75,
            "708608" : 100,
            "716800" : 136,
            "724992" : 106,
            "733184" : 116,
            "741376" : 95,
            "749568" : 147,
            "757760" : 141,
            "765952" : 122,
            "774144" : 126,
            "782336" : 156,
            "790528" : 128,
            "798720" : 134,
            "806912" : 139,
            "815104" : 148,
            "823296" : 117,
            "831488" : 110,
            "839680" : 106,
            "847872" : 82,
            "856064" : 78,
            "864256" : 76,
            "872448" : 85,
            "880640" : 81,
            "888832" : 52,
            "897024" : 61,
            "905216" : 62,
            "913408" : 53,
            "921600" : 42,
            "929792" : 40,
            "937984" : 24,
            "946176" : 32,
            "954368" : 34,
            "962560" : 36,
            "970752" : 32,
            "978944" : 27,
            "987136" : 30,
            "995328" : 29,
            "1003520" : 25,
            "1011712" : 24,
            "1019904" : 24,
            "1028096" : 21,
            "1036288" : 25,
            "1044480" : 16,
            "1056768" : 43,
            "1073152" : 36,
            "1089536" : 41,
            "1105920" : 24,
            "1122304" : 20,
            "1138688" : 16,
            "1155072" : 26,
            "1171456" : 16,
            "1187840" : 14,
            "1204224" : 8,
            "1220608" : 5,
            "1236992" : 8,
            "1253376" : 6,
            "1269760" : 3,
            "1286144" : 4,
            "1302528" : 5,
            "1318912" : 5,
            "1335296" : 6,
            "1351680" : 2,
            "1368064" : 6,
            "1384448" : 2,
            "1400832" : 5,
            "1417216" : 1,
            "1433600" : 3,
            "1449984" : 3,
            "1466368" : 2,
            "1482752" : 1,
            "1499136" : 5,
            "1515520" : 1,
            "1531904" : 5,
            "1548288" : 1,
            "1564672" : 1,
            "1581056" : 3,
            "1597440" : 1,
            "1613824" : 3,
            "1630208" : 2,
            "1662976" : 2,
            "1695744" : 1,
            "1712128" : 1,
            "1728512" : 1,
            "1744896" : 1,
            "1777664" : 1,
            "1810432" : 1,
            "1843200" : 1,
            "1925120" : 1,
            "1974272" : 1,
            "1990656" : 1,
            "2007040" : 1,
            "2039808" : 1,
            "2113536" : 1,
            "2703360" : 1,
            "3096576" : 1,
            "6520832" : 1,
            "6586368" : 5,
            "6651904" : 17,
            "6717440" : 16,
            "6782976" : 17,
            "6848512" : 28,
            "6914048" : 17,
            "6979584" : 22,
            "7045120" : 17,
            "7110656" : 25,
            "7176192" : 15,
            "7241728" : 17,
            "7307264" : 13,
            "7372800" : 16,
            "7438336" : 13,
            "7503872" : 15,
            "7569408" : 16,
            "7634944" : 19,
            "7700480" : 19,
            "7766016" : 27,
            "7831552" : 27,
            "7897088" : 18,
            "7962624" : 28,
            "8028160" : 29,
            "8093696" : 26,
            "8159232" : 22,
            "8224768" : 23,
            "8290304" : 17,
            "8355840" : 16,
            "8454144" : 25,
            "8585216" : 15,
            "8716288" : 16,