{
  "fio version" : "fio-3.39-38-gf18c",
  "timestamp" : 1744238162,
  "timestamp_ms" : 1744238162818,
  "time" : "Wed Apr  9 22:36:02 2025",
  "global options" : {
    "kb_base" : "1024",
    "runtime" : "600"
  },
  "jobs" : [
    {
      "jobname" : "filestore-write-4194304-blk4096-iod4",
      "groupid" : 0,
      "job_start" : 1744238162678,
      "error" : 0,
      "eta" : 2147483647,
      "elapsed" : 1,
      "job options" : {
        "stonewall" : "",
        "rw" : "write",
        "size" : "4194304",
        "bs" : "4096",
        "iodepth" : "4",
        "filename" : "/filestore/scratch/adam/fsbench/filestore/filestore-write-4194304-blk4096-iod4.bin"
      },
      "read" : {
        "io_bytes" : 0,
        "io_kbytes" : 0,
        "bw_bytes" : 0,
        "bw" : 0,
        "iops" : 0.000000,
        "runtime" : 0,
        "total_ios" : 0,
        "short_ios" : 0,
        "drop_ios" : 0,
        "slat_ns" : {
          "min" : 0,
          "max" : 0,
          "mean" : 0.000000,
          "stddev" : 0.000000,
          "N" : 0
        },
        "clat_ns" : {
          "min" : 0,
          "max" : 0,
          "mean" : 0.000000,
          "stddev" : 0.000000,
          "N" : 0
        },
        "lat_ns" : {
          "min" : 0,
          "max" : 0,
          "mean" : 0.000000,
          "stddev" : 0.000000,
          "N" : 0
        },
        "bw_min" : 0,
        "bw_max" : 0,
        "bw_agg" : 0.000000,
        "bw_mean" : 0.000000,
        "bw_dev" : 0.000000,
        "bw_samples" : 0,
        "iops_min" : 0,
        "iops_max" : 0,
        "iops_mean" : 0.000000,
        "iops_stddev" : 0.000000,
        "iops_samples" : 0
      },
      "write" : {
        "io_bytes" : 4194304,
        "io_kbytes" : 4096,
        "bw_bytes" : 1048576000,
        "bw" : 1024000,
        "iops" : 256000.000000,
        "runtime" : 4,
        "total_ios" : 1024,
        "short_ios" : 0,
        "drop_ios" : 0,
        "slat_ns" : {
          "min" : 0,
          "max" : 0,
          "mean" : 0.000000,
          "stddev" : 0.000000,
          "N" : 0
        },
        "clat_ns" : {
          "min" : 1994,
          "max" : 35092,
          "mean" : 2574.778320,
          "stddev" : 1628.714628,
          "N" : 1024,
          "percentile" : {
            "1.000000" : 2024,
            "5.000000" : 2096,
            "10.000000" : 2128,
            "20.000000" : 2160,
            "30.000000" : 2224,
            "40.000000" : 2256,
            "50.000000" : 2320,
            "60.000000" : 2384,
            "70.000000" : 2480,
            "80.000000" : 2704,
            "90.000000" : 3056,
            "95.000000" : 3280,
            "99.000000" : 4576,
            "99.500000" : 10560,
            "99.900000" : 28544,
            "99.950000" : 35072,
            "99.990000" : 35072
          },
          "bins" : {
            "1992" : 3,
            "2008" : 4,
            "2024" : 4,
            "2040" : 11,
            "2064" : 27,
            "2096" : 49,
            "2128" : 56,
            "2160" : 62,
            "2192" : 66,
            "2224" : 85,
            "2256" : 71,
            "2288" : 54,
            "2320" : 58,
            "2352" : 37,
            "2384" : 45,
            "2416" : 38,
            "2448" : 36,
            "2480" : 29,
            "2512" : 27,
            "2544" : 17,
            "2576" : 18,
            "2608" : 8,
            "2640" : 4,
            "2672" : 4,
            "2704" : 10,
            "2736" : 4,
            "2768" : 5,
            "2800" : 5,
            "2832" : 9,
            "2864" : 9,
            "2896" : 15,
            "2928" : 9,
            "2960" : 13,
            "2992" : 7,
            "3024" : 17,
            "3056" : 6,
            "3088" : 10,
            "3120" : 12,
            "3152" : 6,
            "3184" : 8,
            "3216" : 8,
            "3248" : 4,
            "3280" : 5,
            "3312" : 6,
            "3344" : 1,
            "3376" : 2,
            "3440" : 2,
            "3472" : 2,
            "3504" : 3,
            "3536" : 2,
            "3568" : 1,
            "3664" : 3,
            "3728" : 1,
            "3760" : 2,
            "3824" : 1,
            "3984" : 1,
            "4128" : 2,
            "4320" : 5,
            "4384" : 2,
            "4448" : 1,
            "4512" : 1,
            "4576" : 1,
            "4832" : 1,
            "5728" : 1,
            "6560" : 1,
            "9024" : 1,
            "10560" : 1,
            "14528" : 1,
            "17536" : 1,
            "19840" : 1,
            "28544" : 1,
            "35072" : 1
          }
        },
        "lat_ns" : {
          "min" : 2035,
          "max" : 35169,
          "mean" : 2621.653320,
          "stddev" : 1650.555241,
          "N" : 1024
        },
        "bw_min" : 0,
        "bw_max" : 0,
        "bw_agg" : 0.000000,
        "bw_mean" : 0.000000,
        "bw_dev" : 0.000000,
        "bw_samples" : 0,
        "iops_min" : 0,
        "iops_max" : 0,
        "iops_mean" : 0.000000,
        "iops_stddev" : 0.000000,
        "iops_samples" : 0
      },
      "trim" : {
        "io_bytes" : 0,
        "io_kbytes" : 0,
        "bw_bytes" : 0,
        "bw" : 0,
        "iops" : 0.000000,
        "runtime" : 0,
        "total_ios" : 0,
        "short_ios" : 0,
        "drop_ios" : 0,
        "slat_ns" : {
          "min" : 0,
          "max" : 0,
          "mean" : 0.000000,
          "stddev" : 0.000000,
          "N" : 0
        },
        "clat_ns" : {
          "min" : 0,
          "max" : 0,
          "mean" : 0.000000,
          "stddev" : 0.000000,
          "N" : 0
        },
        "lat_ns" : {
          "min" : 0,
          "max" : 0,
          "mean" : 0.000000,
          "stddev" : 0.000000,
          "N" : 0
        },
        "bw_min" : 0,
        "bw_max" : 0,
        "bw_agg" : 0.000000,
        "bw_mean" : 0.000000,
        "bw_dev" : 0.000000,
        "bw_samples" : 0,
        "iops_min" : 0,
        "iops_max" : 0,
        "iops_mean" : 0.000000,
        "iops_stddev" : 0.000000,
        "iops_samples" : 0
      },
      "sync" : {
        "total_ios" : 0,
        "lat_ns" : {
          "min" : 0,
          "max" : 0,
          "mean" : 0.000000,
          "stddev" : 0.000000,
          "N" : 0
        }
      },
      "job_runtime" : 3,
      "usr_cpu" : 0.000000,
      "sys_cpu" : 66.666667,
      "ctx" : 2,
      "majf" : 0,
      "minf" : 7,
      "iodepth_level" : {
        "1" : 100.000000,
        "2" : 0.000000,
        "4" : 0.000000,
        "8" : 0.000000,
        "16" : 0.000000,
        "32" : 0.000000,
        ">=64" : 0.000000
      },
      "iodepth_submit" : {
        "0" : 0.000000,
        "4" : 100.000000,
        "8" : 0.000000,
        "16" : 0.000000,
        "32" : 0.000000,
        "64" : 0.000000,
        ">=64" : 0.000000
      },
      "iodepth_complete" : {
        "0" : 0.000000,
        "4" : 100.000000,
        "8" : 0.000000,
        "16" : 0.000000,
        "32" : 0.000000,
        "64" : 0.000000,
        ">=64" : 0.000000
      },
      "latency_ns" : {
        "2" : 0.000000,
        "4" : 0.000000,
        "10" : 0.000000,
        "20" : 0.000000,
        "50" : 0.000000,
        "100" : 0.000000,
        "250" : 0.000000,
        "500" : 0.000000,
        "750" : 0.000000,
        "1000" : 0.000000
      },
      "latency_us" : {
        "2" : 0.292969,
        "4" : 97.558594,
        "10" : 1.562500,
        "20" : 0.390625,
        "50" : 0.195312,
        "100" : 0.000000,
        "250" : 0.000000,
        "500" : 0.000000,
        "750" : 0.000000,
        "1000" : 0.000000
      },
      "latency_ms" : {
        "2" : 0.000000,
        "4" : 0.000000,
        "10" : 0.000000,
        "20" : 0.000000,
        "50" : 0.000000,
        "100" : 0.000000,
        "250" : 0.000000,
        "500" : 0.000000,
        "750" : 0.000000,
        "1000" : 0.000000,
        "2000" : 0.000000,
        ">=2000" : 0.000000
      },