{
  "fio version" : "fio-3.39-38-gf18c",
  "timestamp" : 1744245069,
  "timestamp_ms" : 1744245069410,
  "time" : "Thu Apr 10 00:31:09 2025",
  "global options" : {
    "kb_base" : "1024",
    "runtime" : "600"
  },
  "jobs" : [
    {
      "jobname" : "filestore-randwrite-1073741824-blk65536-iod16",
      "groupid" : 0,
      "job_start" : 1744245066909,
      "error" : 0,
      "eta" : 0,
      "elapsed" : 3,
      "job options" : {
        "stonewall" : "",
        "rw" : "randwrite",
        "size" : "1073741824",
        "bs" : "65536",
        "iodepth" : "16",
        "filename" : "/filestore/scratch/adam/fsbench/filestore/filestore-randwrite-1073741824-blk65536-iod16.bin"
      },
      "read" : {
        "io_bytes" : 0,
        "io_kbytes" : 0,
        "bw_bytes" : 0,
        "bw" : 0,
        "iops" : 0.000000,
        "runtime" : 0,
        "total_ios" : 0,
        "short_ios" : 0,
        "drop_ios" : 0,
        "slat_ns" : {
          "min" : 0,
          "max" : 0,
          "mean" : 0.000000,
          "stddev" : 0.000000,
          "N" : 0
        },
        "clat_ns" : {
          "min" : 0,
          "max" : 0,
          "mean" : 0.000000,
          "stddev" : 0.000000,
          "N" : 0
        },
        "lat_ns" : {
          "min" : 0,
          "max" : 0,
          "mean" : 0.000000,
          "stddev" : 0.000000,
          "N" : 0
        },
        "bw_min" : 0,
        "bw_max" : 0,
        "bw_agg" : 0.000000,
        "bw_mean" : 0.000000,
        "bw_dev" : 0.000000,
        "bw_samples" : 0,
        "iops_min" : 0,
        "iops_max" : 0,
        "iops_mean" : 0.000000,
        "iops_stddev" : 0.000000,
        "iops_samples" : 0
      },
      "write" : {
        "io_bytes" : 1073741824,
        "io_kbytes" : 1048576,
        "bw_bytes" : 2200290622,
        "bw" : 2148721,
        "iops" : 33573.770492,
        "runtime" : 488,
        "total_ios" : 16384,
        "short_ios" : 0,
        "drop_ios" : 0,
        "slat_ns" : {
          "min" : 0,
          "max" : 0,
          "mean" : 0.000000,
          "stddev" : 0.000000,
          "N" : 0
        },
        "clat_ns" : {
          "min" : 24496,
          "max" : 166421,
          "mean" : 29049.973389,
          "stddev" : 4543.626181,
          "N" : 16384,
          "percentile" : {
            "1.000000" : 25216,
            "5.000000" : 25472,
            "10.000000" : 25728,
            "20.000000" : 26240,
            "30.000000" : 26496,
            "40.000000" : 27008,
            "50.000000" : 27264,
            "60.000000" : 28032,
            "70.000000" : 29824,
            "80.000000" : 31872,
            "90.000000" : 34048,
            "95.000000" : 36608,
            "99.000000" : 44800,
            "99.500000" : 47872,
            "99.900000" : 57088,
            "99.950000" : 72192,
            "99.990000" : 162816
          },
          "bins" : {
            "24448" : 4,
            "24704" : 22,
            "24960" : 104,
            "25216" : 259,
            "25472" : 492,
            "25728" : 811,
            "25984" : 1077,
            "26240" : 1182,
            "26496" : 1217,
            "26752" : 1180,
            "27008" : 1062,
            "27264" : 905,
            "27520" : 710,
            "27776" : 569,
            "28032" : 437,
            "28288" : 270,
            "28544" : 201,
            "28800" : 181,
            "29056" : 211,
            "29312" : 227,
            "29568" : 250,
            "29824" : 301,
            "30080" : 276,
            "30336" : 274,
            "30592" : 248,
            "30848" : 200,
            "31104" : 144,
            "31360" : 141,
            "31616" : 139,
            "31872" : 148,
            "32128" : 167,
            "32384" : 175,
            "32640" : 205,
            "33024" : 443,
            "33536" : 414,
            "34048" : 309,
            "34560" : 202,
            "35072" : 134,
            "35584" : 106,
            "36096" : 84,
            "36608" : 96,
            "37120" : 86,
            "37632" : 69,
            "38144" : 73,
            "38656" : 57,
            "39168" : 39,
            "39680" : 45,
            "40192" : 43,
            "40704" : 37,
            "41216" : 40,
            "41728" : 17,
            "42240" : 24,
            "42752" : 39,
            "43264" : 28,
            "43776" : 23,
            "44288" : 21,
            "44800" : 23,
            "45312" : 13,
            "45824" : 15,
            "46336" : 10,
            "46848" : 14,
            "47360" : 1,
            "47872" : 13,
            "48384" : 4,
            "48896" : 6,
            "49408" : 4,
            "49920" : 9,
            "50432" : 5,
            "50944" : 5,
            "51456" : 4,
            "51968" : 3,
            "52480" : 3,
            "52992" : 2,
            "53504" : 1,
            "54016" : 3,
            "54528" : 3,
            "55040" : 1,
            "55552" : 1,
            "56064" : 4,
            "56576" : 1,
            "57088" : 2,
            "58112" : 1,
            "60160" : 1,
            "61696" : 1,
            "64256" : 2,
            "64768" : 1,
            "66048" : 1,
            "72192" : 1,
            "76288" : 1,
            "77312" : 2,
            "108032" : 1,
            "109056" : 1,
            "140288" : 1,
            "162816" : 1,
            "166912" : 1
          }
        },
        "lat_ns" : {
          "min" : 24783,
          "max" : 166870,
          "mean" : 29383.493591,
          "stddev" : 4571.193356,
          "N" : 16384
        },
        "bw_min" : 2097152,
        "bw_max" : 2097152,
        "bw_agg" : 97.600000,
        "bw_mean" : 2097152.000000,
        "bw_dev" : 0.000000,
        "bw_samples" : 1,
        "iops_min" : 32768,
        "iops_max" : 32768,
        "iops_mean" : 32768.000000,
        "iops_stddev" : 0.000000,
        "iops_samples" : 1
      },
      "trim" : {
        "io_bytes" : 0,
        "io_kbytes" : 0,
        "bw_bytes" : 0,
        "bw" : 0,
        "iops" : 0.000000,
        "runtime" : 0,
        "total_ios" : 0,
        "short_ios" : 0,
        "drop_ios" : 0,
        "slat_ns" : {
          "min" : 0,
          "max" : 0,
          "mean" : 0.000000,
          "stddev" : 0.000000,
          "N" : 0
        },
        "clat_ns" : {
          "min" : 0,
          "max" : 0,
          "mean" : 0.000000,
          "stddev" : 0.000000,
          "N" : 0
        },
        "lat_ns" : {
          "min" : 0,
          "max" : 0,
          "mean" : 0.000000,
          "stddev" : 0.000000,
          "N" : 0
        },
        "bw_min" : 0,
        "bw_max" : 0,
        "bw_agg" : 0.000000,
        "bw_mean" : 0.000000,
        "bw_dev" : 0.000000,
        "bw_samples" : 0,
        "iops_min" : 0,
        "iops_max" : 0,
        "iops_mean" : 0.000000,
        "iops_stddev" : 0.000000,
        "iops_samples" : 0
      },
      "sync" : {
        "total_ios" : 0,
        "lat_ns" : {
          "min" : 0,
          "max" : 0,
          "mean" : 0.000000,
          "stddev" : 0.000000,
          "N" : 0
        }
      },
      "job_runtime" : 487,
      "usr_cpu" : 2.669405,
      "sys_cpu" : 96.919918,
      "ctx" : 4,
      "majf" : 0,
      "minf" : 7,
      "iodepth_level" : {
        "1" : 100.000000,
        "2" : 0.000000,
        "4" : 0.000000,
        "8" : 0.000000,
        "16" : 0.000000,
        "32" : 0.000000,
        ">=64" : 0.000000
      },
      "iodepth_submit" : {
        "0" : 0.000000,
        "4" : 100.000000,
        "8" : 0.000000,
        "16" : 0.000000,
        "32" : 0.000000,
        "64" : 0.000000,
        ">=64" : 0.000000
      },
      "iodepth_complete" : {
        "0" : 0.000000,
        "4" : 100.000000,
        "8" : 0.000000,
        "16" : 0.000000,
        "32" : 0.000000,
        "64" : 0.000000,
        ">=64" : 0.000000
      },
      "latency_ns" : {
        "2" : 0.000000,
        "4" : 0.000000,
        "10" : 0.000000,