{
  "fio version" : "fio-3.39-38-gf18c",
  "timestamp" : 1744238187,
  "timestamp_ms" : 1744238187403,
  "time" : "Wed Apr  9 22:36:27 2025",
  "global options" : {
    "kb_base" : "1024",
    "runtime" : "600"
  },
  "jobs" : [
    {
      "jobname" : "filestore-write-67108864-blk65536-iod1",
      "groupid" : 0,
      "job_start" : 1744238187014,
      "error" : 0,
      "eta" : 2147483647,
      "elapsed" : 1,
      "job options" : {
        "stonewall" : "",
        "rw" : "write",
        "size" : "67108864",
        "bs" : "65536",
        "iodepth" : "1",
        "filename" : "/filestore/scratch/adam/fsbench/filestore/filestore-write-67108864-blk65536-iod1.bin"
      },
      "read" : {
        "io_bytes" : 0,
        "io_kbytes" : 0,
        "bw_bytes" : 0,
        "bw" : 0,
        "iops" : 0.000000,
        "runtime" : 0,
        "total_ios" : 0,
        "short_ios" : 0,
        "drop_ios" : 0,
        "slat_ns" : {
          "min" : 0,
          "max" : 0,
          "mean" : 0.000000,
          "stddev" : 0.000000,
          "N" : 0
        },
        "clat_ns" : {
          "min" : 0,
          "max" : 0,
          "mean" : 0.000000,
          "stddev" : 0.000000,
          "N" : 0
        },
        "lat_ns" : {
          "min" : 0,
          "max" : 0,
          "mean" : 0.000000,
          "stddev" : 0.000000,
          "N" : 0
        },
        "bw_min" : 0,
        "bw_max" : 0,
        "bw_agg" : 0.000000,
        "bw_mean" : 0.000000,
        "bw_dev" : 0.000000,
        "bw_samples" : 0,
        "iops_min" : 0,
        "iops_max" : 0,
        "iops_mean" : 0.000000,
        "iops_stddev" : 0.000000,
        "iops_samples" : 0
      },
      "write" : {
        "io_bytes" : 67108864,
        "io_kbytes" : 65536,
        "bw_bytes" : 2033601939,
        "bw" : 1985939,
        "iops" : 31030.303030,
        "runtime" : 33,
        "total_ios" : 1024,
        "short_ios" : 0,
        "drop_ios" : 0,
        "slat_ns" : {
          "min" : 0,
          "max" : 0,
          "mean" : 0.000000,
          "stddev" : 0.000000,
          "N" : 0
        },
        "clat_ns" : {
          "min" : 25457,
          "max" : 66590,
          "mean" : 30371.896484,
          "stddev" : 5517.800014,
          "N" : 1024,
          "percentile" : {
            "1.000000" : 25728,
            "5.000000" : 26240,
            "10.000000" : 26240,
            "20.000000" : 26752,
            "30.000000" : 27008,
            "40.000000" : 27264,
            "50.000000" : 27776,
            "60.000000" : 29056,
            "70.000000" : 32128,
            "80.000000" : 33536,
            "90.000000" : 35584,
            "95.000000" : 41728,
            "99.000000" : 54016,
            "99.500000" : 57600,
            "99.900000" : 64768,
            "99.950000" : 67072,
            "99.990000" : 67072
          },
          "bins" : {
            "25472" : 2,
            "25728" : 14,
            "25984" : 26,
            "26240" : 61,
            "26496" : 68,
            "26752" : 97,
            "27008" : 69,
            "27264" : 84,
            "27520" : 49,
            "27776" : 52,
            "28032" : 33,
            "28288" : 26,
            "28544" : 22,
            "28800" : 10,
            "29056" : 4,
            "29312" : 9,
            "29568" : 9,
            "29824" : 3,
            "30080" : 5,
            "30336" : 5,
            "30592" : 4,
            "30848" : 8,
            "31104" : 4,
            "31360" : 8,
            "31616" : 9,
            "31872" : 17,
            "32128" : 25,
            "32384" : 30,
            "32640" : 18,
            "33024" : 47,
            "33536" : 43,
            "34048" : 27,
            "34560" : 15,
            "35072" : 16,
            "35584" : 6,
            "36096" : 6,
            "36608" : 6,
            "37120" : 3,
            "37632" : 7,
            "38144" : 5,
            "38656" : 3,
            "39168" : 5,
            "39680" : 1,
            "40192" : 5,
            "40704" : 3,
            "41216" : 1,
            "41728" : 5,
            "42240" : 2,
            "42752" : 2,
            "43264" : 3,
            "43776" : 5,
            "44288" : 3,
            "44800" : 3,
            "45824" : 1,
            "46848" : 3,
            "47360" : 4,
            "47872" : 1,
            "48384" : 3,
            "48896" : 3,
            "49408" : 1,
            "49920" : 1,
            "50944" : 1,
            "51456" : 1,
            "52480" : 1,
            "54016" : 2,
            "55040" : 1,
            "56064" : 1,
            "56576" : 1,
            "57600" : 2,
            "58112" : 1,
            "60160" : 1,
            "64768" : 1,
            "67072" : 1
          }
        },
        "lat_ns" : {
          "min" : 25743,
          "max" : 77603,
          "mean" : 30748.531250,
          "stddev" : 5645.929502,
          "N" : 1024
        },
        "bw_min" : 0,
        "bw_max" : 0,
        "bw_agg" : 0.000000,
        "bw_mean" : 0.000000,
        "bw_dev" : 0.000000,
        "bw_samples" : 0,
        "iops_min" : 0,
        "iops_max" : 0,
        "iops_mean" : 0.000000,
        "iops_stddev" : 0.000000,
        "iops_samples" : 0
      },
      "trim" : {
        "io_bytes" : 0,
        "io_kbytes" : 0,
        "bw_bytes" : 0,
        "bw" : 0,
        "iops" : 0.000000,
        "runtime" : 0,
        "total_ios" : 0,
        "short_ios" : 0,
        "drop_ios" : 0,
        "slat_ns" : {
          "min" : 0,
          "max" : 0,
          "mean" : 0.000000,
          "stddev" : 0.000000,
          "N" : 0
        },
        "clat_ns" : {
          "min" : 0,
          "max" : 0,
          "mean" : 0.000000,
          "stddev" : 0.000000,
          "N" : 0
        },
        "lat_ns" : {
          "min" : 0,
          "max" : 0,
          "mean" : 0.000000,
          "stddev" : 0.000000,
          "N" : 0
        },
        "bw_min" : 0,
        "bw_max" : 0,
        "bw_agg" : 0.000000,
        "bw_mean" : 0.000000,
        "bw_dev" : 0.000000,
        "bw_samples" : 0,
        "iops_min" : 0,
        "iops_max" : 0,
        "iops_mean" : 0.000000,
        "iops_stddev" : 0.000000,
        "iops_samples" : 0
      },
      "sync" : {
        "total_ios" : 0,
        "lat_ns" : {
          "min" : 0,
          "max" : 0,
          "mean" : 0.000000,
          "stddev" : 0.000000,
          "N" : 0
        }
      },
      "job_runtime" : 32,
      "usr_cpu" : 0.000000,
      "sys_cpu" : 93.750000,
      "ctx" : 2,
      "majf" : 0,
      "minf" : 9,
      "iodepth_level" : {
        "1" : 100.000000,
        "2" : 0.000000,
        "4" : 0.000000,
        "8" : 0.000000,
        "16" : 0.000000,
        "32" : 0.000000,
        ">=64" : 0.000000
      },
      "iodepth_submit" : {
        "0" : 0.000000,
        "4" : 100.000000,
        "8" : 0.000000,
        "16" : 0.000000,
        "32" : 0.000000,
        "64" : 0.000000,
        ">=64" : 0.000000
      },
      "iodepth_complete" : {
        "0" : 0.000000,
        "4" : 100.000000,
        "8" : 0.000000,
        "16" : 0.000000,
        "32" : 0.000000,
        "64" : 0.000000,
        ">=64" : 0.000000
      },
      "latency_ns" : {
        "2" : 0.000000,
        "4" : 0.000000,
        "10" : 0.000000,
        "20" : 0.000000,
        "50" : 0.000000,
        "100" : 0.000000,
        "250" : 0.000000,
        "500" : 0.000000,
        "750" : 0.000000,
        "1000" : 0.000000
      },
      "latency_us" : {
        "2" : 0.000000,
        "4" : 0.000000,
        "10" : 0.000000,
        "20" : 0.000000,
        "50" : 98.535156,
        "100" : 1.464844,
        "250" : 0.000000,
        "500" : 0.000000,
        "750" : 0.000000,
        "1000" : 0.000000
      },
      "latency_ms" : {
        "2" : 0.000000,
        "4" : 0.000000,
        "10" : 0.000000,
        "20" : 0.000000,
        "50" : 0.000000,
        "100" : 0.000000,
        "250" : 0.000000,
        "500" : 0.000000,