{
  "fio version" : "fio-3.39-38-gf18c",
  "timestamp" : 1744333865,
  "timestamp_ms" : 1744333865518,
  "time" : "Fri Apr 11 01:11:05 2025",
  "global options" : {
    "kb_base" : "1024",
    "runtime" : "600"
  },
  "jobs" : [
    {
      "jobname" : "filestore-write-17179869184-blk65536-iod4",
      "groupid" : 0,
      "job_start" : 1744333846127,
      "error" : 0,
      "eta" : 0,
      "elapsed" : 20,
      "job options" : {
        "stonewall" : "",
        "rw" : "write",
        "size" : "17179869184",
        "bs" : "65536",
        "iodepth" : "4",
        "filename" : "/filestore/scratch/adam/fsbench/filestore/filestore-write-17179869184-blk65536-iod4.bin"
      },
      "read" : {
        "io_bytes" : 0,
        "io_kbytes" : 0,
        "bw_bytes" : 0,
        "bw" : 0,
        "iops" : 0.000000,
        "runtime" : 0,
        "total_ios" : 0,
        "short_ios" : 0,
        "drop_ios" : 0,
        "slat_ns" : {
          "min" : 0,
          "max" : 0,
          "mean" : 0.000000,
          "stddev" : 0.000000,
          "N" : 0
        },
        "clat_ns" : {
          "min" : 0,
          "max" : 0,
          "mean" : 0.000000,
          "stddev" : 0.000000,
          "N" : 0
        },
        "lat_ns" : {
          "min" : 0,
          "max" : 0,
          "mean" : 0.000000,
          "stddev" : 0.000000,
          "N" : 0
        },
        "bw_min" : 0,
        "bw_max" : 0,
        "bw_agg" : 0.000000,
        "bw_mean" : 0.000000,
        "bw_dev" : 0.000000,
        "bw_samples" : 0,
        "iops_min" : 0,
        "iops_max" : 0,
        "iops_mean" : 0.000000,
        "iops_stddev" : 0.000000,
        "iops_samples" : 0
      },
      "write" : {
        "io_bytes" : 17179869184,
        "io_kbytes" : 16777216,
        "bw_bytes" : 1148540525,
        "bw" : 1121621,
        "iops" : 17525.337612,
        "runtime" : 14958,
        "total_ios" : 262144,
        "short_ios" : 0,
        "drop_ios" : 0,
        "slat_ns" : {
          "min" : 0,
          "max" : 0,
          "mean" : 0.000000,
          "stddev" : 0.000000,
          "N" : 0
        },
        "clat_ns" : {
          "min" : 22790,
          "max" : 108268944,
          "mean" : 56370.100533,
          "stddev" : 583911.352274,
          "N" : 262144,
          "percentile" : {
            "1.000000" : 24448,
            "5.000000" : 25728,
            "10.000000" : 26752,
            "20.000000" : 27776,
            "30.000000" : 29056,
            "40.000000" : 32128,
            "50.000000" : 36096,
            "60.000000" : 39168,
            "70.000000" : 42752,
            "80.000000" : 47872,
            "90.000000" : 60160,
            "95.000000" : 70144,
            "99.000000" : 101888,
            "99.500000" : 123392,
            "99.900000" : 7176192,
            "99.950000" : 8454144,
            "99.990000" : 13959168
          },
          "bins" : {
            "22912" : 13,
            "23168" : 39,
            "23424" : 77,
            "23680" : 164,
            "23936" : 410,
            "24192" : 821,
            "24448" : 1159,
            "24704" : 1633,
            "24960" : 1782,
            "25216" : 2023,
            "25472" : 2365,
            "25728" : 2737,
            "25984" : 3160,
            "26240" : 3661,
            "26496" : 4226,
            "26752" : 5128,
            "27008" : 5403,
            "27264" : 6022,
            "27520" : 6313,
            "27776" : 6233,
            "28032" : 5989,
            "28288" : 5940,
            "28544" : 5516,
            "28800" : 4959,
            "29056" : 4439,
            "29312" : 3799,
            "29568" : 3289,
            "29824" : 2744,
            "30080" : 2406,
            "30336" : 2100,
            "30592" : 1866,
            "30848" : 1701,
            "31104" : 1537,
            "31360" : 1506,
            "31616" : 1389,
            "31872" : 1259,
            "32128" : 1348,
            "32384" : 1441,
            "32640" : 1438,
            "33024" : 3359,
            "33536" : 3755,
            "34048" : 3809,
            "34560" : 3905,
            "35072" : 3695,
            "35584" : 3536,
            "36096" : 3592,
            "36608" : 3472,
            "37120" : 3640,
            "37632" : 3899,
            "38144" : 4363,
            "38656" : 4662,
            "39168" : 4681,
            "39680" : 4541,
            "40192" : 4242,
            "40704" : 4167,
            "41216" : 3989,
            "41728" : 3725,
            "42240" : 3604,
            "42752" : 3776,
            "43264" : 3801,
            "43776" : 3548,
            "44288" : 3362,
            "44800" : 2748,
            "45312" : 2242,
            "45824" : 1972,
            "46336" : 1787,
            "46848" : 1674,
            "47360" : 1558,
            "47872" : 1520,
            "48384" : 1445,
            "48896" : 1368,
            "49408" : 1332,
            "49920" : 1263,
            "50432" : 1171,
            "50944" : 1191,
            "51456" : 1173,
            "51968" : 1061,
            "52480" : 1081,
            "52992" : 1067,
            "53504" : 1014,
            "54016" : 1049,
            "54528" : 1027,
            "55040" : 961,
            "55552" : 952,
            "56064" : 911,
            "56576" : 923,
            "57088" : 909,
            "57600" : 942,
            "58112" : 882,
            "58624" : 963,
            "59136" : 867,
            "59648" : 837,
            "60160" : 933,
            "60672" : 857,
            "61184" : 942,
            "61696" : 896,
            "62208" : 827,
            "62720" : 896,
            "63232" : 818,
            "63744" : 793,
            "64256" : 776,
            "64768" : 715,
            "65280" : 667,
            "66048" : 1286,
            "67072" : 1072,
            "68096" : 945,
            "69120" : 877,
            "70144" : 805,
            "71168" : 725,
            "72192" : 698,
            "73216" : 637,
            "74240" : 588,
            "75264" : 536,
            "76288" : 523,
            "77312" : 497,
            "78336" : 410,
            "79360" : 402,
            "80384" : 403,
            "81408" : 359,
            "82432" : 324,
            "83456" : 335,
            "84480" : 309,
            "85504" : 293,
            "86528" : 300,
            "87552" : 264,
            "88576" : 242,
            "89600" : 230,
            "90624" : 221,
            "91648" : 233,
            "92672" : 222,
            "93696" : 234,
            "94720" : 206,
            "95744" : 210,
            "96768" : 216,
            "97792" : 157,
            "98816" : 180,
            "99840" : 162,
            "100864" : 160,
            "101888" : 135,
            "102912" : 114,
            "103936" : 110,
            "104960" : 122,
            "105984" : 87,
            "107008" : 97,
            "108032" : 70,
            "109056" : 62,
            "110080" : 63,
            "111104" : 60,
            "112128" : 66,
            "113152" : 36,
            "114176" : 49,
            "115200" : 36,
            "116224" : 50,
            "117248" : 44,
            "118272" : 46,
            "119296" : 33,
            "120320" : 38,
            "121344" : 38,
            "122368" : 27,
            "123392" : 32,
            "124416" : 39,
            "125440" : 24,
            "126464" : 39,
            "127488" : 26,
            "128512" : 20,
            "129536" : 25,
            "130560" : 17,
            "132096" : 49,
            "134144" : 48,
            "136192" : 35,
            "138240" : 31,
            "140288" : 36,
            "142336" : 23,
            "144384" : 22,
            "146432" : 17,
            "148480" : 19,
            "150528" : 21,
            "152576" : 16,
            "154624" : 15,
            "156672" : 15,
            "158720" : 11,
            "160768" : 10,
            "162816" : 13,
            "164864" : 8,
            "166912" : 8,