{
  "fio version" : "fio-3.39-38-gf18c",
  "timestamp" : 1744242935,
  "timestamp_ms" : 1744242935921,
  "time" : "Wed Apr  9 23:55:35 2025",
  "global options" : {
    "kb_base" : "1024",
    "runtime" : "600"
  },
  "jobs" : [
    {
      "jobname" : "filestore-randwrite-67108864-blk4096-iod1",
      "groupid" : 0,
      "job_start" : 1744242935532,
      "error" : 0,
      "eta" : 2147483647,
      "elapsed" : 1,
      "job options" : {
        "stonewall" : "",
        "rw" : "randwrite",
        "size" : "67108864",
        "bs" : "4096",
        "iodepth" : "1",
        "filename" : "/filestore/scratch/adam/fsbench/filestore/filestore-randwrite-67108864-blk4096-iod1.bin"
      },
      "read" : {
        "io_bytes" : 0,
        "io_kbytes" : 0,
        "bw_bytes" : 0,
        "bw" : 0,
        "iops" : 0.000000,
        "runtime" : 0,
        "total_ios" : 0,
        "short_ios" : 0,
        "drop_ios" : 0,
        "slat_ns" : {
          "min" : 0,
          "max" : 0,
          "mean" : 0.000000,
          "stddev" : 0.000000,
          "N" : 0
        },
        "clat_ns" : {
          "min" : 0,
          "max" : 0,
          "mean" : 0.000000,
          "stddev" : 0.000000,
          "N" : 0
        },
        "lat_ns" : {
          "min" : 0,
          "max" : 0,
          "mean" : 0.000000,
          "stddev" : 0.000000,
          "N" : 0
        },
        "bw_min" : 0,
        "bw_max" : 0,
        "bw_agg" : 0.000000,
        "bw_mean" : 0.000000,
        "bw_dev" : 0.000000,
        "bw_samples" : 0,
        "iops_min" : 0,
        "iops_max" : 0,
        "iops_mean" : 0.000000,
        "iops_stddev" : 0.000000,
        "iops_samples" : 0
      },
      "write" : {
        "io_bytes" : 67108864,
        "io_kbytes" : 65536,
        "bw_bytes" : 1458888347,
        "bw" : 1424695,
        "iops" : 356173.913043,
        "runtime" : 46,
        "total_ios" : 16384,
        "short_ios" : 0,
        "drop_ios" : 0,
        "slat_ns" : {
          "min" : 0,
          "max" : 0,
          "mean" : 0.000000,
          "stddev" : 0.000000,
          "N" : 0
        },
        "clat_ns" : {
          "min" : 1852,
          "max" : 126133,
          "mean" : 2419.807617,
          "stddev" : 1484.259223,
          "N" : 16384,
          "percentile" : {
            "1.000000" : 1912,
            "5.000000" : 1976,
            "10.000000" : 1992,
            "20.000000" : 2064,
            "30.000000" : 2096,
            "40.000000" : 2128,
            "50.000000" : 2160,
            "60.000000" : 2224,
            "70.000000" : 2288,
            "80.000000" : 2416,
            "90.000000" : 2896,
            "95.000000" : 3120,
            "99.000000" : 8256,
            "99.500000" : 8768,
            "99.900000" : 14528,
            "99.950000" : 17536,
            "99.990000" : 41216
          },
          "bins" : {
            "1848" : 4,
            "1864" : 8,
            "1880" : 46,
            "1896" : 90,
            "1912" : 123,
            "1928" : 139,
            "1944" : 154,
            "1960" : 232,
            "1976" : 373,
            "1992" : 482,
            "2008" : 469,
            "2024" : 414,
            "2040" : 485,
            "2064" : 1469,
            "2096" : 1364,
            "2128" : 1274,
            "2160" : 1420,
            "2192" : 1100,
            "2224" : 936,
            "2256" : 730,
            "2288" : 561,
            "2320" : 495,
            "2352" : 371,
            "2384" : 277,
            "2416" : 268,
            "2448" : 196,
            "2480" : 147,
            "2512" : 119,
            "2544" : 116,
            "2576" : 79,
            "2608" : 73,
            "2640" : 62,
            "2672" : 67,
            "2704" : 81,
            "2736" : 61,
            "2768" : 65,
            "2800" : 82,
            "2832" : 98,
            "2864" : 137,
            "2896" : 155,
            "2928" : 124,
            "2960" : 136,
            "2992" : 117,
            "3024" : 99,
            "3056" : 92,
            "3088" : 93,
            "3120" : 82,
            "3152" : 51,
            "3184" : 45,
            "3216" : 44,
            "3248" : 30,
            "3280" : 26,
            "3312" : 22,
            "3344" : 24,
            "3376" : 23,
            "3408" : 15,
            "3440" : 22,
            "3472" : 8,
            "3504" : 9,
            "3536" : 8,
            "3568" : 18,
            "3600" : 11,
            "3632" : 9,
            "3664" : 5,
            "3696" : 7,
            "3728" : 2,
            "3760" : 3,
            "3792" : 6,
            "3824" : 1,
            "3856" : 10,
            "3888" : 3,
            "3920" : 5,
            "3952" : 2,
            "3984" : 4,
            "4016" : 4,
            "4048" : 2,
            "4128" : 7,
            "4192" : 1,
            "4256" : 5,
            "4320" : 5,
            "4384" : 6,
            "4448" : 3,
            "4512" : 1,
            "4576" : 2,
            "4704" : 2,
            "4896" : 1,
            "4960" : 1,
            "5024" : 1,
            "5088" : 1,
            "5152" : 1,
            "5280" : 1,
            "5472" : 2,
            "5536" : 1,
            "5600" : 2,
            "5728" : 1,
            "5792" : 1,
            "5856" : 1,
            "5920" : 1,
            "5984" : 1,
            "6048" : 2,
            "6112" : 1,
            "6176" : 2,
            "6240" : 1,
            "6304" : 3,
            "6368" : 1,
            "6432" : 1,
            "6496" : 2,
            "6560" : 2,
            "6624" : 1,
            "6752" : 1,
            "6816" : 2,
            "6880" : 2,
            "7008" : 4,
            "7072" : 1,
            "7136" : 2,
            "7200" : 5,
            "7264" : 4,
            "7328" : 2,
            "7392" : 3,
            "7456" : 11,
            "7520" : 3,
            "7584" : 9,
            "7648" : 12,
            "7712" : 16,
            "7776" : 16,
            "7840" : 13,
            "7904" : 14,
            "7968" : 15,
            "8032" : 11,
            "8096" : 17,
            "8160" : 9,
            "8256" : 16,
            "8384" : 35,
            "8512" : 16,
            "8640" : 12,
            "8768" : 8,
            "8896" : 5,
            "9024" : 3,
            "9152" : 1,
            "9280" : 4,
            "9408" : 1,
            "9536" : 4,
            "9664" : 6,
            "9792" : 2,
            "9920" : 1,
            "10048" : 2,
            "10176" : 4,
            "10304" : 1,
            "10560" : 1,
            "10688" : 4,
            "10816" : 1,
            "10944" : 1,
            "11072" : 1,
            "11200" : 1,
            "11456" : 1,
            "11584" : 1,
            "12224" : 1,
            "12352" : 1,
            "12480" : 1,
            "12608" : 1,
            "12864" : 1,
            "13120" : 2,
            "13248" : 1,
            "13376" : 1,
            "13504" : 1,
            "13632" : 1,
            "13888" : 1,
            "14272" : 2,
            "14400" : 1,
            "14528" : 1,
            "14784" : 1,
            "14912" : 1,
            "15168" : 1,
            "15296" : 1,
            "16064" : 1,
            "16192" : 1,
            "17536" : 2,
            "18304" : 1,
            "19072" : 1,
            "20352" : 1,
            "25216" : 1,
            "26496" : 1,
            "30848" : 1,
            "41216" : 1,
            "126464" : 1
          }
        },
        "lat_ns" : {
          "min" : 1893,
          "max" : 126174,
          "mean" : 2462.511963,
          "stddev" : 1492.154179,
          "N" : 16384
        },
        "bw_min" : 0,
        "bw_max" : 0,
        "bw_agg" : 0.000000,
        "bw_mean" : 0.000000,
        "bw_dev" : 0.000000,
        "bw_samples" : 0,
        "iops_min" : 0,
        "iops_max" : 0,
        "iops_mean" : 0.000000,
        "iops_stddev" : 0.000000,
        "iops_samples" : 0
      },