{
  "fio version" : "fio-3.39-38-gf18c",
  "timestamp" : 1744334993,
  "timestamp_ms" : 1744334993881,
  "time" : "Fri Apr 11 01:29:53 2025",
  "global options" : {
    "kb_base" : "1024",
    "runtime" : "600"
  },
  "jobs" : [
    {
      "jobname" : "filestore-write-17179869184-blk1048576-iod16",
      "groupid" : 0,
      "job_start" : 1744334975002,
      "error" : 0,
      "eta" : 0,
      "elapsed" : 19,
      "job options" : {
        "stonewall" : "",
        "rw" : "write",
        "size" : "17179869184",
        "bs" : "1048576",
        "iodepth" : "16",
        "filename" : "/filestore/scratch/adam/fsbench/filestore/filestore-write-17179869184-blk1048576-iod16.bin"
      },
      "read" : {
        "io_bytes" : 0,
        "io_kbytes" : 0,
        "bw_bytes" : 0,
        "bw" : 0,
        "iops" : 0.000000,
        "runtime" : 0,
        "total_ios" : 0,
        "short_ios" : 0,
        "drop_ios" : 0,
        "slat_ns" : {
          "min" : 0,
          "max" : 0,
          "mean" : 0.000000,
          "stddev" : 0.000000,
          "N" : 0
        },
        "clat_ns" : {
          "min" : 0,
          "max" : 0,
          "mean" : 0.000000,
          "stddev" : 0.000000,
          "N" : 0
        },
        "lat_ns" : {
          "min" : 0,
          "max" : 0,
          "mean" : 0.000000,
          "stddev" : 0.000000,
          "N" : 0
        },
        "bw_min" : 0,
        "bw_max" : 0,
        "bw_agg" : 0.000000,
        "bw_mean" : 0.000000,
        "bw_dev" : 0.000000,
        "bw_samples" : 0,
        "iops_min" : 0,
        "iops_max" : 0,
        "iops_mean" : 0.000000,
        "iops_stddev" : 0.000000,
        "iops_samples" : 0
      },
      "write" : {
        "io_bytes" : 17179869184,
        "io_kbytes" : 16777216,
        "bw_bytes" : 1147926579,
        "bw" : 1121022,
        "iops" : 1094.748096,
        "runtime" : 14966,
        "total_ios" : 16384,
        "short_ios" : 0,
        "drop_ios" : 0,
        "slat_ns" : {
          "min" : 0,
          "max" : 0,
          "mean" : 0.000000,
          "stddev" : 0.000000,
          "N" : 0
        },
        "clat_ns" : {
          "min" : 385927,
          "max" : 207631325,
          "mean" : 894767.529907,
          "stddev" : 2881998.552819,
          "N" : 16384,
          "percentile" : {
            "1.000000" : 415744,
            "5.000000" : 448512,
            "10.000000" : 464896,
            "20.000000" : 497664,
            "30.000000" : 544768,
            "40.000000" : 585728,
            "50.000000" : 610304,
            "60.000000" : 634880,
            "70.000000" : 667648,
            "80.000000" : 774144,
            "90.000000" : 913408,
            "95.000000" : 1155072,
            "99.000000" : 11206656,
            "99.500000" : 11993088,
            "99.900000" : 17170432,
            "99.950000" : 21889024,
            "99.990000" : 141557760
          },
          "bins" : {
            "387072" : 1,
            "391168" : 11,
            "395264" : 14,
            "399360" : 28,
            "403456" : 30,
            "407552" : 34,
            "411648" : 41,
            "415744" : 50,
            "419840" : 56,
            "423936" : 49,
            "428032" : 76,
            "432128" : 66,
            "436224" : 79,
            "440320" : 114,
            "444416" : 112,
            "448512" : 158,
            "452608" : 178,
            "456704" : 229,
            "460800" : 230,
            "464896" : 223,
            "468992" : 219,
            "473088" : 231,
            "477184" : 233,
            "481280" : 215,
            "485376" : 171,
            "489472" : 186,
            "493568" : 176,
            "497664" : 135,
            "501760" : 133,
            "505856" : 133,
            "509952" : 149,
            "514048" : 123,
            "518144" : 127,
            "522240" : 137,
            "528384" : 242,
            "536576" : 279,
            "544768" : 290,
            "552960" : 286,
            "561152" : 356,
            "569344" : 454,
            "577536" : 495,
            "585728" : 555,
            "593920" : 521,
            "602112" : 527,
            "610304" : 528,
            "618496" : 593,
            "626688" : 534,
            "634880" : 448,
            "643072" : 469,
            "651264" : 347,
            "659456" : 279,
            "667648" : 238,
            "675840" : 223,
            "684032" : 173,
            "692224" : 154,
            "700416" : 142,
            "708608" : 118,
            "716800" : 93,
            "724992" : 95,
            "733184" : 81,
            "741376" : 93,
            "749568" : 87,
            "757760" : 88,
            "765952" : 111,
            "774144" : 115,
            "782336" : 121,
            "790528" : 101,
            "798720" : 109,
            "806912" : 117,
            "815104" : 107,
            "823296" : 121,
            "831488" : 103,
            "839680" : 98,
            "847872" : 95,
            "856064" : 82,
            "864256" : 104,
            "872448" : 86,
            "880640" : 84,
            "888832" : 88,
            "897024" : 68,
            "905216" : 70,
            "913408" : 65,
            "921600" : 43,
            "929792" : 36,
            "937984" : 39,
            "946176" : 40,
            "954368" : 32,
            "962560" : 33,
            "970752" : 30,
            "978944" : 32,
            "987136" : 36,
            "995328" : 24,
            "1003520" : 27,
            "1011712" : 30,
            "1019904" : 26,
            "1028096" : 29,
            "1036288" : 13,
            "1044480" : 25,
            "1056768" : 41,
            "1073152" : 52,
            "1089536" : 40,
            "1105920" : 48,
            "1122304" : 34,
            "1138688" : 35,
            "1155072" : 40,
            "1171456" : 35,
            "1187840" : 29,
            "1204224" : 19,
            "1220608" : 22,
            "1236992" : 9,
            "1253376" : 16,
            "1269760" : 12,
            "1286144" : 19,
            "1302528" : 18,
            "1318912" : 23,
            "1335296" : 22,
            "1351680" : 31,
            "1368064" : 38,
            "1384448" : 34,
            "1400832" : 18,
            "1417216" : 28,
            "1433600" : 22,
            "1449984" : 9,
            "1466368" : 5,
            "1482752" : 3,
            "1499136" : 6,
            "1515520" : 2,
            "1531904" : 2,
            "1548288" : 5,
            "1564672" : 1,
            "1581056" : 4,
            "1597440" : 4,
            "1613824" : 2,
            "1630208" : 3,
            "1646592" : 3,
            "1679360" : 1,
            "1695744" : 2,
            "1712128" : 2,
            "1728512" : 1,
            "1777664" : 2,
            "1794048" : 1,
            "1826816" : 1,
            "1875968" : 1,
            "1892352" : 1,
            "1957888" : 1,
            "1974272" : 1,
            "1990656" : 2,
            "2007040" : 2,
            "2039808" : 1,
            "2056192" : 1,
            "2146304" : 1,
            "2277376" : 2,
            "2441216" : 1,
            "2572288" : 1,
            "2670592" : 1,
            "3522560" : 1,
            "4882432" : 1,
            "6586368" : 1,
            "6651904" : 4,
            "6717440" : 2,
            "6782976" : 1,
            "6848512" : 5,
            "6914048" : 4,
            "6979584" : 3,
            "7045120" : 4,
            "7110656" : 5,
            "7176192" : 3,
            "7241728" : 1,
            "7307264" : 7,
            "7372800" : 9,
            "7438336" : 9,
            "7503872" : 9,
            "7569408" : 11,
            "7634944" : 5,
            "7700480" : 5,
            "7766016" : 6,
            "7831552" : 6,
            "7897088" : 8,
            "7962624" : 5,
            "8028160" : 2,
            "8093696" : 5,
            "8159232" : 1,
            "8290304" : 2,
            "8454144" : 1,