{
  "fio version" : "fio-3.39-38-gf18c",
  "timestamp" : 1744238164,
  "timestamp_ms" : 1744238164113,
  "time" : "Wed Apr  9 22:36:04 2025",
  "global options" : {
    "kb_base" : "1024",
    "runtime" : "600"
  },
  "jobs" : [
    {
      "jobname" : "filestore-write-4194304-blk4096-iod16",
      "groupid" : 0,
      "job_start" : 1744238163973,
      "error" : 0,
      "eta" : 2147483647,
      "elapsed" : 1,
      "job options" : {
        "stonewall" : "",
        "rw" : "write",
        "size" : "4194304",
        "bs" : "4096",
        "iodepth" : "16",
        "filename" : "/filestore/scratch/adam/fsbench/filestore/filestore-write-4194304-blk4096-iod16.bin"
      },
      "read" : {
        "io_bytes" : 0,
        "io_kbytes" : 0,
        "bw_bytes" : 0,
        "bw" : 0,
        "iops" : 0.000000,
        "runtime" : 0,
        "total_ios" : 0,
        "short_ios" : 0,
        "drop_ios" : 0,
        "slat_ns" : {
          "min" : 0,
          "max" : 0,
          "mean" : 0.000000,
          "stddev" : 0.000000,
          "N" : 0
        },
        "clat_ns" : {
          "min" : 0,
          "max" : 0,
          "mean" : 0.000000,
          "stddev" : 0.000000,
          "N" : 0
        },
        "lat_ns" : {
          "min" : 0,
          "max" : 0,
          "mean" : 0.000000,
          "stddev" : 0.000000,
          "N" : 0
        },
        "bw_min" : 0,
        "bw_max" : 0,
        "bw_agg" : 0.000000,
        "bw_mean" : 0.000000,
        "bw_dev" : 0.000000,
        "bw_samples" : 0,
        "iops_min" : 0,
        "iops_max" : 0,
        "iops_mean" : 0.000000,
        "iops_stddev" : 0.000000,
        "iops_samples" : 0
      },
      "write" : {
        "io_bytes" : 4194304,
        "io_kbytes" : 4096,
        "bw_bytes" : 1048576000,
        "bw" : 1024000,
        "iops" : 256000.000000,
        "runtime" : 4,
        "total_ios" : 1024,
        "short_ios" : 0,
        "drop_ios" : 0,
        "slat_ns" : {
          "min" : 0,
          "max" : 0,
          "mean" : 0.000000,
          "stddev" : 0.000000,
          "N" : 0
        },
        "clat_ns" : {
          "min" : 1988,
          "max" : 29686,
          "mean" : 2488.691406,
          "stddev" : 1363.681769,
          "N" : 1024,
          "percentile" : {
            "1.000000" : 2024,
            "5.000000" : 2096,
            "10.000000" : 2128,
            "20.000000" : 2160,
            "30.000000" : 2192,
            "40.000000" : 2224,
            "50.000000" : 2288,
            "60.000000" : 2320,
            "70.000000" : 2384,
            "80.000000" : 2512,
            "90.000000" : 2960,
            "95.000000" : 3184,
            "99.000000" : 4896,
            "99.500000" : 9280,
            "99.900000" : 20096,
            "99.950000" : 29568,
            "99.990000" : 29568
          },
          "bins" : {
            "1992" : 4,
            "2024" : 10,
            "2040" : 5,
            "2064" : 21,
            "2096" : 43,
            "2128" : 73,
            "2160" : 68,
            "2192" : 104,
            "2224" : 92,
            "2256" : 85,
            "2288" : 79,
            "2320" : 72,
            "2352" : 49,
            "2384" : 27,
            "2416" : 31,
            "2448" : 21,
            "2480" : 24,
            "2512" : 13,
            "2544" : 25,
            "2576" : 8,
            "2608" : 9,
            "2640" : 9,
            "2672" : 6,
            "2704" : 5,
            "2736" : 6,
            "2768" : 5,
            "2800" : 3,
            "2832" : 2,
            "2864" : 8,
            "2896" : 7,
            "2928" : 3,
            "2960" : 6,
            "2992" : 6,
            "3024" : 10,
            "3056" : 9,
            "3088" : 6,
            "3120" : 12,
            "3152" : 6,
            "3184" : 5,
            "3216" : 8,
            "3248" : 4,
            "3312" : 5,
            "3376" : 3,
            "3408" : 1,
            "3440" : 3,
            "3472" : 2,
            "3504" : 1,
            "3536" : 1,
            "3568" : 2,
            "3632" : 1,
            "3728" : 1,
            "3824" : 1,
            "3920" : 1,
            "4080" : 1,
            "4256" : 1,
            "4896" : 1,
            "5280" : 1,
            "6240" : 1,
            "6368" : 1,
            "8768" : 1,
            "9280" : 1,
            "11200" : 1,
            "18048" : 1,
            "19584" : 1,
            "20096" : 1,
            "29568" : 1
          }
        },
        "lat_ns" : {
          "min" : 2030,
          "max" : 31627,
          "mean" : 2534.920898,
          "stddev" : 1402.335319,
          "N" : 1024
        },
        "bw_min" : 0,
        "bw_max" : 0,
        "bw_agg" : 0.000000,
        "bw_mean" : 0.000000,
        "bw_dev" : 0.000000,
        "bw_samples" : 0,
        "iops_min" : 0,
        "iops_max" : 0,
        "iops_mean" : 0.000000,
        "iops_stddev" : 0.000000,
        "iops_samples" : 0
      },
      "trim" : {
        "io_bytes" : 0,
        "io_kbytes" : 0,
        "bw_bytes" : 0,
        "bw" : 0,
        "iops" : 0.000000,
        "runtime" : 0,
        "total_ios" : 0,
        "short_ios" : 0,
        "drop_ios" : 0,
        "slat_ns" : {
          "min" : 0,
          "max" : 0,
          "mean" : 0.000000,
          "stddev" : 0.000000,
          "N" : 0
        },
        "clat_ns" : {
          "min" : 0,
          "max" : 0,
          "mean" : 0.000000,
          "stddev" : 0.000000,
          "N" : 0
        },
        "lat_ns" : {
          "min" : 0,
          "max" : 0,
          "mean" : 0.000000,
          "stddev" : 0.000000,
          "N" : 0
        },
        "bw_min" : 0,
        "bw_max" : 0,
        "bw_agg" : 0.000000,
        "bw_mean" : 0.000000,
        "bw_dev" : 0.000000,
        "bw_samples" : 0,
        "iops_min" : 0,
        "iops_max" : 0,
        "iops_mean" : 0.000000,
        "iops_stddev" : 0.000000,
        "iops_samples" : 0
      },
      "sync" : {
        "total_ios" : 0,
        "lat_ns" : {
          "min" : 0,
          "max" : 0,
          "mean" : 0.000000,
          "stddev" : 0.000000,
          "N" : 0
        }
      },
      "job_runtime" : 3,
      "usr_cpu" : 0.000000,
      "sys_cpu" : 66.666667,
      "ctx" : 2,
      "majf" : 0,
      "minf" : 7,
      "iodepth_level" : {
        "1" : 100.000000,
        "2" : 0.000000,
        "4" : 0.000000,
        "8" : 0.000000,
        "16" : 0.000000,
        "32" : 0.000000,
        ">=64" : 0.000000
      },
      "iodepth_submit" : {
        "0" : 0.000000,
        "4" : 100.000000,
        "8" : 0.000000,
        "16" : 0.000000,
        "32" : 0.000000,
        "64" : 0.000000,
        ">=64" : 0.000000
      },
      "iodepth_complete" : {
        "0" : 0.000000,
        "4" : 100.000000,
        "8" : 0.000000,
        "16" : 0.000000,
        "32" : 0.000000,
        "64" : 0.000000,
        ">=64" : 0.000000
      },
      "latency_ns" : {
        "2" : 0.000000,
        "4" : 0.000000,
        "10" : 0.000000,
        "20" : 0.000000,
        "50" : 0.000000,
        "100" : 0.000000,
        "250" : 0.000000,
        "500" : 0.000000,
        "750" : 0.000000,
        "1000" : 0.000000
      },
      "latency_us" : {
        "2" : 0.390625,
        "4" : 98.339844,
        "10" : 0.781250,
        "20" : 0.292969,
        "50" : 0.195312,
        "100" : 0.000000,
        "250" : 0.000000,
        "500" : 0.000000,
        "750" : 0.000000,
        "1000" : 0.000000
      },
      "latency_ms" : {
        "2" : 0.000000,
        "4" : 0.000000,
        "10" : 0.000000,
        "20" : 0.000000,
        "50" : 0.000000,
        "100" : 0.000000,
        "250" : 0.000000,
        "500" : 0.000000,
        "750" : 0.000000,
        "1000" : 0.000000,
        "2000" : 0.000000,
        ">=2000" : 0.000000
      },
      "latency_depth" : 16,
      "latency_target" : 0,
      "latency_percentile" : 100.000000,
      "latency_window" : 0
    }
  ]
}
