{
  "fio version" : "fio-3.39-38-gf18c",
  "timestamp" : 1744238179,
  "timestamp_ms" : 1744238179331,
  "time" : "Wed Apr  9 22:36:19 2025",
  "global options" : {
    "kb_base" : "1024",
    "runtime" : "600"
  },
  "jobs" : [
    {
      "jobname" : "filestore-write-67108864-blk256-iod16",
      "groupid" : 0,
      "job_start" : 1744238178830,
      "error" : 0,
      "eta" : 2147483647,
      "elapsed" : 1,
      "job options" : {
        "stonewall" : "",
        "rw" : "write",
        "size" : "67108864",
        "bs" : "256",
        "iodepth" : "16",
        "filename" : "/filestore/scratch/adam/fsbench/filestore/filestore-write-67108864-blk256-iod16.bin"
      },
      "read" : {
        "io_bytes" : 0,
        "io_kbytes" : 0,
        "bw_bytes" : 0,
        "bw" : 0,
        "iops" : 0.000000,
        "runtime" : 0,
        "total_ios" : 0,
        "short_ios" : 0,
        "drop_ios" : 0,
        "slat_ns" : {
          "min" : 0,
          "max" : 0,
          "mean" : 0.000000,
          "stddev" : 0.000000,
          "N" : 0
        },
        "clat_ns" : {
          "min" : 0,
          "max" : 0,
          "mean" : 0.000000,
          "stddev" : 0.000000,
          "N" : 0
        },
        "lat_ns" : {
          "min" : 0,
          "max" : 0,
          "mean" : 0.000000,
          "stddev" : 0.000000,
          "N" : 0
        },
        "bw_min" : 0,
        "bw_max" : 0,
        "bw_agg" : 0.000000,
        "bw_mean" : 0.000000,
        "bw_dev" : 0.000000,
        "bw_samples" : 0,
        "iops_min" : 0,
        "iops_max" : 0,
        "iops_mean" : 0.000000,
        "iops_stddev" : 0.000000,
        "iops_samples" : 0
      },
      "write" : {
        "io_bytes" : 67108864,
        "io_kbytes" : 65536,
        "bw_bytes" : 216480206,
        "bw" : 211406,
        "iops" : 845625.806452,
        "runtime" : 310,
        "total_ios" : 262144,
        "short_ios" : 0,
        "drop_ios" : 0,
        "slat_ns" : {
          "min" : 0,
          "max" : 0,
          "mean" : 0.000000,
          "stddev" : 0.000000,
          "N" : 0
        },
        "clat_ns" : {
          "min" : 734,
          "max" : 142699,
          "mean" : 957.562664,
          "stddev" : 866.236281,
          "N" : 262144,
          "percentile" : {
            "1.000000" : 748,
            "5.000000" : 748,
            "10.000000" : 756,
            "20.000000" : 764,
            "30.000000" : 780,
            "40.000000" : 820,
            "50.000000" : 836,
            "60.000000" : 852,
            "70.000000" : 860,
            "80.000000" : 892,
            "90.000000" : 1096,
            "95.000000" : 1896,
            "99.000000" : 2896,
            "99.500000" : 3696,
            "99.900000" : 9920,
            "99.950000" : 12224,
            "99.990000" : 20864
          },
          "bins" : {
            "732" : 2,
            "740" : 1168,
            "748" : 13340,
            "756" : 21613,
            "764" : 21637,
            "772" : 15409,
            "780" : 10496,
            "788" : 5038,
            "796" : 4574,
            "804" : 4614,
            "812" : 5180,
            "820" : 6538,
            "828" : 11128,
            "836" : 15652,
            "844" : 17757,
            "852" : 18142,
            "860" : 16696,
            "868" : 9926,
            "876" : 6818,
            "884" : 3943,
            "892" : 3711,
            "900" : 3962,
            "908" : 3262,
            "916" : 3227,
            "924" : 2730,
            "932" : 1832,
            "940" : 1429,
            "948" : 812,
            "956" : 681,
            "964" : 590,
            "972" : 305,
            "980" : 275,
            "988" : 248,
            "996" : 265,
            "1004" : 272,
            "1012" : 289,
            "1020" : 297,
            "1032" : 526,
            "1048" : 520,
            "1064" : 472,
            "1080" : 491,
            "1096" : 463,
            "1112" : 478,
            "1128" : 576,
            "1144" : 660,
            "1160" : 652,
            "1176" : 511,
            "1192" : 485,
            "1208" : 477,
            "1224" : 475,
            "1240" : 437,
            "1256" : 388,
            "1272" : 306,
            "1288" : 274,
            "1304" : 219,
            "1320" : 239,
            "1336" : 223,
            "1352" : 179,
            "1368" : 159,
            "1384" : 146,
            "1400" : 146,
            "1416" : 119,
            "1432" : 103,
            "1448" : 89,
            "1464" : 100,
            "1480" : 104,
            "1496" : 74,
            "1512" : 81,
            "1528" : 59,
            "1544" : 74,
            "1560" : 71,
            "1576" : 93,
            "1592" : 98,
            "1608" : 82,
            "1624" : 85,
            "1640" : 101,
            "1656" : 103,
            "1672" : 132,
            "1688" : 151,
            "1704" : 179,
            "1720" : 201,
            "1736" : 238,
            "1752" : 253,
            "1768" : 283,
            "1784" : 304,
            "1800" : 280,
            "1816" : 350,
            "1832" : 363,
            "1848" : 384,
            "1864" : 372,
            "1880" : 405,
            "1896" : 394,
            "1912" : 401,
            "1928" : 361,
            "1944" : 420,
            "1960" : 413,
            "1976" : 436,
            "1992" : 404,
            "2008" : 425,
            "2024" : 403,
            "2040" : 385,
            "2064" : 743,
            "2096" : 624,
            "2128" : 602,
            "2160" : 527,
            "2192" : 460,
            "2224" : 439,
            "2256" : 404,
            "2288" : 343,
            "2320" : 282,
            "2352" : 273,
            "2384" : 238,
            "2416" : 190,
            "2448" : 172,
            "2480" : 156,
            "2512" : 152,
            "2544" : 140,
            "2576" : 113,
            "2608" : 136,
            "2640" : 108,
            "2672" : 90,
            "2704" : 108,
            "2736" : 102,
            "2768" : 105,
            "2800" : 98,
            "2832" : 88,
            "2864" : 81,
            "2896" : 92,
            "2928" : 100,
            "2960" : 84,
            "2992" : 92,
            "3024" : 81,
            "3056" : 77,
            "3088" : 53,
            "3120" : 66,
            "3152" : 63,
            "3184" : 64,
            "3216" : 63,
            "3248" : 39,
            "3280" : 42,
            "3312" : 48,
            "3344" : 47,
            "3376" : 47,
            "3408" : 32,
            "3440" : 29,
            "3472" : 36,
            "3504" : 28,
            "3536" : 19,
            "3568" : 27,
            "3600" : 25,
            "3632" : 36,
            "3664" : 26,
            "3696" : 18,
            "3728" : 18,
            "3760" : 19,
            "3792" : 17,
            "3824" : 14,
            "3856" : 15,
            "3888" : 13,
            "3920" : 10,
            "3952" : 11,
            "3984" : 13,
            "4016" : 10,
            "4048" : 9,
            "4080" : 10,
            "4128" : 24,
            "4192" : 26,
            "4256" : 14,
            "4320" : 20,
            "4384" : 13,
            "4448" : 18,
            "4512" : 29,
            "4576" : 20,
            "4640" : 20,
            "4704" : 14,
            "4768" : 19,
            "4832" : 13,
            "4896" : 9,
            "4960" : 12,
            "5024" : 19,
            "5088" : 10,
            "5152" : 16,
            "5216" : 13,
            "5280" : 7,
            "5344" : 12,
            "5408" : 15,
            "5472" : 10,
            "5536" : 6,
            "5600" : 6,
            "5664" : 6,
            "5728" : 4,
            "5792" : 5,
            "5856" : 6,
            "5920" : 8,
            "5984" : 9,
            "6048" : 5,
            "6112" : 5,
            "6176" : 4,
            "6240" : 6,
            "6304" : 6,
            "6368" : 2,