{
  "fio version" : "fio-3.39-38-gf18c",
  "timestamp" : 1744238149,
  "timestamp_ms" : 1744238149818,
  "time" : "Wed Apr  9 22:35:49 2025",
  "global options" : {
    "kb_base" : "1024",
    "runtime" : "600"
  },
  "jobs" : [
    {
      "jobname" : "filestore-write-262144-blk4096-iod1",
      "groupid" : 0,
      "job_start" : 1744238149678,
      "error" : 0,
      "eta" : 2147483647,
      "elapsed" : 1,
      "job options" : {
        "stonewall" : "",
        "rw" : "write",
        "size" : "262144",
        "bs" : "4096",
        "iodepth" : "1",
        "filename" : "/filestore/scratch/adam/fsbench/filestore/filestore-write-262144-blk4096-iod1.bin"
      },
      "read" : {
        "io_bytes" : 0,
        "io_kbytes" : 0,
        "bw_bytes" : 0,
        "bw" : 0,
        "iops" : 0.000000,
        "runtime" : 0,
        "total_ios" : 0,
        "short_ios" : 0,
        "drop_ios" : 0,
        "slat_ns" : {
          "min" : 0,
          "max" : 0,
          "mean" : 0.000000,
          "stddev" : 0.000000,
          "N" : 0
        },
        "clat_ns" : {
          "min" : 0,
          "max" : 0,
          "mean" : 0.000000,
          "stddev" : 0.000000,
          "N" : 0
        },
        "lat_ns" : {
          "min" : 0,
          "max" : 0,
          "mean" : 0.000000,
          "stddev" : 0.000000,
          "N" : 0
        },
        "bw_min" : 0,
        "bw_max" : 0,
        "bw_agg" : 0.000000,
        "bw_mean" : 0.000000,
        "bw_dev" : 0.000000,
        "bw_samples" : 0,
        "iops_min" : 0,
        "iops_max" : 0,
        "iops_mean" : 0.000000,
        "iops_stddev" : 0.000000,
        "iops_samples" : 0
      },
      "write" : {
        "io_bytes" : 262144,
        "io_kbytes" : 256,
        "bw_bytes" : 262144000,
        "bw" : 256000,
        "iops" : 64000.000000,
        "runtime" : 1,
        "total_ios" : 64,
        "short_ios" : 0,
        "drop_ios" : 0,
        "slat_ns" : {
          "min" : 0,
          "max" : 0,
          "mean" : 0.000000,
          "stddev" : 0.000000,
          "N" : 0
        },
        "clat_ns" : {
          "min" : 1874,
          "max" : 25084,
          "mean" : 3057.031250,
          "stddev" : 3424.331018,
          "N" : 64,
          "percentile" : {
            "1.000000" : 1880,
            "5.000000" : 2008,
            "10.000000" : 2024,
            "20.000000" : 2128,
            "30.000000" : 2192,
            "40.000000" : 2224,
            "50.000000" : 2256,
            "60.000000" : 2352,
            "70.000000" : 2416,
            "80.000000" : 2672,
            "90.000000" : 3120,
            "95.000000" : 5280,
            "99.000000" : 24960,
            "99.500000" : 24960,
            "99.900000" : 24960,
            "99.950000" : 24960,
            "99.990000" : 24960
          },
          "bins" : {
            "1880" : 1,
            "1960" : 2,
            "2008" : 2,
            "2024" : 3,
            "2064" : 1,
            "2128" : 5,
            "2160" : 5,
            "2192" : 5,
            "2224" : 7,
            "2256" : 2,
            "2288" : 4,
            "2320" : 1,
            "2352" : 3,
            "2416" : 5,
            "2448" : 3,
            "2512" : 1,
            "2544" : 1,
            "2672" : 2,
            "2704" : 2,
            "2832" : 2,
            "3120" : 1,
            "3888" : 1,
            "4192" : 1,
            "5280" : 1,
            "7392" : 1,
            "16768" : 1,
            "24960" : 1
          }
        },
        "lat_ns" : {
          "min" : 1913,
          "max" : 26624,
          "mean" : 3121.484375,
          "stddev" : 3579.719684,
          "N" : 64
        },
        "bw_min" : 0,
        "bw_max" : 0,
        "bw_agg" : 0.000000,
        "bw_mean" : 0.000000,
        "bw_dev" : 0.000000,
        "bw_samples" : 0,
        "iops_min" : 0,
        "iops_max" : 0,
        "iops_mean" : 0.000000,
        "iops_stddev" : 0.000000,
        "iops_samples" : 0
      },
      "trim" : {
        "io_bytes" : 0,
        "io_kbytes" : 0,
        "bw_bytes" : 0,
        "bw" : 0,
        "iops" : 0.000000,
        "runtime" : 0,
        "total_ios" : 0,
        "short_ios" : 0,
        "drop_ios" : 0,
        "slat_ns" : {
          "min" : 0,
          "max" : 0,
          "mean" : 0.000000,
          "stddev" : 0.000000,
          "N" : 0
        },
        "clat_ns" : {
          "min" : 0,
          "max" : 0,
          "mean" : 0.000000,
          "stddev" : 0.000000,
          "N" : 0
        },
        "lat_ns" : {
          "min" : 0,
          "max" : 0,
          "mean" : 0.000000,
          "stddev" : 0.000000,
          "N" : 0
        },
        "bw_min" : 0,
        "bw_max" : 0,
        "bw_agg" : 0.000000,
        "bw_mean" : 0.000000,
        "bw_dev" : 0.000000,
        "bw_samples" : 0,
        "iops_min" : 0,
        "iops_max" : 0,
        "iops_mean" : 0.000000,
        "iops_stddev" : 0.000000,
        "iops_samples" : 0
      },
      "sync" : {
        "total_ios" : 0,
        "lat_ns" : {
          "min" : 0,
          "max" : 0,
          "mean" : 0.000000,
          "stddev" : 0.000000,
          "N" : 0
        }
      },
      "job_runtime" : 0,
      "usr_cpu" : 0.000000,
      "sys_cpu" : 0.000000,
      "ctx" : 2,
      "majf" : 0,
      "minf" : 8,
      "iodepth_level" : {
        "1" : 100.000000,
        "2" : 0.000000,
        "4" : 0.000000,
        "8" : 0.000000,
        "16" : 0.000000,
        "32" : 0.000000,
        ">=64" : 0.000000
      },
      "iodepth_submit" : {
        "0" : 0.000000,
        "4" : 100.000000,
        "8" : 0.000000,
        "16" : 0.000000,
        "32" : 0.000000,
        "64" : 0.000000,
        ">=64" : 0.000000
      },
      "iodepth_complete" : {
        "0" : 0.000000,
        "4" : 100.000000,
        "8" : 0.000000,
        "16" : 0.000000,
        "32" : 0.000000,
        "64" : 0.000000,
        ">=64" : 0.000000
      },
      "latency_ns" : {
        "2" : 0.000000,
        "4" : 0.000000,
        "10" : 0.000000,
        "20" : 0.000000,
        "50" : 0.000000,
        "100" : 0.000000,
        "250" : 0.000000,
        "500" : 0.000000,
        "750" : 0.000000,
        "1000" : 0.000000
      },
      "latency_us" : {
        "2" : 4.687500,
        "4" : 87.500000,
        "10" : 4.687500,
        "20" : 1.562500,
        "50" : 1.562500,
        "100" : 0.000000,
        "250" : 0.000000,
        "500" : 0.000000,
        "750" : 0.000000,
        "1000" : 0.000000
      },
      "latency_ms" : {
        "2" : 0.000000,
        "4" : 0.000000,
        "10" : 0.000000,
        "20" : 0.000000,
        "50" : 0.000000,
        "100" : 0.000000,
        "250" : 0.000000,
        "500" : 0.000000,
        "750" : 0.000000,
        "1000" : 0.000000,
        "2000" : 0.000000,
        ">=2000" : 0.000000
      },
      "latency_depth" : 1,
      "latency_target" : 0,
      "latency_percentile" : 100.000000,
      "latency_window" : 0
    }
  ]
}
