{
  "fio version" : "fio-3.39-38-gf18c",
  "timestamp" : 1744414544,
  "timestamp_ms" : 1744414544989,
  "time" : "Fri Apr 11 23:35:44 2025",
  "global options" : {
    "kb_base" : "1024",
    "runtime" : "600s"
  },
  "jobs" : [
    {
      "jobname" : "filestore-randwrite-17179869184-blk65536-iod1",
      "groupid" : 0,
      "job_start" : 1744414514350,
      "error" : 0,
      "eta" : 0,
      "elapsed" : 31,
      "job options" : {
        "stonewall" : "",
        "rw" : "randwrite",
        "size" : "17179869184",
        "bs" : "65536",
        "iodepth" : "1",
        "filename" : "/filestore/scratch/adam/fsbench/filestore/filestore-randwrite-17179869184-blk65536-iod1.bin"
      },
      "read" : {
        "io_bytes" : 0,
        "io_kbytes" : 0,
        "bw_bytes" : 0,
        "bw" : 0,
        "iops" : 0.000000,
        "runtime" : 0,
        "total_ios" : 0,
        "short_ios" : 0,
        "drop_ios" : 0,
        "slat_ns" : {
          "min" : 0,
          "max" : 0,
          "mean" : 0.000000,
          "stddev" : 0.000000,
          "N" : 0
        },
        "clat_ns" : {
          "min" : 0,
          "max" : 0,
          "mean" : 0.000000,
          "stddev" : 0.000000,
          "N" : 0
        },
        "lat_ns" : {
          "min" : 0,
          "max" : 0,
          "mean" : 0.000000,
          "stddev" : 0.000000,
          "N" : 0
        },
        "bw_min" : 0,
        "bw_max" : 0,
        "bw_agg" : 0.000000,
        "bw_mean" : 0.000000,
        "bw_dev" : 0.000000,
        "bw_samples" : 0,
        "iops_min" : 0,
        "iops_max" : 0,
        "iops_mean" : 0.000000,
        "iops_stddev" : 0.000000,
        "iops_samples" : 0
      },
      "write" : {
        "io_bytes" : 17179869184,
        "io_kbytes" : 16777216,
        "bw_bytes" : 743685086,
        "bw" : 726254,
        "iops" : 11347.733864,
        "runtime" : 23101,
        "total_ios" : 262144,
        "short_ios" : 0,
        "drop_ios" : 0,
        "slat_ns" : {
          "min" : 0,
          "max" : 0,
          "mean" : 0.000000,
          "stddev" : 0.000000,
          "N" : 0
        },
        "clat_ns" : {
          "min" : 21567,
          "max" : 377236253,
          "mean" : 87120.788696,
          "stddev" : 1320025.682062,
          "N" : 262144,
          "percentile" : {
            "1.000000" : 24960,
            "5.000000" : 25984,
            "10.000000" : 26752,
            "20.000000" : 27776,
            "30.000000" : 28800,
            "40.000000" : 31872,
            "50.000000" : 36096,
            "60.000000" : 40192,
            "70.000000" : 43264,
            "80.000000" : 48384,
            "90.000000" : 61696,
            "95.000000" : 75264,
            "99.000000" : 125440,
            "99.500000" : 166912,
            "99.900000" : 13697024,
            "99.950000" : 15663104,
            "99.990000" : 27394048
          },
          "bins" : {
            "21632" : 1,
            "22144" : 1,
            "22400" : 2,
            "23168" : 3,
            "23424" : 7,
            "23680" : 29,
            "23936" : 55,
            "24192" : 161,
            "24448" : 430,
            "24704" : 1112,
            "24960" : 1807,
            "25216" : 2563,
            "25472" : 3028,
            "25728" : 3324,
            "25984" : 3744,
            "26240" : 4294,
            "26496" : 4912,
            "26752" : 5787,
            "27008" : 6517,
            "27264" : 6870,
            "27520" : 7030,
            "27776" : 6553,
            "28032" : 6177,
            "28288" : 5507,
            "28544" : 5058,
            "28800" : 4366,
            "29056" : 3717,
            "29312" : 3218,
            "29568" : 2959,
            "29824" : 2554,
            "30080" : 2271,
            "30336" : 2129,
            "30592" : 1935,
            "30848" : 1824,
            "31104" : 1551,
            "31360" : 1413,
            "31616" : 1379,
            "31872" : 1358,
            "32128" : 1255,
            "32384" : 1357,
            "32640" : 1406,
            "33024" : 2905,
            "33536" : 3352,
            "34048" : 3675,
            "34560" : 3695,
            "35072" : 3579,
            "35584" : 3378,
            "36096" : 3327,
            "36608" : 3091,
            "37120" : 3145,
            "37632" : 3095,
            "38144" : 2826,
            "38656" : 2750,
            "39168" : 3266,
            "39680" : 4179,
            "40192" : 5040,
            "40704" : 5507,
            "41216" : 4994,
            "41728" : 4538,
            "42240" : 3871,
            "42752" : 3406,
            "43264" : 3243,
            "43776" : 3149,
            "44288" : 3008,
            "44800" : 2917,
            "45312" : 2665,
            "45824" : 2449,
            "46336" : 2265,
            "46848" : 2054,
            "47360" : 1847,
            "47872" : 1674,
            "48384" : 1581,
            "48896" : 1468,
            "49408" : 1393,
            "49920" : 1268,
            "50432" : 1168,
            "50944" : 1211,
            "51456" : 1125,
            "51968" : 1079,
            "52480" : 1100,
            "52992" : 995,
            "53504" : 1013,
            "54016" : 905,
            "54528" : 938,
            "55040" : 899,
            "55552" : 864,
            "56064" : 797,
            "56576" : 861,
            "57088" : 908,
            "57600" : 895,
            "58112" : 949,
            "58624" : 1007,
            "59136" : 949,
            "59648" : 1018,
            "60160" : 892,
            "60672" : 959,
            "61184" : 882,
            "61696" : 864,
            "62208" : 806,
            "62720" : 794,
            "63232" : 739,
            "63744" : 699,
            "64256" : 643,
            "64768" : 656,
            "65280" : 601,
            "66048" : 1037,
            "67072" : 937,
            "68096" : 860,
            "69120" : 818,
            "70144" : 745,
            "71168" : 709,
            "72192" : 677,
            "73216" : 649,
            "74240" : 600,
            "75264" : 568,
            "76288" : 573,
            "77312" : 561,
            "78336" : 499,
            "79360" : 486,
            "80384" : 516,
            "81408" : 430,
            "82432" : 443,
            "83456" : 398,
            "84480" : 401,
            "85504" : 337,
            "86528" : 334,
            "87552" : 295,
            "88576" : 301,
            "89600" : 266,
            "90624" : 275,
            "91648" : 238,
            "92672" : 257,
            "93696" : 247,
            "94720" : 226,
            "95744" : 214,
            "96768" : 189,
            "97792" : 189,
            "98816" : 219,
            "99840" : 149,
            "100864" : 177,
            "101888" : 150,
            "102912" : 153,
            "103936" : 150,
            "104960" : 133,
            "105984" : 128,
            "107008" : 115,
            "108032" : 119,
            "109056" : 110,
            "110080" : 108,
            "111104" : 107,
            "112128" : 88,
            "113152" : 77,
            "114176" : 82,
            "115200" : 78,
            "116224" : 61,
            "117248" : 72,
            "118272" : 73,
            "119296" : 56,
            "120320" : 59,
            "121344" : 51,
            "122368" : 68,
            "123392" : 76,
            "124416" : 70,
            "125440" : 54,
            "126464" : 48,
            "127488" : 49,
            "128512" : 51,
            "129536" : 35,
            "130560" : 61,
            "132096" : 87,
            "134144" : 62,
            "136192" : 85,
            "138240" : 69,
            "140288" : 86,
            "142336" : 69,
            "144384" : 50,
            "146432" : 58,
            "148480" : 55,
            "150528" : 46,
            "152576" : 51,
            "154624" : 55,
            "156672" : 53,
            "158720" : 57,
            "160768" : 53,
            "162816" : 42,