{
  "fio version" : "fio-3.39-38-gf18c",
  "timestamp" : 1744238158,
  "timestamp_ms" : 1744238158911,
  "time" : "Wed Apr  9 22:35:58 2025",
  "global options" : {
    "kb_base" : "1024",
    "runtime" : "600"
  },
  "jobs" : [
    {
      "jobname" : "filestore-write-4194304-blk256-iod4",
      "groupid" : 0,
      "job_start" : 1744238158771,
      "error" : 0,
      "eta" : 2147483647,
      "elapsed" : 1,
      "job options" : {
        "stonewall" : "",
        "rw" : "write",
        "size" : "4194304",
        "bs" : "256",
        "iodepth" : "4",
        "filename" : "/filestore/scratch/adam/fsbench/filestore/filestore-write-4194304-blk256-iod4.bin"
      },
      "read" : {
        "io_bytes" : 0,
        "io_kbytes" : 0,
        "bw_bytes" : 0,
        "bw" : 0,
        "iops" : 0.000000,
        "runtime" : 0,
        "total_ios" : 0,
        "short_ios" : 0,
        "drop_ios" : 0,
        "slat_ns" : {
          "min" : 0,
          "max" : 0,
          "mean" : 0.000000,
          "stddev" : 0.000000,
          "N" : 0
        },
        "clat_ns" : {
          "min" : 0,
          "max" : 0,
          "mean" : 0.000000,
          "stddev" : 0.000000,
          "N" : 0
        },
        "lat_ns" : {
          "min" : 0,
          "max" : 0,
          "mean" : 0.000000,
          "stddev" : 0.000000,
          "N" : 0
        },
        "bw_min" : 0,
        "bw_max" : 0,
        "bw_agg" : 0.000000,
        "bw_mean" : 0.000000,
        "bw_dev" : 0.000000,
        "bw_samples" : 0,
        "iops_min" : 0,
        "iops_max" : 0,
        "iops_mean" : 0.000000,
        "iops_stddev" : 0.000000,
        "iops_samples" : 0
      },
      "write" : {
        "io_bytes" : 4194304,
        "io_kbytes" : 4096,
        "bw_bytes" : 209715200,
        "bw" : 204800,
        "iops" : 819200.000000,
        "runtime" : 20,
        "total_ios" : 16384,
        "short_ios" : 0,
        "drop_ios" : 0,
        "slat_ns" : {
          "min" : 0,
          "max" : 0,
          "mean" : 0.000000,
          "stddev" : 0.000000,
          "N" : 0
        },
        "clat_ns" : {
          "min" : 746,
          "max" : 27454,
          "mean" : 938.875671,
          "stddev" : 590.964298,
          "N" : 16384,
          "percentile" : {
            "1.000000" : 756,
            "5.000000" : 756,
            "10.000000" : 756,
            "20.000000" : 764,
            "30.000000" : 780,
            "40.000000" : 820,
            "50.000000" : 844,
            "60.000000" : 852,
            "70.000000" : 860,
            "80.000000" : 884,
            "90.000000" : 948,
            "95.000000" : 1848,
            "99.000000" : 2608,
            "99.500000" : 3152,
            "99.900000" : 9024,
            "99.950000" : 10816,
            "99.990000" : 16512
          },
          "bins" : {
            "748" : 162,
            "756" : 1765,
            "764" : 1478,
            "772" : 590,
            "780" : 1251,
            "788" : 615,
            "796" : 220,
            "804" : 108,
            "812" : 229,
            "820" : 522,
            "828" : 487,
            "836" : 494,
            "844" : 623,
            "852" : 1533,
            "860" : 1426,
            "868" : 591,
            "876" : 928,
            "884" : 533,
            "892" : 152,
            "900" : 101,
            "908" : 69,
            "916" : 269,
            "924" : 208,
            "932" : 125,
            "940" : 222,
            "948" : 102,
            "956" : 45,
            "964" : 17,
            "972" : 12,
            "980" : 4,
            "988" : 6,
            "996" : 5,
            "1004" : 3,
            "1012" : 7,
            "1020" : 7,
            "1032" : 14,
            "1048" : 17,
            "1064" : 23,
            "1080" : 21,
            "1096" : 20,
            "1112" : 22,
            "1128" : 13,
            "1144" : 24,
            "1160" : 22,
            "1176" : 24,
            "1192" : 20,
            "1208" : 21,
            "1224" : 17,
            "1240" : 9,
            "1256" : 16,
            "1272" : 11,
            "1288" : 12,
            "1304" : 9,
            "1320" : 9,
            "1336" : 9,
            "1352" : 6,
            "1368" : 3,
            "1384" : 12,
            "1400" : 8,
            "1416" : 5,
            "1432" : 9,
            "1448" : 7,
            "1464" : 5,
            "1480" : 4,
            "1496" : 4,
            "1512" : 1,
            "1528" : 2,
            "1544" : 2,
            "1560" : 3,
            "1576" : 5,
            "1592" : 4,
            "1608" : 4,
            "1624" : 4,
            "1640" : 5,
            "1656" : 7,
            "1672" : 7,
            "1688" : 11,
            "1704" : 10,
            "1720" : 27,
            "1736" : 18,
            "1752" : 11,
            "1768" : 17,
            "1784" : 20,
            "1800" : 20,
            "1816" : 29,
            "1832" : 24,
            "1848" : 38,
            "1864" : 28,
            "1880" : 29,
            "1896" : 25,
            "1912" : 35,
            "1928" : 24,
            "1944" : 35,
            "1960" : 37,
            "1976" : 22,
            "1992" : 26,
            "2008" : 32,
            "2024" : 22,
            "2040" : 25,
            "2064" : 40,
            "2096" : 33,
            "2128" : 28,
            "2160" : 29,
            "2192" : 31,
            "2224" : 22,
            "2256" : 18,
            "2288" : 19,
            "2320" : 17,
            "2352" : 11,
            "2384" : 14,
            "2416" : 6,
            "2448" : 9,
            "2480" : 8,
            "2512" : 9,
            "2544" : 4,
            "2576" : 4,
            "2608" : 8,
            "2640" : 5,
            "2672" : 4,
            "2704" : 10,
            "2736" : 3,
            "2768" : 4,
            "2800" : 3,
            "2832" : 7,
            "2864" : 5,
            "2896" : 5,
            "2928" : 6,
            "2960" : 8,
            "2992" : 5,
            "3024" : 2,
            "3088" : 6,
            "3120" : 5,
            "3152" : 1,
            "3184" : 4,
            "3216" : 2,
            "3248" : 3,
            "3280" : 3,
            "3312" : 1,
            "3344" : 1,
            "3376" : 1,
            "3408" : 2,
            "3472" : 3,
            "3504" : 1,
            "3536" : 1,
            "3600" : 1,
            "3664" : 1,
            "3792" : 1,
            "3920" : 1,
            "4128" : 1,
            "4192" : 1,
            "4448" : 2,
            "4512" : 1,
            "4640" : 1,
            "4704" : 1,
            "5024" : 1,
            "5088" : 2,
            "5216" : 1,
            "5344" : 2,
            "5536" : 1,
            "5792" : 1,
            "6304" : 1,
            "6368" : 1,
            "7712" : 1,
            "7776" : 1,
            "7840" : 2,
            "7904" : 1,
            "7968" : 1,
            "8096" : 2,
            "8160" : 1,
            "8256" : 1,
            "8384" : 2,
            "8640" : 6,
            "8768" : 1,
            "8896" : 2,
            "9024" : 1,
            "9280" : 1,
            "9792" : 1,
            "9920" : 2,
            "10048" : 1,
            "10176" : 1,
            "10432" : 1,
            "10816" : 2,
            "11584" : 1,
            "12096" : 1,
            "12224" : 1,
            "13888" : 1,
            "14656" : 1,
            "16512" : 1,
            "27520" : 1
          }
        },
        "lat_ns" : {
          "min" : 776,
          "max" : 28458,
          "mean" : 971.799133,
          "stddev" : 621.366799,
          "N" : 16384
        },
        "bw_min" : 0,
        "bw_max" : 0,
        "bw_agg" : 0.000000,
        "bw_mean" : 0.000000,
        "bw_dev" : 0.000000,
        "bw_samples" : 0,
        "iops_min" : 0,
        "iops_max" : 0,
        "iops_mean" : 0.000000,
        "iops_stddev" : 0.000000,
        "iops_samples" : 0
      },