{
  "fio version" : "fio-3.39-38-gf18c",
  "timestamp" : 1744242939,
  "timestamp_ms" : 1744242939836,
  "time" : "Wed Apr  9 23:55:39 2025",
  "global options" : {
    "kb_base" : "1024",
    "runtime" : "600"
  },
  "jobs" : [
    {
      "jobname" : "filestore-randwrite-67108864-blk4096-iod16",
      "groupid" : 0,
      "job_start" : 1744242939447,
      "error" : 0,
      "eta" : 2147483647,
      "elapsed" : 1,
      "job options" : {
        "stonewall" : "",
        "rw" : "randwrite",
        "size" : "67108864",
        "bs" : "4096",
        "iodepth" : "16",
        "filename" : "/filestore/scratch/adam/fsbench/filestore/filestore-randwrite-67108864-blk4096-iod16.bin"
      },
      "read" : {
        "io_bytes" : 0,
        "io_kbytes" : 0,
        "bw_bytes" : 0,
        "bw" : 0,
        "iops" : 0.000000,
        "runtime" : 0,
        "total_ios" : 0,
        "short_ios" : 0,
        "drop_ios" : 0,
        "slat_ns" : {
          "min" : 0,
          "max" : 0,
          "mean" : 0.000000,
          "stddev" : 0.000000,
          "N" : 0
        },
        "clat_ns" : {
          "min" : 0,
          "max" : 0,
          "mean" : 0.000000,
          "stddev" : 0.000000,
          "N" : 0
        },
        "lat_ns" : {
          "min" : 0,
          "max" : 0,
          "mean" : 0.000000,
          "stddev" : 0.000000,
          "N" : 0
        },
        "bw_min" : 0,
        "bw_max" : 0,
        "bw_agg" : 0.000000,
        "bw_mean" : 0.000000,
        "bw_dev" : 0.000000,
        "bw_samples" : 0,
        "iops_min" : 0,
        "iops_max" : 0,
        "iops_mean" : 0.000000,
        "iops_stddev" : 0.000000,
        "iops_samples" : 0
      },
      "write" : {
        "io_bytes" : 67108864,
        "io_kbytes" : 65536,
        "bw_bytes" : 1458888347,
        "bw" : 1424695,
        "iops" : 356173.913043,
        "runtime" : 46,
        "total_ios" : 16384,
        "short_ios" : 0,
        "drop_ios" : 0,
        "slat_ns" : {
          "min" : 0,
          "max" : 0,
          "mean" : 0.000000,
          "stddev" : 0.000000,
          "N" : 0
        },
        "clat_ns" : {
          "min" : 1890,
          "max" : 256799,
          "mean" : 2408.337463,
          "stddev" : 2239.333828,
          "N" : 16384,
          "percentile" : {
            "1.000000" : 1928,
            "5.000000" : 1992,
            "10.000000" : 2008,
            "20.000000" : 2064,
            "30.000000" : 2096,
            "40.000000" : 2128,
            "50.000000" : 2160,
            "60.000000" : 2192,
            "70.000000" : 2256,
            "80.000000" : 2384,
            "90.000000" : 2864,
            "95.000000" : 3088,
            "99.000000" : 8256,
            "99.500000" : 8768,
            "99.900000" : 12736,
            "99.950000" : 16064,
            "99.990000" : 29312
          },
          "bins" : {
            "1896" : 13,
            "1912" : 52,
            "1928" : 160,
            "1944" : 192,
            "1960" : 186,
            "1976" : 168,
            "1992" : 308,
            "2008" : 578,
            "2024" : 687,
            "2040" : 602,
            "2064" : 1117,
            "2096" : 1833,
            "2128" : 1346,
            "2160" : 1386,
            "2192" : 1343,
            "2224" : 914,
            "2256" : 843,
            "2288" : 568,
            "2320" : 451,
            "2352" : 321,
            "2384" : 278,
            "2416" : 207,
            "2448" : 168,
            "2480" : 145,
            "2512" : 112,
            "2544" : 99,
            "2576" : 77,
            "2608" : 65,
            "2640" : 43,
            "2672" : 50,
            "2704" : 29,
            "2736" : 57,
            "2768" : 51,
            "2800" : 74,
            "2832" : 117,
            "2864" : 111,
            "2896" : 172,
            "2928" : 132,
            "2960" : 130,
            "2992" : 163,
            "3024" : 104,
            "3056" : 79,
            "3088" : 66,
            "3120" : 67,
            "3152" : 49,
            "3184" : 40,
            "3216" : 35,
            "3248" : 36,
            "3280" : 29,
            "3312" : 25,
            "3344" : 14,
            "3376" : 9,
            "3408" : 12,
            "3440" : 12,
            "3472" : 12,
            "3504" : 3,
            "3536" : 11,
            "3568" : 9,
            "3632" : 6,
            "3664" : 2,
            "3696" : 4,
            "3728" : 4,
            "3760" : 1,
            "3792" : 6,
            "3824" : 4,
            "3856" : 2,
            "3888" : 4,
            "3920" : 1,
            "3952" : 1,
            "3984" : 2,
            "4048" : 3,
            "4080" : 1,
            "4128" : 5,
            "4192" : 1,
            "4256" : 2,
            "4320" : 2,
            "4384" : 2,
            "4512" : 2,
            "4640" : 4,
            "4768" : 1,
            "4832" : 3,
            "4960" : 1,
            "5024" : 1,
            "5216" : 1,
            "5344" : 1,
            "5472" : 1,
            "5536" : 4,
            "5600" : 2,
            "5664" : 3,
            "5728" : 1,
            "5856" : 3,
            "5920" : 1,
            "5984" : 1,
            "6048" : 1,
            "6112" : 1,
            "6176" : 1,
            "6240" : 1,
            "6304" : 2,
            "6368" : 1,
            "6432" : 3,
            "6496" : 1,
            "6688" : 1,
            "6752" : 3,
            "6816" : 1,
            "7008" : 1,
            "7072" : 4,
            "7200" : 1,
            "7264" : 6,
            "7328" : 4,
            "7456" : 7,
            "7520" : 6,
            "7584" : 10,
            "7648" : 8,
            "7712" : 13,
            "7776" : 8,
            "7840" : 14,
            "7904" : 14,
            "7968" : 8,
            "8032" : 17,
            "8096" : 10,
            "8160" : 22,
            "8256" : 21,
            "8384" : 34,
            "8512" : 19,
            "8640" : 10,
            "8768" : 16,
            "8896" : 6,
            "9024" : 9,
            "9152" : 5,
            "9280" : 6,
            "9408" : 5,
            "9536" : 2,
            "9664" : 3,
            "9792" : 3,
            "9920" : 1,
            "10432" : 1,
            "10560" : 3,
            "10688" : 1,
            "10944" : 3,
            "11200" : 3,
            "11328" : 1,
            "11456" : 1,
            "12480" : 1,
            "12736" : 2,
            "12864" : 2,
            "13504" : 1,
            "14272" : 1,
            "14400" : 1,
            "15296" : 1,
            "15424" : 1,
            "16064" : 2,
            "16320" : 1,
            "16768" : 1,
            "20608" : 1,
            "22400" : 1,
            "27008" : 1,
            "29312" : 1,
            "257024" : 1
          }
        },
        "lat_ns" : {
          "min" : 1935,
          "max" : 256838,
          "mean" : 2455.159973,
          "stddev" : 2241.281099,
          "N" : 16384
        },
        "bw_min" : 0,
        "bw_max" : 0,
        "bw_agg" : 0.000000,
        "bw_mean" : 0.000000,
        "bw_dev" : 0.000000,
        "bw_samples" : 0,
        "iops_min" : 0,
        "iops_max" : 0,
        "iops_mean" : 0.000000,
        "iops_stddev" : 0.000000,
        "iops_samples" : 0
      },
      "trim" : {
        "io_bytes" : 0,
        "io_kbytes" : 0,
        "bw_bytes" : 0,
        "bw" : 0,
        "iops" : 0.000000,
        "runtime" : 0,
        "total_ios" : 0,
        "short_ios" : 0,
        "drop_ios" : 0,
        "slat_ns" : {
          "min" : 0,
          "max" : 0,
          "mean" : 0.000000,
          "stddev" : 0.000000,
          "N" : 0
        },
        "clat_ns" : {
          "min" : 0,
          "max" : 0,
          "mean" : 0.000000,
          "stddev" : 0.000000,
          "N" : 0
        },
        "lat_ns" : {
          "min" : 0,
          "max" : 0,
          "mean" : 0.000000,
          "stddev" : 0.000000,
          "N" : 0
        },