{
  "fio version" : "fio-3.39-38-gf18c",
  "timestamp" : 1744238185,
  "timestamp_ms" : 1744238185583,
  "time" : "Wed Apr  9 22:36:25 2025",
  "global options" : {
    "kb_base" : "1024",
    "runtime" : "600"
  },
  "jobs" : [
    {
      "jobname" : "filestore-write-67108864-blk4096-iod16",
      "groupid" : 0,
      "job_start" : 1744238185193,
      "error" : 0,
      "eta" : 2147483647,
      "elapsed" : 1,
      "job options" : {
        "stonewall" : "",
        "rw" : "write",
        "size" : "67108864",
        "bs" : "4096",
        "iodepth" : "16",
        "filename" : "/filestore/scratch/adam/fsbench/filestore/filestore-write-67108864-blk4096-iod16.bin"
      },
      "read" : {
        "io_bytes" : 0,
        "io_kbytes" : 0,
        "bw_bytes" : 0,
        "bw" : 0,
        "iops" : 0.000000,
        "runtime" : 0,
        "total_ios" : 0,
        "short_ios" : 0,
        "drop_ios" : 0,
        "slat_ns" : {
          "min" : 0,
          "max" : 0,
          "mean" : 0.000000,
          "stddev" : 0.000000,
          "N" : 0
        },
        "clat_ns" : {
          "min" : 0,
          "max" : 0,
          "mean" : 0.000000,
          "stddev" : 0.000000,
          "N" : 0
        },
        "lat_ns" : {
          "min" : 0,
          "max" : 0,
          "mean" : 0.000000,
          "stddev" : 0.000000,
          "N" : 0
        },
        "bw_min" : 0,
        "bw_max" : 0,
        "bw_agg" : 0.000000,
        "bw_mean" : 0.000000,
        "bw_dev" : 0.000000,
        "bw_samples" : 0,
        "iops_min" : 0,
        "iops_max" : 0,
        "iops_mean" : 0.000000,
        "iops_stddev" : 0.000000,
        "iops_samples" : 0
      },
      "write" : {
        "io_bytes" : 67108864,
        "io_kbytes" : 65536,
        "bw_bytes" : 1398101333,
        "bw" : 1365333,
        "iops" : 341333.333333,
        "runtime" : 48,
        "total_ios" : 16384,
        "short_ios" : 0,
        "drop_ios" : 0,
        "slat_ns" : {
          "min" : 0,
          "max" : 0,
          "mean" : 0.000000,
          "stddev" : 0.000000,
          "N" : 0
        },
        "clat_ns" : {
          "min" : 1883,
          "max" : 40935,
          "mean" : 2544.580261,
          "stddev" : 1225.304686,
          "N" : 16384,
          "percentile" : {
            "1.000000" : 1944,
            "5.000000" : 1992,
            "10.000000" : 2024,
            "20.000000" : 2064,
            "30.000000" : 2096,
            "40.000000" : 2128,
            "50.000000" : 2192,
            "60.000000" : 2224,
            "70.000000" : 2352,
            "80.000000" : 2896,
            "90.000000" : 3280,
            "95.000000" : 3728,
            "99.000000" : 8096,
            "99.500000" : 9280,
            "99.900000" : 14528,
            "99.950000" : 18048,
            "99.990000" : 35072
          },
          "bins" : {
            "1880" : 1,
            "1896" : 11,
            "1912" : 28,
            "1928" : 89,
            "1944" : 178,
            "1960" : 214,
            "1976" : 251,
            "1992" : 207,
            "2008" : 344,
            "2024" : 636,
            "2040" : 749,
            "2064" : 1147,
            "2096" : 1466,
            "2128" : 1650,
            "2160" : 1081,
            "2192" : 1192,
            "2224" : 763,
            "2256" : 569,
            "2288" : 426,
            "2320" : 269,
            "2352" : 237,
            "2384" : 168,
            "2416" : 131,
            "2448" : 111,
            "2480" : 115,
            "2512" : 86,
            "2544" : 64,
            "2576" : 54,
            "2608" : 62,
            "2640" : 46,
            "2672" : 50,
            "2704" : 41,
            "2736" : 60,
            "2768" : 88,
            "2800" : 97,
            "2832" : 121,
            "2864" : 176,
            "2896" : 192,
            "2928" : 197,
            "2960" : 173,
            "2992" : 210,
            "3024" : 177,
            "3056" : 150,
            "3088" : 148,
            "3120" : 105,
            "3152" : 99,
            "3184" : 94,
            "3216" : 88,
            "3248" : 79,
            "3280" : 84,
            "3312" : 101,
            "3344" : 88,
            "3376" : 85,
            "3408" : 66,
            "3440" : 60,
            "3472" : 59,
            "3504" : 63,
            "3536" : 56,
            "3568" : 42,
            "3600" : 40,
            "3632" : 45,
            "3664" : 34,
            "3696" : 38,
            "3728" : 47,
            "3760" : 25,
            "3792" : 30,
            "3824" : 28,
            "3856" : 20,
            "3888" : 26,
            "3920" : 20,
            "3952" : 11,
            "3984" : 19,
            "4016" : 10,
            "4048" : 10,
            "4080" : 11,
            "4128" : 15,
            "4192" : 17,
            "4256" : 15,
            "4320" : 16,
            "4384" : 12,
            "4448" : 16,
            "4512" : 13,
            "4576" : 13,
            "4640" : 15,
            "4704" : 12,
            "4768" : 8,
            "4832" : 7,
            "4896" : 8,
            "4960" : 9,
            "5024" : 5,
            "5088" : 9,
            "5152" : 10,
            "5216" : 5,
            "5280" : 1,
            "5344" : 3,
            "5408" : 6,
            "5472" : 7,
            "5536" : 6,
            "5600" : 1,
            "5664" : 1,
            "5728" : 2,
            "5792" : 2,
            "5856" : 2,
            "5920" : 3,
            "6048" : 2,
            "6176" : 2,
            "6240" : 3,
            "6304" : 2,
            "6368" : 1,
            "6432" : 1,
            "6496" : 1,
            "6560" : 1,
            "6688" : 2,
            "6752" : 2,
            "6816" : 1,
            "6880" : 2,
            "7008" : 1,
            "7072" : 1,
            "7200" : 3,
            "7264" : 5,
            "7328" : 5,
            "7392" : 7,
            "7456" : 3,
            "7520" : 9,
            "7584" : 10,
            "7648" : 18,
            "7712" : 14,
            "7776" : 25,
            "7840" : 8,
            "7904" : 12,
            "7968" : 10,
            "8032" : 14,
            "8096" : 11,
            "8160" : 7,
            "8256" : 17,
            "8384" : 9,
            "8512" : 9,
            "8640" : 6,
            "8768" : 15,
            "8896" : 7,
            "9024" : 4,
            "9152" : 3,
            "9280" : 4,
            "9408" : 7,
            "9536" : 1,
            "9664" : 5,
            "9792" : 3,
            "9920" : 2,
            "10048" : 2,
            "10176" : 2,
            "10304" : 4,
            "10432" : 2,
            "10560" : 1,
            "10688" : 3,
            "10816" : 3,
            "11072" : 3,
            "11200" : 2,
            "11328" : 2,
            "11584" : 2,
            "11712" : 1,
            "11968" : 1,
            "12096" : 2,
            "12224" : 1,
            "12352" : 2,
            "12608" : 1,
            "12864" : 2,
            "13248" : 1,
            "13376" : 1,
            "13632" : 1,
            "13760" : 1,
            "13888" : 2,
            "14144" : 1,
            "14272" : 1,
            "14400" : 1,
            "14528" : 1,
            "14656" : 1,
            "14784" : 1,
            "14912" : 1,
            "15552" : 1,
            "15936" : 1,
            "16512" : 1,
            "17280" : 1,
            "18048" : 1,
            "19328" : 1,
            "22912" : 1,
            "23424" : 1,
            "27520" : 1,
            "29312" : 1,
            "31104" : 1,
            "35072" : 1,
            "40704" : 1
          }
        },
        "lat_ns" : {
          "min" : 1933,
          "max" : 40985,
          "mean" : 2601.583740,
          "stddev" : 1237.122598,
          "N" : 16384
        },
        "bw_min" : 0,
        "bw_max" : 0,
        "bw_agg" : 0.000000,
        "bw_mean" : 0.000000,
        "bw_dev" : 0.000000,
        "bw_samples" : 0,