{
  "fio version" : "fio-3.39-38-gf18c",
  "timestamp" : 1744238160,
  "timestamp_ms" : 1744238160201,
  "time" : "Wed Apr  9 22:36:00 2025",
  "global options" : {
    "kb_base" : "1024",
    "runtime" : "600"
  },
  "jobs" : [
    {
      "jobname" : "filestore-write-4194304-blk256-iod16",
      "groupid" : 0,
      "job_start" : 1744238160061,
      "error" : 0,
      "eta" : 2147483647,
      "elapsed" : 1,
      "job options" : {
        "stonewall" : "",
        "rw" : "write",
        "size" : "4194304",
        "bs" : "256",
        "iodepth" : "16",
        "filename" : "/filestore/scratch/adam/fsbench/filestore/filestore-write-4194304-blk256-iod16.bin"
      },
      "read" : {
        "io_bytes" : 0,
        "io_kbytes" : 0,
        "bw_bytes" : 0,
        "bw" : 0,
        "iops" : 0.000000,
        "runtime" : 0,
        "total_ios" : 0,
        "short_ios" : 0,
        "drop_ios" : 0,
        "slat_ns" : {
          "min" : 0,
          "max" : 0,
          "mean" : 0.000000,
          "stddev" : 0.000000,
          "N" : 0
        },
        "clat_ns" : {
          "min" : 0,
          "max" : 0,
          "mean" : 0.000000,
          "stddev" : 0.000000,
          "N" : 0
        },
        "lat_ns" : {
          "min" : 0,
          "max" : 0,
          "mean" : 0.000000,
          "stddev" : 0.000000,
          "N" : 0
        },
        "bw_min" : 0,
        "bw_max" : 0,
        "bw_agg" : 0.000000,
        "bw_mean" : 0.000000,
        "bw_dev" : 0.000000,
        "bw_samples" : 0,
        "iops_min" : 0,
        "iops_max" : 0,
        "iops_mean" : 0.000000,
        "iops_stddev" : 0.000000,
        "iops_samples" : 0
      },
      "write" : {
        "io_bytes" : 4194304,
        "io_kbytes" : 4096,
        "bw_bytes" : 199728761,
        "bw" : 195047,
        "iops" : 780190.476190,
        "runtime" : 21,
        "total_ios" : 16384,
        "short_ios" : 0,
        "drop_ios" : 0,
        "slat_ns" : {
          "min" : 0,
          "max" : 0,
          "mean" : 0.000000,
          "stddev" : 0.000000,
          "N" : 0
        },
        "clat_ns" : {
          "min" : 735,
          "max" : 23171,
          "mean" : 990.316772,
          "stddev" : 620.709681,
          "N" : 16384,
          "percentile" : {
            "1.000000" : 740,
            "5.000000" : 748,
            "10.000000" : 748,
            "20.000000" : 764,
            "30.000000" : 780,
            "40.000000" : 812,
            "50.000000" : 828,
            "60.000000" : 836,
            "70.000000" : 860,
            "80.000000" : 1144,
            "90.000000" : 1288,
            "95.000000" : 1912,
            "99.000000" : 2960,
            "99.500000" : 3504,
            "99.900000" : 8768,
            "99.950000" : 11584,
            "99.990000" : 19840
          },
          "bins" : {
            "732" : 1,
            "740" : 415,
            "748" : 1521,
            "756" : 1008,
            "764" : 1087,
            "772" : 724,
            "780" : 245,
            "788" : 176,
            "796" : 149,
            "804" : 319,
            "812" : 1192,
            "820" : 964,
            "828" : 1286,
            "836" : 1289,
            "844" : 579,
            "852" : 448,
            "860" : 238,
            "868" : 97,
            "876" : 199,
            "884" : 132,
            "892" : 132,
            "900" : 164,
            "908" : 75,
            "916" : 62,
            "924" : 38,
            "932" : 27,
            "940" : 25,
            "948" : 9,
            "956" : 13,
            "964" : 10,
            "972" : 7,
            "980" : 3,
            "988" : 6,
            "996" : 8,
            "1004" : 2,
            "1012" : 10,
            "1020" : 5,
            "1032" : 16,
            "1048" : 21,
            "1064" : 24,
            "1080" : 37,
            "1096" : 42,
            "1112" : 49,
            "1128" : 87,
            "1144" : 211,
            "1160" : 260,
            "1176" : 212,
            "1192" : 117,
            "1208" : 99,
            "1224" : 124,
            "1240" : 226,
            "1256" : 272,
            "1272" : 232,
            "1288" : 139,
            "1304" : 72,
            "1320" : 53,
            "1336" : 47,
            "1352" : 66,
            "1368" : 42,
            "1384" : 34,
            "1400" : 27,
            "1416" : 25,
            "1432" : 20,
            "1448" : 12,
            "1464" : 9,
            "1480" : 12,
            "1496" : 8,
            "1512" : 4,
            "1528" : 6,
            "1544" : 11,
            "1560" : 3,
            "1576" : 3,
            "1608" : 2,
            "1624" : 3,
            "1640" : 5,
            "1656" : 5,
            "1672" : 5,
            "1688" : 3,
            "1704" : 9,
            "1720" : 8,
            "1736" : 3,
            "1752" : 12,
            "1768" : 9,
            "1784" : 11,
            "1800" : 25,
            "1816" : 25,
            "1832" : 26,
            "1848" : 28,
            "1864" : 26,
            "1880" : 27,
            "1896" : 28,
            "1912" : 24,
            "1928" : 17,
            "1944" : 30,
            "1960" : 21,
            "1976" : 29,
            "1992" : 26,
            "2008" : 24,
            "2024" : 17,
            "2040" : 20,
            "2064" : 53,
            "2096" : 43,
            "2128" : 30,
            "2160" : 28,
            "2192" : 22,
            "2224" : 23,
            "2256" : 12,
            "2288" : 15,
            "2320" : 19,
            "2352" : 15,
            "2384" : 10,
            "2416" : 9,
            "2448" : 12,
            "2480" : 7,
            "2512" : 8,
            "2544" : 11,
            "2576" : 17,
            "2608" : 11,
            "2640" : 11,
            "2672" : 12,
            "2704" : 15,
            "2736" : 9,
            "2768" : 8,
            "2800" : 11,
            "2832" : 10,
            "2864" : 11,
            "2896" : 15,
            "2928" : 11,
            "2960" : 11,
            "2992" : 10,
            "3024" : 9,
            "3056" : 6,
            "3088" : 9,
            "3120" : 7,
            "3152" : 5,
            "3184" : 9,
            "3216" : 4,
            "3248" : 2,
            "3280" : 1,
            "3312" : 3,
            "3344" : 4,
            "3376" : 4,
            "3408" : 2,
            "3440" : 2,
            "3472" : 1,
            "3504" : 2,
            "3536" : 2,
            "3568" : 1,
            "3600" : 1,
            "3664" : 3,
            "3728" : 3,
            "3760" : 1,
            "3824" : 1,
            "3856" : 1,
            "3888" : 1,
            "3920" : 1,
            "4016" : 2,
            "4048" : 1,
            "4128" : 1,
            "4192" : 2,
            "4256" : 3,
            "4320" : 1,
            "4384" : 1,
            "4448" : 1,
            "4640" : 1,
            "4704" : 1,
            "4832" : 5,
            "4896" : 2,
            "4960" : 2,
            "5024" : 1,
            "5280" : 1,
            "5472" : 1,
            "5536" : 1,
            "5728" : 1,
            "5920" : 1,
            "6240" : 1,
            "6368" : 2,
            "6432" : 2,
            "6560" : 1,
            "6752" : 1,
            "7136" : 1,
            "7200" : 1,
            "7328" : 1,
            "7584" : 1,
            "7776" : 1,
            "7968" : 1,
            "8160" : 1,
            "8256" : 2,
            "8384" : 1,
            "8512" : 1,
            "8640" : 1,
            "8768" : 2,
            "9024" : 1,
            "9792" : 1,
            "10176" : 1,
            "10304" : 1,
            "10560" : 1,
            "11072" : 1,
            "11584" : 1,
            "12352" : 1,
            "12608" : 1,
            "13248" : 1,
            "13888" : 1,
            "16192" : 1,
            "16768" : 1,
            "19840" : 1,
            "23168" : 1
          }
        },
        "lat_ns" : {
          "min" : 765,