{
  "fio version" : "fio-3.39-38-gf18c",
  "timestamp" : 1744238161,
  "timestamp_ms" : 1744238161509,
  "time" : "Wed Apr  9 22:36:01 2025",
  "global options" : {
    "kb_base" : "1024",
    "runtime" : "600"
  },
  "jobs" : [
    {
      "jobname" : "filestore-write-4194304-blk4096-iod1",
      "groupid" : 0,
      "job_start" : 1744238161369,
      "error" : 0,
      "eta" : 2147483647,
      "elapsed" : 1,
      "job options" : {
        "stonewall" : "",
        "rw" : "write",
        "size" : "4194304",
        "bs" : "4096",
        "iodepth" : "1",
        "filename" : "/filestore/scratch/adam/fsbench/filestore/filestore-write-4194304-blk4096-iod1.bin"
      },
      "read" : {
        "io_bytes" : 0,
        "io_kbytes" : 0,
        "bw_bytes" : 0,
        "bw" : 0,
        "iops" : 0.000000,
        "runtime" : 0,
        "total_ios" : 0,
        "short_ios" : 0,
        "drop_ios" : 0,
        "slat_ns" : {
          "min" : 0,
          "max" : 0,
          "mean" : 0.000000,
          "stddev" : 0.000000,
          "N" : 0
        },
        "clat_ns" : {
          "min" : 0,
          "max" : 0,
          "mean" : 0.000000,
          "stddev" : 0.000000,
          "N" : 0
        },
        "lat_ns" : {
          "min" : 0,
          "max" : 0,
          "mean" : 0.000000,
          "stddev" : 0.000000,
          "N" : 0
        },
        "bw_min" : 0,
        "bw_max" : 0,
        "bw_agg" : 0.000000,
        "bw_mean" : 0.000000,
        "bw_dev" : 0.000000,
        "bw_samples" : 0,
        "iops_min" : 0,
        "iops_max" : 0,
        "iops_mean" : 0.000000,
        "iops_stddev" : 0.000000,
        "iops_samples" : 0
      },
      "write" : {
        "io_bytes" : 4194304,
        "io_kbytes" : 4096,
        "bw_bytes" : 1048576000,
        "bw" : 1024000,
        "iops" : 256000.000000,
        "runtime" : 4,
        "total_ios" : 1024,
        "short_ios" : 0,
        "drop_ios" : 0,
        "slat_ns" : {
          "min" : 0,
          "max" : 0,
          "mean" : 0.000000,
          "stddev" : 0.000000,
          "N" : 0
        },
        "clat_ns" : {
          "min" : 1939,
          "max" : 26695,
          "mean" : 2507.600586,
          "stddev" : 1431.043154,
          "N" : 1024,
          "percentile" : {
            "1.000000" : 2008,
            "5.000000" : 2064,
            "10.000000" : 2128,
            "20.000000" : 2160,
            "30.000000" : 2192,
            "40.000000" : 2256,
            "50.000000" : 2288,
            "60.000000" : 2320,
            "70.000000" : 2384,
            "80.000000" : 2512,
            "90.000000" : 2960,
            "95.000000" : 3184,
            "99.000000" : 4832,
            "99.500000" : 12992,
            "99.900000" : 23936,
            "99.950000" : 26752,
            "99.990000" : 26752
          },
          "bins" : {
            "1944" : 1,
            "1960" : 1,
            "1976" : 2,
            "1992" : 5,
            "2008" : 4,
            "2024" : 4,
            "2040" : 14,
            "2064" : 22,
            "2096" : 45,
            "2128" : 47,
            "2160" : 99,
            "2192" : 68,
            "2224" : 89,
            "2256" : 84,
            "2288" : 73,
            "2320" : 68,
            "2352" : 52,
            "2384" : 42,
            "2416" : 26,
            "2448" : 31,
            "2480" : 22,
            "2512" : 24,
            "2544" : 15,
            "2576" : 19,
            "2608" : 9,
            "2640" : 6,
            "2672" : 11,
            "2704" : 6,
            "2736" : 6,
            "2768" : 4,
            "2800" : 4,
            "2832" : 2,
            "2864" : 5,
            "2896" : 3,
            "2928" : 4,
            "2960" : 12,
            "2992" : 3,
            "3024" : 7,
            "3056" : 7,
            "3088" : 7,
            "3120" : 8,
            "3152" : 8,
            "3184" : 4,
            "3216" : 5,
            "3248" : 4,
            "3280" : 5,
            "3312" : 1,
            "3344" : 3,
            "3376" : 2,
            "3408" : 1,
            "3440" : 1,
            "3472" : 2,
            "3504" : 4,
            "3568" : 1,
            "3600" : 1,
            "3632" : 1,
            "3728" : 2,
            "3824" : 1,
            "3952" : 1,
            "3984" : 1,
            "4576" : 1,
            "4768" : 1,
            "4832" : 3,
            "5280" : 1,
            "5856" : 1,
            "6944" : 1,
            "9536" : 1,
            "12992" : 1,
            "14272" : 1,
            "18048" : 1,
            "20864" : 1,
            "23936" : 1,
            "26752" : 1
          }
        },
        "lat_ns" : {
          "min" : 1979,
          "max" : 27732,
          "mean" : 2549.113281,
          "stddev" : 1448.313609,
          "N" : 1024
        },
        "bw_min" : 0,
        "bw_max" : 0,
        "bw_agg" : 0.000000,
        "bw_mean" : 0.000000,
        "bw_dev" : 0.000000,
        "bw_samples" : 0,
        "iops_min" : 0,
        "iops_max" : 0,
        "iops_mean" : 0.000000,
        "iops_stddev" : 0.000000,
        "iops_samples" : 0
      },
      "trim" : {
        "io_bytes" : 0,
        "io_kbytes" : 0,
        "bw_bytes" : 0,
        "bw" : 0,
        "iops" : 0.000000,
        "runtime" : 0,
        "total_ios" : 0,
        "short_ios" : 0,
        "drop_ios" : 0,
        "slat_ns" : {
          "min" : 0,
          "max" : 0,
          "mean" : 0.000000,
          "stddev" : 0.000000,
          "N" : 0
        },
        "clat_ns" : {
          "min" : 0,
          "max" : 0,
          "mean" : 0.000000,
          "stddev" : 0.000000,
          "N" : 0
        },
        "lat_ns" : {
          "min" : 0,
          "max" : 0,
          "mean" : 0.000000,
          "stddev" : 0.000000,
          "N" : 0
        },
        "bw_min" : 0,
        "bw_max" : 0,
        "bw_agg" : 0.000000,
        "bw_mean" : 0.000000,
        "bw_dev" : 0.000000,
        "bw_samples" : 0,
        "iops_min" : 0,
        "iops_max" : 0,
        "iops_mean" : 0.000000,
        "iops_stddev" : 0.000000,
        "iops_samples" : 0
      },
      "sync" : {
        "total_ios" : 0,
        "lat_ns" : {
          "min" : 0,
          "max" : 0,
          "mean" : 0.000000,
          "stddev" : 0.000000,
          "N" : 0
        }
      },
      "job_runtime" : 3,
      "usr_cpu" : 0.000000,
      "sys_cpu" : 66.666667,
      "ctx" : 2,
      "majf" : 0,
      "minf" : 8,
      "iodepth_level" : {
        "1" : 100.000000,
        "2" : 0.000000,
        "4" : 0.000000,
        "8" : 0.000000,
        "16" : 0.000000,
        "32" : 0.000000,
        ">=64" : 0.000000
      },
      "iodepth_submit" : {
        "0" : 0.000000,
        "4" : 100.000000,
        "8" : 0.000000,
        "16" : 0.000000,
        "32" : 0.000000,
        "64" : 0.000000,
        ">=64" : 0.000000
      },
      "iodepth_complete" : {
        "0" : 0.000000,
        "4" : 100.000000,
        "8" : 0.000000,
        "16" : 0.000000,
        "32" : 0.000000,
        "64" : 0.000000,
        ">=64" : 0.000000
      },
      "latency_ns" : {
        "2" : 0.000000,
        "4" : 0.000000,
        "10" : 0.000000,
        "20" : 0.000000,
        "50" : 0.000000,
        "100" : 0.000000,
        "250" : 0.000000,
        "500" : 0.000000,
        "750" : 0.000000,
        "1000" : 0.000000
      },
      "latency_us" : {
        "2" : 0.878906,
        "4" : 97.656250,
        "10" : 0.878906,
        "20" : 0.292969,
        "50" : 0.292969,
        "100" : 0.000000,
        "250" : 0.000000,
        "500" : 0.000000,
        "750" : 0.000000,
        "1000" : 0.000000
      },
      "latency_ms" : {
        "2" : 0.000000,
        "4" : 0.000000,
        "10" : 0.000000,
        "20" : 0.000000,
        "50" : 0.000000,
        "100" : 0.000000,
        "250" : 0.000000,
        "500" : 0.000000,
        "750" : 0.000000,
        "1000" : 0.000000,
        "2000" : 0.000000,