{
  "fio version" : "fio-3.39-38-gf18c",
  "timestamp" : 1744238148,
  "timestamp_ms" : 1744238148526,
  "time" : "Wed Apr  9 22:35:48 2025",
  "global options" : {
    "kb_base" : "1024",
    "runtime" : "600"
  },
  "jobs" : [
    {
      "jobname" : "filestore-write-262144-blk256-iod16",
      "groupid" : 0,
      "job_start" : 1744238148387,
      "error" : 0,
      "eta" : 2147483647,
      "elapsed" : 1,
      "job options" : {
        "stonewall" : "",
        "rw" : "write",
        "size" : "262144",
        "bs" : "256",
        "iodepth" : "16",
        "filename" : "/filestore/scratch/adam/fsbench/filestore/filestore-write-262144-blk256-iod16.bin"
      },
      "read" : {
        "io_bytes" : 0,
        "io_kbytes" : 0,
        "bw_bytes" : 0,
        "bw" : 0,
        "iops" : 0.000000,
        "runtime" : 0,
        "total_ios" : 0,
        "short_ios" : 0,
        "drop_ios" : 0,
        "slat_ns" : {
          "min" : 0,
          "max" : 0,
          "mean" : 0.000000,
          "stddev" : 0.000000,
          "N" : 0
        },
        "clat_ns" : {
          "min" : 0,
          "max" : 0,
          "mean" : 0.000000,
          "stddev" : 0.000000,
          "N" : 0
        },
        "lat_ns" : {
          "min" : 0,
          "max" : 0,
          "mean" : 0.000000,
          "stddev" : 0.000000,
          "N" : 0
        },
        "bw_min" : 0,
        "bw_max" : 0,
        "bw_agg" : 0.000000,
        "bw_mean" : 0.000000,
        "bw_dev" : 0.000000,
        "bw_samples" : 0,
        "iops_min" : 0,
        "iops_max" : 0,
        "iops_mean" : 0.000000,
        "iops_stddev" : 0.000000,
        "iops_samples" : 0
      },
      "write" : {
        "io_bytes" : 262144,
        "io_kbytes" : 256,
        "bw_bytes" : 131072000,
        "bw" : 128000,
        "iops" : 512000.000000,
        "runtime" : 2,
        "total_ios" : 1024,
        "short_ios" : 0,
        "drop_ios" : 0,
        "slat_ns" : {
          "min" : 0,
          "max" : 0,
          "mean" : 0.000000,
          "stddev" : 0.000000,
          "N" : 0
        },
        "clat_ns" : {
          "min" : 747,
          "max" : 35828,
          "mean" : 986.223633,
          "stddev" : 1486.531001,
          "N" : 1024,
          "percentile" : {
            "1.000000" : 748,
            "5.000000" : 756,
            "10.000000" : 756,
            "20.000000" : 764,
            "30.000000" : 780,
            "40.000000" : 820,
            "50.000000" : 820,
            "60.000000" : 828,
            "70.000000" : 828,
            "80.000000" : 836,
            "90.000000" : 852,
            "95.000000" : 1944,
            "99.000000" : 2672,
            "99.500000" : 4576,
            "99.900000" : 19328,
            "99.950000" : 35584,
            "99.990000" : 35584
          },
          "bins" : {
            "748" : 22,
            "756" : 137,
            "764" : 94,
            "772" : 49,
            "780" : 18,
            "788" : 10,
            "796" : 8,
            "804" : 7,
            "812" : 31,
            "820" : 183,
            "828" : 242,
            "836" : 99,
            "844" : 21,
            "852" : 1,
            "860" : 2,
            "868" : 2,
            "876" : 2,
            "884" : 1,
            "892" : 12,
            "900" : 6,
            "908" : 1,
            "956" : 2,
            "1144" : 1,
            "1192" : 1,
            "1304" : 1,
            "1352" : 1,
            "1416" : 1,
            "1672" : 1,
            "1720" : 1,
            "1752" : 1,
            "1768" : 1,
            "1784" : 1,
            "1800" : 1,
            "1816" : 3,
            "1832" : 1,
            "1848" : 2,
            "1864" : 1,
            "1880" : 1,
            "1896" : 1,
            "1912" : 1,
            "1928" : 1,
            "1944" : 2,
            "1976" : 4,
            "1992" : 2,
            "2024" : 1,
            "2040" : 1,
            "2064" : 2,
            "2096" : 1,
            "2128" : 3,
            "2160" : 2,
            "2192" : 1,
            "2224" : 2,
            "2256" : 2,
            "2288" : 2,
            "2320" : 3,
            "2352" : 1,
            "2384" : 3,
            "2416" : 1,
            "2480" : 1,
            "2576" : 4,
            "2608" : 1,
            "2640" : 1,
            "2672" : 2,
            "2832" : 1,
            "3184" : 1,
            "3376" : 1,
            "3536" : 1,
            "4576" : 1,
            "5152" : 1,
            "16768" : 1,
            "18304" : 1,
            "19328" : 1,
            "35584" : 1
          }
        },
        "lat_ns" : {
          "min" : 775,
          "max" : 37475,
          "mean" : 1017.622070,
          "stddev" : 1524.060946,
          "N" : 1024
        },
        "bw_min" : 0,
        "bw_max" : 0,
        "bw_agg" : 0.000000,
        "bw_mean" : 0.000000,
        "bw_dev" : 0.000000,
        "bw_samples" : 0,
        "iops_min" : 0,
        "iops_max" : 0,
        "iops_mean" : 0.000000,
        "iops_stddev" : 0.000000,
        "iops_samples" : 0
      },
      "trim" : {
        "io_bytes" : 0,
        "io_kbytes" : 0,
        "bw_bytes" : 0,
        "bw" : 0,
        "iops" : 0.000000,
        "runtime" : 0,
        "total_ios" : 0,
        "short_ios" : 0,
        "drop_ios" : 0,
        "slat_ns" : {
          "min" : 0,
          "max" : 0,
          "mean" : 0.000000,
          "stddev" : 0.000000,
          "N" : 0
        },
        "clat_ns" : {
          "min" : 0,
          "max" : 0,
          "mean" : 0.000000,
          "stddev" : 0.000000,
          "N" : 0
        },
        "lat_ns" : {
          "min" : 0,
          "max" : 0,
          "mean" : 0.000000,
          "stddev" : 0.000000,
          "N" : 0
        },
        "bw_min" : 0,
        "bw_max" : 0,
        "bw_agg" : 0.000000,
        "bw_mean" : 0.000000,
        "bw_dev" : 0.000000,
        "bw_samples" : 0,
        "iops_min" : 0,
        "iops_max" : 0,
        "iops_mean" : 0.000000,
        "iops_stddev" : 0.000000,
        "iops_samples" : 0
      },
      "sync" : {
        "total_ios" : 0,
        "lat_ns" : {
          "min" : 0,
          "max" : 0,
          "mean" : 0.000000,
          "stddev" : 0.000000,
          "N" : 0
        }
      },
      "job_runtime" : 1,
      "usr_cpu" : 0.000000,
      "sys_cpu" : 100.000000,
      "ctx" : 2,
      "majf" : 0,
      "minf" : 9,
      "iodepth_level" : {
        "1" : 100.000000,
        "2" : 0.000000,
        "4" : 0.000000,
        "8" : 0.000000,
        "16" : 0.000000,
        "32" : 0.000000,
        ">=64" : 0.000000
      },
      "iodepth_submit" : {
        "0" : 0.000000,
        "4" : 100.000000,
        "8" : 0.000000,
        "16" : 0.000000,
        "32" : 0.000000,
        "64" : 0.000000,
        ">=64" : 0.000000
      },
      "iodepth_complete" : {
        "0" : 0.000000,
        "4" : 100.000000,
        "8" : 0.000000,
        "16" : 0.000000,
        "32" : 0.000000,
        "64" : 0.000000,
        ">=64" : 0.000000
      },
      "latency_ns" : {
        "2" : 0.000000,
        "4" : 0.000000,
        "10" : 0.000000,
        "20" : 0.000000,
        "50" : 0.000000,
        "100" : 0.000000,
        "250" : 0.000000,
        "500" : 0.000000,
        "750" : 0.488281,
        "1000" : 92.285156
      },
      "latency_us" : {
        "2" : 2.929688,
        "4" : 3.710938,
        "10" : 0.195312,
        "20" : 0.292969,
        "50" : 0.097656,
        "100" : 0.000000,
        "250" : 0.000000,
        "500" : 0.000000,
        "750" : 0.000000,
        "1000" : 0.000000
      },
      "latency_ms" : {
        "2" : 0.000000,
        "4" : 0.000000,
        "10" : 0.000000,
        "20" : 0.000000,
        "50" : 0.000000,
        "100" : 0.000000,
        "250" : 0.000000,
        "500" : 0.000000,
        "750" : 0.000000,
        "1000" : 0.000000,
        "2000" : 0.000000,
        ">=2000" : 0.000000
      },
      "latency_depth" : 16,