{
  "fio version" : "fio-3.39-38-gf18c",
  "timestamp" : 1744238176,
  "timestamp_ms" : 1744238176849,
  "time" : "Wed Apr  9 22:36:16 2025",
  "global options" : {
    "kb_base" : "1024",
    "runtime" : "600"
  },
  "jobs" : [
    {
      "jobname" : "filestore-write-67108864-blk256-iod4",
      "groupid" : 0,
      "job_start" : 1744238176349,
      "error" : 0,
      "eta" : 2147483647,
      "elapsed" : 1,
      "job options" : {
        "stonewall" : "",
        "rw" : "write",
        "size" : "67108864",
        "bs" : "256",
        "iodepth" : "4",
        "filename" : "/filestore/scratch/adam/fsbench/filestore/filestore-write-67108864-blk256-iod4.bin"
      },
      "read" : {
        "io_bytes" : 0,
        "io_kbytes" : 0,
        "bw_bytes" : 0,
        "bw" : 0,
        "iops" : 0.000000,
        "runtime" : 0,
        "total_ios" : 0,
        "short_ios" : 0,
        "drop_ios" : 0,
        "slat_ns" : {
          "min" : 0,
          "max" : 0,
          "mean" : 0.000000,
          "stddev" : 0.000000,
          "N" : 0
        },
        "clat_ns" : {
          "min" : 0,
          "max" : 0,
          "mean" : 0.000000,
          "stddev" : 0.000000,
          "N" : 0
        },
        "lat_ns" : {
          "min" : 0,
          "max" : 0,
          "mean" : 0.000000,
          "stddev" : 0.000000,
          "N" : 0
        },
        "bw_min" : 0,
        "bw_max" : 0,
        "bw_agg" : 0.000000,
        "bw_mean" : 0.000000,
        "bw_dev" : 0.000000,
        "bw_samples" : 0,
        "iops_min" : 0,
        "iops_max" : 0,
        "iops_mean" : 0.000000,
        "iops_stddev" : 0.000000,
        "iops_samples" : 0
      },
      "write" : {
        "io_bytes" : 67108864,
        "io_kbytes" : 65536,
        "bw_bytes" : 221481399,
        "bw" : 216290,
        "iops" : 865161.716172,
        "runtime" : 303,
        "total_ios" : 262144,
        "short_ios" : 0,
        "drop_ios" : 0,
        "slat_ns" : {
          "min" : 0,
          "max" : 0,
          "mean" : 0.000000,
          "stddev" : 0.000000,
          "N" : 0
        },
        "clat_ns" : {
          "min" : 746,
          "max" : 90974,
          "mean" : 936.447380,
          "stddev" : 641.787013,
          "N" : 262144,
          "percentile" : {
            "1.000000" : 756,
            "5.000000" : 764,
            "10.000000" : 764,
            "20.000000" : 780,
            "30.000000" : 788,
            "40.000000" : 828,
            "50.000000" : 844,
            "60.000000" : 852,
            "70.000000" : 860,
            "80.000000" : 876,
            "90.000000" : 932,
            "95.000000" : 1864,
            "99.000000" : 2640,
            "99.500000" : 3152,
            "99.900000" : 8384,
            "99.950000" : 9408,
            "99.990000" : 15808
          },
          "bins" : {
            "748" : 193,
            "756" : 5438,
            "764" : 24738,
            "772" : 21625,
            "780" : 15907,
            "788" : 18817,
            "796" : 7815,
            "804" : 2995,
            "812" : 2896,
            "820" : 4397,
            "828" : 9388,
            "836" : 11654,
            "844" : 16227,
            "852" : 24034,
            "860" : 18598,
            "868" : 16397,
            "876" : 11084,
            "884" : 7158,
            "892" : 3976,
            "900" : 2745,
            "908" : 2795,
            "916" : 3762,
            "924" : 2834,
            "932" : 2155,
            "940" : 1394,
            "948" : 1331,
            "956" : 803,
            "964" : 367,
            "972" : 212,
            "980" : 168,
            "988" : 114,
            "996" : 99,
            "1004" : 75,
            "1012" : 71,
            "1020" : 76,
            "1032" : 102,
            "1048" : 106,
            "1064" : 111,
            "1080" : 106,
            "1096" : 117,
            "1112" : 123,
            "1128" : 126,
            "1144" : 117,
            "1160" : 144,
            "1176" : 142,
            "1192" : 153,
            "1208" : 141,
            "1224" : 107,
            "1240" : 110,
            "1256" : 93,
            "1272" : 114,
            "1288" : 128,
            "1304" : 82,
            "1320" : 67,
            "1336" : 55,
            "1352" : 51,
            "1368" : 55,
            "1384" : 42,
            "1400" : 41,
            "1416" : 43,
            "1432" : 42,
            "1448" : 29,
            "1464" : 22,
            "1480" : 28,
            "1496" : 24,
            "1512" : 21,
            "1528" : 17,
            "1544" : 14,
            "1560" : 18,
            "1576" : 17,
            "1592" : 32,
            "1608" : 54,
            "1624" : 62,
            "1640" : 56,
            "1656" : 89,
            "1672" : 113,
            "1688" : 139,
            "1704" : 178,
            "1720" : 206,
            "1736" : 272,
            "1752" : 275,
            "1768" : 329,
            "1784" : 327,
            "1800" : 387,
            "1816" : 384,
            "1832" : 443,
            "1848" : 413,
            "1864" : 446,
            "1880" : 466,
            "1896" : 520,
            "1912" : 496,
            "1928" : 484,
            "1944" : 445,
            "1960" : 465,
            "1976" : 451,
            "1992" : 418,
            "2008" : 385,
            "2024" : 376,
            "2040" : 394,
            "2064" : 724,
            "2096" : 617,
            "2128" : 541,
            "2160" : 477,
            "2192" : 428,
            "2224" : 382,
            "2256" : 338,
            "2288" : 298,
            "2320" : 269,
            "2352" : 202,
            "2384" : 188,
            "2416" : 152,
            "2448" : 160,
            "2480" : 117,
            "2512" : 119,
            "2544" : 117,
            "2576" : 130,
            "2608" : 95,
            "2640" : 106,
            "2672" : 115,
            "2704" : 95,
            "2736" : 92,
            "2768" : 92,
            "2800" : 104,
            "2832" : 112,
            "2864" : 88,
            "2896" : 89,
            "2928" : 81,
            "2960" : 77,
            "2992" : 49,
            "3024" : 60,
            "3056" : 58,
            "3088" : 43,
            "3120" : 53,
            "3152" : 47,
            "3184" : 36,
            "3216" : 37,
            "3248" : 32,
            "3280" : 18,
            "3312" : 23,
            "3344" : 24,
            "3376" : 19,
            "3408" : 21,
            "3440" : 24,
            "3472" : 17,
            "3504" : 14,
            "3536" : 9,
            "3568" : 11,
            "3600" : 17,
            "3632" : 8,
            "3664" : 5,
            "3696" : 7,
            "3728" : 4,
            "3760" : 8,
            "3792" : 5,
            "3824" : 4,
            "3856" : 8,
            "3888" : 7,
            "3920" : 5,
            "3952" : 2,
            "3984" : 6,
            "4016" : 5,
            "4048" : 8,
            "4080" : 5,
            "4128" : 10,
            "4192" : 12,
            "4256" : 8,
            "4320" : 16,
            "4384" : 15,
            "4448" : 19,
            "4512" : 14,
            "4576" : 14,
            "4640" : 7,
            "4704" : 16,
            "4768" : 9,
            "4832" : 18,
            "4896" : 9,
            "4960" : 8,
            "5024" : 11,
            "5088" : 8,
            "5152" : 7,
            "5216" : 9,
            "5280" : 3,
            "5344" : 9,
            "5408" : 4,
            "5472" : 8,
            "5536" : 3,
            "5600" : 10,
            "5664" : 3,
            "5728" : 7,
            "5792" : 7,
            "5856" : 5,
            "5920" : 5,
            "5984" : 5,
            "6048" : 2,
            "6112" : 3,
            "6176" : 6,
            "6240" : 9,
            "6304" : 5,
            "6368" : 5,
            "6432" : 9,
            "6496" : 7,
            "6560" : 4,
            "6624" : 7,
            "6688" : 5,