{
  "fio version" : "fio-3.39-38-gf18c",
  "timestamp" : 1744238190,
  "timestamp_ms" : 1744238190796,
  "time" : "Wed Apr  9 22:36:30 2025",
  "global options" : {
    "kb_base" : "1024",
    "runtime" : "600"
  },
  "jobs" : [
    {
      "jobname" : "filestore-write-67108864-blk65536-iod16",
      "groupid" : 0,
      "job_start" : 1744238190408,
      "error" : 0,
      "eta" : 2147483647,
      "elapsed" : 1,
      "job options" : {
        "stonewall" : "",
        "rw" : "write",
        "size" : "67108864",
        "bs" : "65536",
        "iodepth" : "16",
        "filename" : "/filestore/scratch/adam/fsbench/filestore/filestore-write-67108864-blk65536-iod16.bin"
      },
      "read" : {
        "io_bytes" : 0,
        "io_kbytes" : 0,
        "bw_bytes" : 0,
        "bw" : 0,
        "iops" : 0.000000,
        "runtime" : 0,
        "total_ios" : 0,
        "short_ios" : 0,
        "drop_ios" : 0,
        "slat_ns" : {
          "min" : 0,
          "max" : 0,
          "mean" : 0.000000,
          "stddev" : 0.000000,
          "N" : 0
        },
        "clat_ns" : {
          "min" : 0,
          "max" : 0,
          "mean" : 0.000000,
          "stddev" : 0.000000,
          "N" : 0
        },
        "lat_ns" : {
          "min" : 0,
          "max" : 0,
          "mean" : 0.000000,
          "stddev" : 0.000000,
          "N" : 0
        },
        "bw_min" : 0,
        "bw_max" : 0,
        "bw_agg" : 0.000000,
        "bw_mean" : 0.000000,
        "bw_dev" : 0.000000,
        "bw_samples" : 0,
        "iops_min" : 0,
        "iops_max" : 0,
        "iops_mean" : 0.000000,
        "iops_stddev" : 0.000000,
        "iops_samples" : 0
      },
      "write" : {
        "io_bytes" : 67108864,
        "io_kbytes" : 65536,
        "bw_bytes" : 2097152000,
        "bw" : 2048000,
        "iops" : 32000.000000,
        "runtime" : 32,
        "total_ios" : 1024,
        "short_ios" : 0,
        "drop_ios" : 0,
        "slat_ns" : {
          "min" : 0,
          "max" : 0,
          "mean" : 0.000000,
          "stddev" : 0.000000,
          "N" : 0
        },
        "clat_ns" : {
          "min" : 25042,
          "max" : 121664,
          "mean" : 29711.416016,
          "stddev" : 6690.114770,
          "N" : 1024,
          "percentile" : {
            "1.000000" : 25728,
            "5.000000" : 25984,
            "10.000000" : 26240,
            "20.000000" : 26496,
            "30.000000" : 26752,
            "40.000000" : 27264,
            "50.000000" : 27520,
            "60.000000" : 28288,
            "70.000000" : 31616,
            "80.000000" : 32640,
            "90.000000" : 33536,
            "95.000000" : 35584,
            "99.000000" : 48896,
            "99.500000" : 73216,
            "99.900000" : 120320,
            "99.950000" : 121344,
            "99.990000" : 121344
          },
          "bins" : {
            "24960" : 1,
            "25216" : 3,
            "25472" : 6,
            "25728" : 22,
            "25984" : 41,
            "26240" : 70,
            "26496" : 75,
            "26752" : 94,
            "27008" : 80,
            "27264" : 89,
            "27520" : 57,
            "27776" : 45,
            "28032" : 28,
            "28288" : 26,
            "28544" : 13,
            "28800" : 9,
            "29056" : 9,
            "29312" : 6,
            "29568" : 10,
            "29824" : 7,
            "30080" : 1,
            "30336" : 5,
            "30592" : 1,
            "30848" : 4,
            "31104" : 8,
            "31360" : 6,
            "31616" : 17,
            "31872" : 20,
            "32128" : 18,
            "32384" : 26,
            "32640" : 32,
            "33024" : 54,
            "33536" : 40,
            "34048" : 20,
            "34560" : 13,
            "35072" : 11,
            "35584" : 7,
            "36096" : 4,
            "36608" : 5,
            "37120" : 5,
            "37632" : 2,
            "38656" : 2,
            "39168" : 2,
            "39680" : 3,
            "40192" : 4,
            "40704" : 1,
            "41216" : 2,
            "42240" : 1,
            "42752" : 2,
            "43264" : 1,
            "44800" : 2,
            "45824" : 1,
            "46336" : 1,
            "48384" : 1,
            "48896" : 1,
            "51456" : 2,
            "62720" : 1,
            "63232" : 1,
            "73216" : 1,
            "76288" : 1,
            "77312" : 1,
            "110080" : 1,
            "120320" : 1,
            "121344" : 1
          }
        },
        "lat_ns" : {
          "min" : 25317,
          "max" : 121914,
          "mean" : 30055.437500,
          "stddev" : 6742.338276,
          "N" : 1024
        },
        "bw_min" : 0,
        "bw_max" : 0,
        "bw_agg" : 0.000000,
        "bw_mean" : 0.000000,
        "bw_dev" : 0.000000,
        "bw_samples" : 0,
        "iops_min" : 0,
        "iops_max" : 0,
        "iops_mean" : 0.000000,
        "iops_stddev" : 0.000000,
        "iops_samples" : 0
      },
      "trim" : {
        "io_bytes" : 0,
        "io_kbytes" : 0,
        "bw_bytes" : 0,
        "bw" : 0,
        "iops" : 0.000000,
        "runtime" : 0,
        "total_ios" : 0,
        "short_ios" : 0,
        "drop_ios" : 0,
        "slat_ns" : {
          "min" : 0,
          "max" : 0,
          "mean" : 0.000000,
          "stddev" : 0.000000,
          "N" : 0
        },
        "clat_ns" : {
          "min" : 0,
          "max" : 0,
          "mean" : 0.000000,
          "stddev" : 0.000000,
          "N" : 0
        },
        "lat_ns" : {
          "min" : 0,
          "max" : 0,
          "mean" : 0.000000,
          "stddev" : 0.000000,
          "N" : 0
        },
        "bw_min" : 0,
        "bw_max" : 0,
        "bw_agg" : 0.000000,
        "bw_mean" : 0.000000,
        "bw_dev" : 0.000000,
        "bw_samples" : 0,
        "iops_min" : 0,
        "iops_max" : 0,
        "iops_mean" : 0.000000,
        "iops_stddev" : 0.000000,
        "iops_samples" : 0
      },
      "sync" : {
        "total_ios" : 0,
        "lat_ns" : {
          "min" : 0,
          "max" : 0,
          "mean" : 0.000000,
          "stddev" : 0.000000,
          "N" : 0
        }
      },
      "job_runtime" : 31,
      "usr_cpu" : 0.000000,
      "sys_cpu" : 100.000000,
      "ctx" : 2,
      "majf" : 0,
      "minf" : 7,
      "iodepth_level" : {
        "1" : 100.000000,
        "2" : 0.000000,
        "4" : 0.000000,
        "8" : 0.000000,
        "16" : 0.000000,
        "32" : 0.000000,
        ">=64" : 0.000000
      },
      "iodepth_submit" : {
        "0" : 0.000000,
        "4" : 100.000000,
        "8" : 0.000000,
        "16" : 0.000000,
        "32" : 0.000000,
        "64" : 0.000000,
        ">=64" : 0.000000
      },
      "iodepth_complete" : {
        "0" : 0.000000,
        "4" : 100.000000,
        "8" : 0.000000,
        "16" : 0.000000,
        "32" : 0.000000,
        "64" : 0.000000,
        ">=64" : 0.000000
      },
      "latency_ns" : {
        "2" : 0.000000,
        "4" : 0.000000,
        "10" : 0.000000,
        "20" : 0.000000,
        "50" : 0.000000,
        "100" : 0.000000,
        "250" : 0.000000,
        "500" : 0.000000,
        "750" : 0.000000,
        "1000" : 0.000000
      },
      "latency_us" : {
        "2" : 0.000000,
        "4" : 0.000000,
        "10" : 0.000000,
        "20" : 0.000000,
        "50" : 99.023438,
        "100" : 0.683594,
        "250" : 0.292969,
        "500" : 0.000000,
        "750" : 0.000000,
        "1000" : 0.000000
      },
      "latency_ms" : {
        "2" : 0.000000,
        "4" : 0.000000,
        "10" : 0.000000,
        "20" : 0.000000,
        "50" : 0.000000,
        "100" : 0.000000,
        "250" : 0.000000,
        "500" : 0.000000,
        "750" : 0.000000,
        "1000" : 0.000000,
        "2000" : 0.000000,
        ">=2000" : 0.000000
      },
      "latency_depth" : 16,
      "latency_target" : 0,
      "latency_percentile" : 100.000000,