{
  "fio version" : "fio-3.39-38-gf18c",
  "timestamp" : 1744238317,
  "timestamp_ms" : 1744238317330,
  "time" : "Wed Apr  9 22:38:37 2025",
  "global options" : {
    "kb_base" : "1024",
    "runtime" : "600"
  },
  "jobs" : [
    {
      "jobname" : "filestore-write-1073741824-blk4096-iod1",
      "groupid" : 0,
      "job_start" : 1744238314441,
      "error" : 0,
      "eta" : 0,
      "elapsed" : 3,
      "job options" : {
        "stonewall" : "",
        "rw" : "write",
        "size" : "1073741824",
        "bs" : "4096",
        "iodepth" : "1",
        "filename" : "/filestore/scratch/adam/fsbench/filestore/filestore-write-1073741824-blk4096-iod1.bin"
      },
      "read" : {
        "io_bytes" : 0,
        "io_kbytes" : 0,
        "bw_bytes" : 0,
        "bw" : 0,
        "iops" : 0.000000,
        "runtime" : 0,
        "total_ios" : 0,
        "short_ios" : 0,
        "drop_ios" : 0,
        "slat_ns" : {
          "min" : 0,
          "max" : 0,
          "mean" : 0.000000,
          "stddev" : 0.000000,
          "N" : 0
        },
        "clat_ns" : {
          "min" : 0,
          "max" : 0,
          "mean" : 0.000000,
          "stddev" : 0.000000,
          "N" : 0
        },
        "lat_ns" : {
          "min" : 0,
          "max" : 0,
          "mean" : 0.000000,
          "stddev" : 0.000000,
          "N" : 0
        },
        "bw_min" : 0,
        "bw_max" : 0,
        "bw_agg" : 0.000000,
        "bw_mean" : 0.000000,
        "bw_dev" : 0.000000,
        "bw_samples" : 0,
        "iops_min" : 0,
        "iops_max" : 0,
        "iops_mean" : 0.000000,
        "iops_stddev" : 0.000000,
        "iops_samples" : 0
      },
      "write" : {
        "io_bytes" : 1073741824,
        "io_kbytes" : 1048576,
        "bw_bytes" : 1499639418,
        "bw" : 1464491,
        "iops" : 366122.905028,
        "runtime" : 716,
        "total_ios" : 262144,
        "short_ios" : 0,
        "drop_ios" : 0,
        "slat_ns" : {
          "min" : 0,
          "max" : 0,
          "mean" : 0.000000,
          "stddev" : 0.000000,
          "N" : 0
        },
        "clat_ns" : {
          "min" : 1782,
          "max" : 217155,
          "mean" : 2466.456696,
          "stddev" : 1317.600024,
          "N" : 262144,
          "percentile" : {
            "1.000000" : 1880,
            "5.000000" : 1944,
            "10.000000" : 1976,
            "20.000000" : 2040,
            "30.000000" : 2096,
            "40.000000" : 2160,
            "50.000000" : 2224,
            "60.000000" : 2288,
            "70.000000" : 2384,
            "80.000000" : 2544,
            "90.000000" : 2992,
            "95.000000" : 3440,
            "99.000000" : 7712,
            "99.500000" : 8640,
            "99.900000" : 15168,
            "99.950000" : 17792,
            "99.990000" : 43264
          },
          "bins" : {
            "1784" : 1,
            "1800" : 1,
            "1832" : 11,
            "1848" : 202,
            "1864" : 1037,
            "1880" : 2334,
            "1896" : 2964,
            "1912" : 2828,
            "1928" : 2877,
            "1944" : 4089,
            "1960" : 6223,
            "1976" : 7276,
            "1992" : 6711,
            "2008" : 5764,
            "2024" : 5774,
            "2040" : 7367,
            "2064" : 16507,
            "2096" : 13373,
            "2128" : 14828,
            "2160" : 14755,
            "2192" : 13330,
            "2224" : 13081,
            "2256" : 11290,
            "2288" : 10298,
            "2320" : 9555,
            "2352" : 8592,
            "2384" : 7839,
            "2416" : 6523,
            "2448" : 5453,
            "2480" : 4513,
            "2512" : 3655,
            "2544" : 2963,
            "2576" : 2527,
            "2608" : 2117,
            "2640" : 1770,
            "2672" : 1582,
            "2704" : 1650,
            "2736" : 1663,
            "2768" : 1780,
            "2800" : 1817,
            "2832" : 1760,
            "2864" : 1855,
            "2896" : 1770,
            "2928" : 1573,
            "2960" : 1561,
            "2992" : 1412,
            "3024" : 1320,
            "3056" : 1382,
            "3088" : 1309,
            "3120" : 1159,
            "3152" : 1073,
            "3184" : 991,
            "3216" : 930,
            "3248" : 823,
            "3280" : 779,
            "3312" : 679,
            "3344" : 553,
            "3376" : 536,
            "3408" : 424,
            "3440" : 441,
            "3472" : 357,
            "3504" : 310,
            "3536" : 287,
            "3568" : 242,
            "3600" : 200,
            "3632" : 199,
            "3664" : 185,
            "3696" : 172,
            "3728" : 141,
            "3760" : 148,
            "3792" : 141,
            "3824" : 136,
            "3856" : 158,
            "3888" : 154,
            "3920" : 174,
            "3952" : 154,
            "3984" : 159,
            "4016" : 169,
            "4048" : 190,
            "4080" : 207,
            "4128" : 342,
            "4192" : 348,
            "4256" : 335,
            "4320" : 333,
            "4384" : 265,
            "4448" : 218,
            "4512" : 185,
            "4576" : 145,
            "4640" : 144,
            "4704" : 109,
            "4768" : 72,
            "4832" : 62,
            "4896" : 48,
            "4960" : 47,
            "5024" : 45,
            "5088" : 43,
            "5152" : 34,
            "5216" : 63,
            "5280" : 47,
            "5344" : 65,
            "5408" : 70,
            "5472" : 102,
            "5536" : 90,
            "5600" : 101,
            "5664" : 133,
            "5728" : 141,
            "5792" : 119,
            "5856" : 130,
            "5920" : 123,
            "5984" : 177,
            "6048" : 138,
            "6112" : 142,
            "6176" : 112,
            "6240" : 126,
            "6304" : 122,
            "6368" : 118,
            "6432" : 109,
            "6496" : 121,
            "6560" : 86,
            "6624" : 71,
            "6688" : 82,
            "6752" : 75,
            "6816" : 74,
            "6880" : 83,
            "6944" : 55,
            "7008" : 43,
            "7072" : 54,
            "7136" : 44,
            "7200" : 55,
            "7264" : 64,
            "7328" : 49,
            "7392" : 74,
            "7456" : 71,
            "7520" : 78,
            "7584" : 93,
            "7648" : 95,
            "7712" : 131,
            "7776" : 107,
            "7840" : 101,
            "7904" : 108,
            "7968" : 91,
            "8032" : 112,
            "8096" : 110,
            "8160" : 82,
            "8256" : 167,
            "8384" : 153,
            "8512" : 120,
            "8640" : 100,
            "8768" : 87,
            "8896" : 69,
            "9024" : 61,
            "9152" : 50,
            "9280" : 35,
            "9408" : 39,
            "9536" : 33,
            "9664" : 15,
            "9792" : 27,
            "9920" : 33,
            "10048" : 18,
            "10176" : 27,
            "10304" : 33,
            "10432" : 26,
            "10560" : 14,
            "10688" : 18,
            "10816" : 25,
            "10944" : 19,
            "11072" : 21,
            "11200" : 18,
            "11328" : 16,
            "11456" : 17,
            "11584" : 21,
            "11712" : 17,
            "11840" : 16,
            "11968" : 17,
            "12096" : 13,
            "12224" : 11,
            "12352" : 17,
            "12480" : 15,
            "12608" : 11,
            "12736" : 8,
            "12864" : 9,
            "12992" : 14,
            "13120" : 8,
            "13248" : 12,
            "13376" : 4,
            "13504" : 5,
            "13632" : 5,
            "13760" : 10,
            "13888" : 7,
            "14016" : 9,
            "14144" : 12,
            "14272" : 5,
            "14400" : 11,
            "14528" : 7,
            "14656" : 5,
            "14784" : 7,
            "14912" : 6,