{
  "fio version" : "fio-3.39-38-gf18c",
  "timestamp" : 1744242788,
  "timestamp_ms" : 1744242788037,
  "time" : "Wed Apr  9 23:53:08 2025",
  "global options" : {
    "kb_base" : "1024",
    "runtime" : "600"
  },
  "jobs" : [
    {
      "jobname" : "filestore-randwrite-262144-blk256-iod16",
      "groupid" : 0,
      "job_start" : 1744242787900,
      "error" : 0,
      "eta" : 2147483647,
      "elapsed" : 1,
      "job options" : {
        "stonewall" : "",
        "rw" : "randwrite",
        "size" : "262144",
        "bs" : "256",
        "iodepth" : "16",
        "filename" : "/filestore/scratch/adam/fsbench/filestore/filestore-randwrite-262144-blk256-iod16.bin"
      },
      "read" : {
        "io_bytes" : 0,
        "io_kbytes" : 0,
        "bw_bytes" : 0,
        "bw" : 0,
        "iops" : 0.000000,
        "runtime" : 0,
        "total_ios" : 0,
        "short_ios" : 0,
        "drop_ios" : 0,
        "slat_ns" : {
          "min" : 0,
          "max" : 0,
          "mean" : 0.000000,
          "stddev" : 0.000000,
          "N" : 0
        },
        "clat_ns" : {
          "min" : 0,
          "max" : 0,
          "mean" : 0.000000,
          "stddev" : 0.000000,
          "N" : 0
        },
        "lat_ns" : {
          "min" : 0,
          "max" : 0,
          "mean" : 0.000000,
          "stddev" : 0.000000,
          "N" : 0
        },
        "bw_min" : 0,
        "bw_max" : 0,
        "bw_agg" : 0.000000,
        "bw_mean" : 0.000000,
        "bw_dev" : 0.000000,
        "bw_samples" : 0,
        "iops_min" : 0,
        "iops_max" : 0,
        "iops_mean" : 0.000000,
        "iops_stddev" : 0.000000,
        "iops_samples" : 0
      },
      "write" : {
        "io_bytes" : 262144,
        "io_kbytes" : 256,
        "bw_bytes" : 17476266,
        "bw" : 17066,
        "iops" : 68266.666667,
        "runtime" : 15,
        "total_ios" : 1024,
        "short_ios" : 0,
        "drop_ios" : 0,
        "slat_ns" : {
          "min" : 0,
          "max" : 0,
          "mean" : 0.000000,
          "stddev" : 0.000000,
          "N" : 0
        },
        "clat_ns" : {
          "min" : 756,
          "max" : 382097,
          "mean" : 12671.512695,
          "stddev" : 47038.374996,
          "N" : 1024,
          "percentile" : {
            "1.000000" : 836,
            "5.000000" : 884,
            "10.000000" : 916,
            "20.000000" : 932,
            "30.000000" : 940,
            "40.000000" : 972,
            "50.000000" : 988,
            "60.000000" : 1004,
            "70.000000" : 1080,
            "80.000000" : 1384,
            "90.000000" : 1912,
            "95.000000" : 140288,
            "99.000000" : 234496,
            "99.500000" : 257024,
            "99.900000" : 317440,
            "99.950000" : 382976,
            "99.990000" : 382976
          },
          "bins" : {
            "756" : 1,
            "764" : 2,
            "772" : 3,
            "780" : 2,
            "804" : 1,
            "820" : 1,
            "836" : 3,
            "844" : 3,
            "852" : 11,
            "860" : 13,
            "868" : 3,
            "876" : 8,
            "884" : 11,
            "892" : 12,
            "900" : 7,
            "908" : 21,
            "916" : 32,
            "924" : 56,
            "932" : 68,
            "940" : 61,
            "948" : 32,
            "956" : 23,
            "964" : 15,
            "972" : 31,
            "980" : 56,
            "988" : 56,
            "996" : 60,
            "1004" : 42,
            "1012" : 30,
            "1020" : 17,
            "1032" : 15,
            "1048" : 15,
            "1064" : 4,
            "1080" : 10,
            "1096" : 6,
            "1112" : 5,
            "1128" : 5,
            "1144" : 3,
            "1160" : 4,
            "1176" : 3,
            "1192" : 2,
            "1208" : 6,
            "1224" : 7,
            "1240" : 4,
            "1256" : 10,
            "1272" : 3,
            "1288" : 3,
            "1304" : 10,
            "1320" : 7,
            "1336" : 4,
            "1352" : 4,
            "1368" : 7,
            "1384" : 5,
            "1400" : 7,
            "1416" : 7,
            "1432" : 4,
            "1448" : 7,
            "1464" : 8,
            "1480" : 7,
            "1496" : 3,
            "1512" : 6,
            "1528" : 1,
            "1544" : 3,
            "1560" : 5,
            "1576" : 3,
            "1592" : 4,
            "1608" : 5,
            "1640" : 3,
            "1656" : 1,
            "1672" : 5,
            "1704" : 4,
            "1720" : 4,
            "1752" : 1,
            "1768" : 1,
            "1784" : 1,
            "1800" : 1,
            "1816" : 1,
            "1832" : 2,
            "1848" : 2,
            "1864" : 1,
            "1880" : 1,
            "1912" : 1,
            "1928" : 3,
            "2008" : 1,
            "2040" : 2,
            "2128" : 3,
            "2160" : 1,
            "2192" : 2,
            "2256" : 1,
            "2288" : 1,
            "2320" : 1,
            "2352" : 1,
            "2448" : 2,
            "2544" : 1,
            "2576" : 2,
            "2704" : 1,
            "3056" : 1,
            "3152" : 1,
            "3280" : 1,
            "3312" : 1,
            "3920" : 1,
            "4016" : 1,
            "4320" : 1,
            "4448" : 1,
            "4512" : 2,
            "4576" : 1,
            "4704" : 1,
            "4832" : 1,
            "5408" : 1,
            "6368" : 1,
            "6880" : 1,
            "19840" : 1,
            "25472" : 1,
            "114176" : 1,
            "115200" : 1,
            "117248" : 1,
            "119296" : 1,
            "123392" : 1,
            "124416" : 1,
            "130560" : 2,
            "136192" : 2,
            "140288" : 1,
            "144384" : 1,
            "146432" : 2,
            "150528" : 1,
            "152576" : 2,
            "158720" : 1,
            "160768" : 1,
            "164864" : 1,
            "166912" : 2,
            "171008" : 1,
            "173056" : 1,
            "175104" : 1,
            "177152" : 1,
            "179200" : 1,
            "181248" : 1,
            "183296" : 1,
            "185344" : 1,
            "187392" : 3,
            "191488" : 3,
            "193536" : 1,
            "195584" : 1,
            "197632" : 1,
            "201728" : 1,
            "207872" : 1,
            "209920" : 1,
            "211968" : 3,
            "214016" : 1,
            "222208" : 1,
            "224256" : 1,
            "226304" : 1,
            "232448" : 1,
            "234496" : 2,
            "236544" : 1,
            "238592" : 1,
            "240640" : 2,
            "257024" : 1,
            "272384" : 1,
            "276480" : 1,
            "292864" : 1,
            "317440" : 1,
            "382976" : 1
          }
        },
        "lat_ns" : {
          "min" : 786,
          "max" : 382684,
          "mean" : 12721.071289,
          "stddev" : 47066.863310,
          "N" : 1024
        },
        "bw_min" : 0,
        "bw_max" : 0,
        "bw_agg" : 0.000000,
        "bw_mean" : 0.000000,
        "bw_dev" : 0.000000,
        "bw_samples" : 0,
        "iops_min" : 0,
        "iops_max" : 0,
        "iops_mean" : 0.000000,
        "iops_stddev" : 0.000000,
        "iops_samples" : 0
      },
      "trim" : {
        "io_bytes" : 0,
        "io_kbytes" : 0,
        "bw_bytes" : 0,
        "bw" : 0,
        "iops" : 0.000000,
        "runtime" : 0,
        "total_ios" : 0,
        "short_ios" : 0,
        "drop_ios" : 0,
        "slat_ns" : {
          "min" : 0,
          "max" : 0,
          "mean" : 0.000000,
          "stddev" : 0.000000,
          "N" : 0
        },
        "clat_ns" : {
          "min" : 0,
          "max" : 0,
          "mean" : 0.000000,
          "stddev" : 0.000000,
          "N" : 0
        },
        "lat_ns" : {
          "min" : 0,
          "max" : 0,
          "mean" : 0.000000,