{
  "fio version" : "fio-3.39-38-gf18c",
  "timestamp" : 1744242785,
  "timestamp_ms" : 1744242785443,
  "time" : "Wed Apr  9 23:53:05 2025",
  "global options" : {
    "kb_base" : "1024",
    "runtime" : "600"
  },
  "jobs" : [
    {
      "jobname" : "filestore-randwrite-262144-blk256-iod1",
      "groupid" : 0,
      "job_start" : 1744242785302,
      "error" : 0,
      "eta" : 2147483647,
      "elapsed" : 1,
      "job options" : {
        "stonewall" : "",
        "rw" : "randwrite",
        "size" : "262144",
        "bs" : "256",
        "iodepth" : "1",
        "filename" : "/filestore/scratch/adam/fsbench/filestore/filestore-randwrite-262144-blk256-iod1.bin"
      },
      "read" : {
        "io_bytes" : 0,
        "io_kbytes" : 0,
        "bw_bytes" : 0,
        "bw" : 0,
        "iops" : 0.000000,
        "runtime" : 0,
        "total_ios" : 0,
        "short_ios" : 0,
        "drop_ios" : 0,
        "slat_ns" : {
          "min" : 0,
          "max" : 0,
          "mean" : 0.000000,
          "stddev" : 0.000000,
          "N" : 0
        },
        "clat_ns" : {
          "min" : 0,
          "max" : 0,
          "mean" : 0.000000,
          "stddev" : 0.000000,
          "N" : 0
        },
        "lat_ns" : {
          "min" : 0,
          "max" : 0,
          "mean" : 0.000000,
          "stddev" : 0.000000,
          "N" : 0
        },
        "bw_min" : 0,
        "bw_max" : 0,
        "bw_agg" : 0.000000,
        "bw_mean" : 0.000000,
        "bw_dev" : 0.000000,
        "bw_samples" : 0,
        "iops_min" : 0,
        "iops_max" : 0,
        "iops_mean" : 0.000000,
        "iops_stddev" : 0.000000,
        "iops_samples" : 0
      },
      "write" : {
        "io_bytes" : 262144,
        "io_kbytes" : 256,
        "bw_bytes" : 20164923,
        "bw" : 19692,
        "iops" : 78769.230769,
        "runtime" : 13,
        "total_ios" : 1024,
        "short_ios" : 0,
        "drop_ios" : 0,
        "slat_ns" : {
          "min" : 0,
          "max" : 0,
          "mean" : 0.000000,
          "stddev" : 0.000000,
          "N" : 0
        },
        "clat_ns" : {
          "min" : 790,
          "max" : 309354,
          "mean" : 11550.814453,
          "stddev" : 42473.037692,
          "N" : 1024,
          "percentile" : {
            "1.000000" : 868,
            "5.000000" : 900,
            "10.000000" : 932,
            "20.000000" : 948,
            "30.000000" : 972,
            "40.000000" : 988,
            "50.000000" : 1004,
            "60.000000" : 1012,
            "70.000000" : 1032,
            "80.000000" : 1144,
            "90.000000" : 1528,
            "95.000000" : 138240,
            "99.000000" : 214016,
            "99.500000" : 240640,
            "99.900000" : 268288,
            "99.950000" : 309248,
            "99.990000" : 309248
          },
          "bins" : {
            "788" : 2,
            "796" : 1,
            "812" : 1,
            "852" : 1,
            "860" : 3,
            "868" : 7,
            "876" : 8,
            "884" : 10,
            "892" : 12,
            "900" : 7,
            "908" : 9,
            "916" : 10,
            "924" : 14,
            "932" : 31,
            "940" : 48,
            "948" : 47,
            "956" : 52,
            "964" : 44,
            "972" : 34,
            "980" : 35,
            "988" : 39,
            "996" : 51,
            "1004" : 78,
            "1012" : 77,
            "1020" : 46,
            "1032" : 59,
            "1048" : 38,
            "1064" : 19,
            "1080" : 8,
            "1096" : 10,
            "1112" : 6,
            "1128" : 8,
            "1144" : 5,
            "1160" : 7,
            "1192" : 9,
            "1208" : 7,
            "1224" : 7,
            "1240" : 9,
            "1256" : 3,
            "1272" : 8,
            "1288" : 2,
            "1304" : 6,
            "1320" : 3,
            "1336" : 2,
            "1352" : 7,
            "1368" : 4,
            "1384" : 4,
            "1400" : 1,
            "1416" : 2,
            "1432" : 2,
            "1448" : 2,
            "1464" : 5,
            "1480" : 4,
            "1496" : 2,
            "1512" : 3,
            "1528" : 4,
            "1544" : 1,
            "1560" : 3,
            "1592" : 1,
            "1624" : 2,
            "1640" : 3,
            "1656" : 2,
            "1672" : 1,
            "1720" : 1,
            "1736" : 3,
            "1752" : 2,
            "1768" : 2,
            "1800" : 2,
            "1880" : 1,
            "1896" : 1,
            "2064" : 1,
            "2096" : 2,
            "2256" : 1,
            "2288" : 1,
            "2352" : 1,
            "2576" : 1,
            "2640" : 1,
            "2768" : 1,
            "2832" : 1,
            "2896" : 1,
            "3856" : 1,
            "4320" : 1,
            "24192" : 1,
            "115200" : 1,
            "130560" : 2,
            "132096" : 3,
            "134144" : 2,
            "136192" : 2,
            "138240" : 1,
            "140288" : 1,
            "142336" : 4,
            "144384" : 3,
            "146432" : 1,
            "148480" : 2,
            "150528" : 3,
            "152576" : 1,
            "154624" : 2,
            "156672" : 1,
            "158720" : 2,
            "160768" : 2,
            "162816" : 1,
            "164864" : 2,
            "166912" : 1,
            "168960" : 1,
            "175104" : 1,
            "179200" : 1,
            "183296" : 1,
            "185344" : 1,
            "191488" : 1,
            "193536" : 2,
            "195584" : 2,
            "197632" : 1,
            "203776" : 1,
            "205824" : 1,
            "207872" : 1,
            "214016" : 2,
            "222208" : 1,
            "228352" : 1,
            "238592" : 1,
            "240640" : 1,
            "242688" : 1,
            "259072" : 1,
            "264192" : 1,
            "268288" : 1,
            "309248" : 1
          }
        },
        "lat_ns" : {
          "min" : 821,
          "max" : 309451,
          "mean" : 11591.604492,
          "stddev" : 42486.083542,
          "N" : 1024
        },
        "bw_min" : 0,
        "bw_max" : 0,
        "bw_agg" : 0.000000,
        "bw_mean" : 0.000000,
        "bw_dev" : 0.000000,
        "bw_samples" : 0,
        "iops_min" : 0,
        "iops_max" : 0,
        "iops_mean" : 0.000000,
        "iops_stddev" : 0.000000,
        "iops_samples" : 0
      },
      "trim" : {
        "io_bytes" : 0,
        "io_kbytes" : 0,
        "bw_bytes" : 0,
        "bw" : 0,
        "iops" : 0.000000,
        "runtime" : 0,
        "total_ios" : 0,
        "short_ios" : 0,
        "drop_ios" : 0,
        "slat_ns" : {
          "min" : 0,
          "max" : 0,
          "mean" : 0.000000,
          "stddev" : 0.000000,
          "N" : 0
        },
        "clat_ns" : {
          "min" : 0,
          "max" : 0,
          "mean" : 0.000000,
          "stddev" : 0.000000,
          "N" : 0
        },
        "lat_ns" : {
          "min" : 0,
          "max" : 0,
          "mean" : 0.000000,
          "stddev" : 0.000000,
          "N" : 0
        },
        "bw_min" : 0,
        "bw_max" : 0,
        "bw_agg" : 0.000000,
        "bw_mean" : 0.000000,
        "bw_dev" : 0.000000,
        "bw_samples" : 0,
        "iops_min" : 0,
        "iops_max" : 0,
        "iops_mean" : 0.000000,
        "iops_stddev" : 0.000000,
        "iops_samples" : 0
      },
      "sync" : {
        "total_ios" : 0,
        "lat_ns" : {
          "min" : 0,
          "max" : 0,
          "mean" : 0.000000,
          "stddev" : 0.000000,
          "N" : 0
        }
      },
      "job_runtime" : 12,
      "usr_cpu" : 8.333333,
      "sys_cpu" : 0.000000,
      "ctx" : 64,
      "majf" : 0,
      "minf" : 7,
      "iodepth_level" : {
        "1" : 100.000000,
        "2" : 0.000000,
        "4" : 0.000000,
        "8" : 0.000000,
        "16" : 0.000000,
        "32" : 0.000000,
        ">=64" : 0.000000
      },