{
  "fio version" : "fio-3.39-38-gf18c",
  "timestamp" : 1744245089,
  "timestamp_ms" : 1744245089553,
  "time" : "Thu Apr 10 00:31:29 2025",
  "global options" : {
    "kb_base" : "1024",
    "runtime" : "600"
  },
  "jobs" : [
    {
      "jobname" : "filestore-randwrite-1073741824-blk1048576-iod1",
      "groupid" : 0,
      "job_start" : 1744245087052,
      "error" : 0,
      "eta" : 0,
      "elapsed" : 3,
      "job options" : {
        "stonewall" : "",
        "rw" : "randwrite",
        "size" : "1073741824",
        "bs" : "1048576",
        "iodepth" : "1",
        "filename" : "/filestore/scratch/adam/fsbench/filestore/filestore-randwrite-1073741824-blk1048576-iod1.bin"
      },
      "read" : {
        "io_bytes" : 0,
        "io_kbytes" : 0,
        "bw_bytes" : 0,
        "bw" : 0,
        "iops" : 0.000000,
        "runtime" : 0,
        "total_ios" : 0,
        "short_ios" : 0,
        "drop_ios" : 0,
        "slat_ns" : {
          "min" : 0,
          "max" : 0,
          "mean" : 0.000000,
          "stddev" : 0.000000,
          "N" : 0
        },
        "clat_ns" : {
          "min" : 0,
          "max" : 0,
          "mean" : 0.000000,
          "stddev" : 0.000000,
          "N" : 0
        },
        "lat_ns" : {
          "min" : 0,
          "max" : 0,
          "mean" : 0.000000,
          "stddev" : 0.000000,
          "N" : 0
        },
        "bw_min" : 0,
        "bw_max" : 0,
        "bw_agg" : 0.000000,
        "bw_mean" : 0.000000,
        "bw_dev" : 0.000000,
        "bw_samples" : 0,
        "iops_min" : 0,
        "iops_max" : 0,
        "iops_mean" : 0.000000,
        "iops_stddev" : 0.000000,
        "iops_samples" : 0
      },
      "write" : {
        "io_bytes" : 1073741824,
        "io_kbytes" : 1048576,
        "bw_bytes" : 2284557072,
        "bw" : 2231012,
        "iops" : 2178.723404,
        "runtime" : 470,
        "total_ios" : 1024,
        "short_ios" : 0,
        "drop_ios" : 0,
        "slat_ns" : {
          "min" : 0,
          "max" : 0,
          "mean" : 0.000000,
          "stddev" : 0.000000,
          "N" : 0
        },
        "clat_ns" : {
          "min" : 406443,
          "max" : 587447,
          "mean" : 443411.642578,
          "stddev" : 23603.477933,
          "N" : 1024,
          "percentile" : {
            "1.000000" : 411648,
            "5.000000" : 415744,
            "10.000000" : 419840,
            "20.000000" : 423936,
            "30.000000" : 432128,
            "40.000000" : 436224,
            "50.000000" : 440320,
            "60.000000" : 444416,
            "70.000000" : 452608,
            "80.000000" : 456704,
            "90.000000" : 468992,
            "95.000000" : 481280,
            "99.000000" : 544768,
            "99.500000" : 561152,
            "99.900000" : 585728,
            "99.950000" : 585728,
            "99.990000" : 585728
          },
          "bins" : {
            "407552" : 4,
            "411648" : 25,
            "415744" : 68,
            "419840" : 82,
            "423936" : 59,
            "428032" : 57,
            "432128" : 62,
            "436224" : 97,
            "440320" : 113,
            "444416" : 88,
            "448512" : 60,
            "452608" : 61,
            "456704" : 51,
            "460800" : 47,
            "464896" : 35,
            "468992" : 35,
            "473088" : 13,
            "477184" : 13,
            "481280" : 6,
            "485376" : 10,
            "489472" : 7,
            "493568" : 3,
            "497664" : 1,
            "501760" : 3,
            "505856" : 3,
            "509952" : 1,
            "514048" : 2,
            "518144" : 2,
            "522240" : 2,
            "528384" : 2,
            "544768" : 4,
            "561152" : 4,
            "569344" : 2,
            "585728" : 2
          }
        },
        "lat_ns" : {
          "min" : 419668,
          "max" : 609836,
          "mean" : 457075.581055,
          "stddev" : 24135.326723,
          "N" : 1024
        },
        "bw_min" : 2097152,
        "bw_max" : 2097152,
        "bw_agg" : 94.000000,
        "bw_mean" : 2097152.000000,
        "bw_dev" : 0.000000,
        "bw_samples" : 1,
        "iops_min" : 2048,
        "iops_max" : 2048,
        "iops_mean" : 2048.000000,
        "iops_stddev" : 0.000000,
        "iops_samples" : 1
      },
      "trim" : {
        "io_bytes" : 0,
        "io_kbytes" : 0,
        "bw_bytes" : 0,
        "bw" : 0,
        "iops" : 0.000000,
        "runtime" : 0,
        "total_ios" : 0,
        "short_ios" : 0,
        "drop_ios" : 0,
        "slat_ns" : {
          "min" : 0,
          "max" : 0,
          "mean" : 0.000000,
          "stddev" : 0.000000,
          "N" : 0
        },
        "clat_ns" : {
          "min" : 0,
          "max" : 0,
          "mean" : 0.000000,
          "stddev" : 0.000000,
          "N" : 0
        },
        "lat_ns" : {
          "min" : 0,
          "max" : 0,
          "mean" : 0.000000,
          "stddev" : 0.000000,
          "N" : 0
        },
        "bw_min" : 0,
        "bw_max" : 0,
        "bw_agg" : 0.000000,
        "bw_mean" : 0.000000,
        "bw_dev" : 0.000000,
        "bw_samples" : 0,
        "iops_min" : 0,
        "iops_max" : 0,
        "iops_mean" : 0.000000,
        "iops_stddev" : 0.000000,
        "iops_samples" : 0
      },
      "sync" : {
        "total_ios" : 0,
        "lat_ns" : {
          "min" : 0,
          "max" : 0,
          "mean" : 0.000000,
          "stddev" : 0.000000,
          "N" : 0
        }
      },
      "job_runtime" : 469,
      "usr_cpu" : 2.345416,
      "sys_cpu" : 97.441365,
      "ctx" : 5,
      "majf" : 0,
      "minf" : 6,
      "iodepth_level" : {
        "1" : 100.000000,
        "2" : 0.000000,
        "4" : 0.000000,
        "8" : 0.000000,
        "16" : 0.000000,
        "32" : 0.000000,
        ">=64" : 0.000000
      },
      "iodepth_submit" : {
        "0" : 0.000000,
        "4" : 100.000000,
        "8" : 0.000000,
        "16" : 0.000000,
        "32" : 0.000000,
        "64" : 0.000000,
        ">=64" : 0.000000
      },
      "iodepth_complete" : {
        "0" : 0.000000,
        "4" : 100.000000,
        "8" : 0.000000,
        "16" : 0.000000,
        "32" : 0.000000,
        "64" : 0.000000,
        ">=64" : 0.000000
      },
      "latency_ns" : {
        "2" : 0.000000,
        "4" : 0.000000,
        "10" : 0.000000,
        "20" : 0.000000,
        "50" : 0.000000,
        "100" : 0.000000,
        "250" : 0.000000,
        "500" : 0.000000,
        "750" : 0.000000,
        "1000" : 0.000000
      },
      "latency_us" : {
        "2" : 0.000000,
        "4" : 0.000000,
        "10" : 0.000000,
        "20" : 0.000000,
        "50" : 0.000000,
        "100" : 0.000000,
        "250" : 0.000000,
        "500" : 97.363281,
        "750" : 2.636719,
        "1000" : 0.000000
      },
      "latency_ms" : {
        "2" : 0.000000,
        "4" : 0.000000,
        "10" : 0.000000,
        "20" : 0.000000,
        "50" : 0.000000,
        "100" : 0.000000,
        "250" : 0.000000,
        "500" : 0.000000,
        "750" : 0.000000,
        "1000" : 0.000000,
        "2000" : 0.000000,
        ">=2000" : 0.000000
      },
      "latency_depth" : 1,
      "latency_target" : 0,
      "latency_percentile" : 100.000000,
      "latency_window" : 0
    }
  ]
}
