{
  "fio version" : "fio-3.39-38-gf18c",
  "timestamp" : 1744245029,
  "timestamp_ms" : 1744245029235,
  "time" : "Thu Apr 10 00:30:29 2025",
  "global options" : {
    "kb_base" : "1024",
    "runtime" : "600"
  },
  "jobs" : [
    {
      "jobname" : "filestore-randwrite-1073741824-blk65536-iod1",
      "groupid" : 0,
      "job_start" : 1744245026733,
      "error" : 0,
      "eta" : 0,
      "elapsed" : 3,
      "job options" : {
        "stonewall" : "",
        "rw" : "randwrite",
        "size" : "1073741824",
        "bs" : "65536",
        "iodepth" : "1",
        "filename" : "/filestore/scratch/adam/fsbench/filestore/filestore-randwrite-1073741824-blk65536-iod1.bin"
      },
      "read" : {
        "io_bytes" : 0,
        "io_kbytes" : 0,
        "bw_bytes" : 0,
        "bw" : 0,
        "iops" : 0.000000,
        "runtime" : 0,
        "total_ios" : 0,
        "short_ios" : 0,
        "drop_ios" : 0,
        "slat_ns" : {
          "min" : 0,
          "max" : 0,
          "mean" : 0.000000,
          "stddev" : 0.000000,
          "N" : 0
        },
        "clat_ns" : {
          "min" : 0,
          "max" : 0,
          "mean" : 0.000000,
          "stddev" : 0.000000,
          "N" : 0
        },
        "lat_ns" : {
          "min" : 0,
          "max" : 0,
          "mean" : 0.000000,
          "stddev" : 0.000000,
          "N" : 0
        },
        "bw_min" : 0,
        "bw_max" : 0,
        "bw_agg" : 0.000000,
        "bw_mean" : 0.000000,
        "bw_dev" : 0.000000,
        "bw_samples" : 0,
        "iops_min" : 0,
        "iops_max" : 0,
        "iops_mean" : 0.000000,
        "iops_stddev" : 0.000000,
        "iops_samples" : 0
      },
      "write" : {
        "io_bytes" : 1073741824,
        "io_kbytes" : 1048576,
        "bw_bytes" : 2186846892,
        "bw" : 2135592,
        "iops" : 33368.635438,
        "runtime" : 491,
        "total_ios" : 16384,
        "short_ios" : 0,
        "drop_ios" : 0,
        "slat_ns" : {
          "min" : 0,
          "max" : 0,
          "mean" : 0.000000,
          "stddev" : 0.000000,
          "N" : 0
        },
        "clat_ns" : {
          "min" : 24538,
          "max" : 159755,
          "mean" : 29161.035706,
          "stddev" : 4721.895507,
          "N" : 16384,
          "percentile" : {
            "1.000000" : 25472,
            "5.000000" : 25728,
            "10.000000" : 25984,
            "20.000000" : 26496,
            "30.000000" : 26752,
            "40.000000" : 27264,
            "50.000000" : 27520,
            "60.000000" : 28032,
            "70.000000" : 29824,
            "80.000000" : 31360,
            "90.000000" : 33536,
            "95.000000" : 36096,
            "99.000000" : 45824,
            "99.500000" : 50944,
            "99.900000" : 70144,
            "99.950000" : 83456,
            "99.990000" : 152576
          },
          "bins" : {
            "24448" : 1,
            "24704" : 6,
            "24960" : 28,
            "25216" : 91,
            "25472" : 268,
            "25728" : 569,
            "25984" : 740,
            "26240" : 1042,
            "26496" : 1183,
            "26752" : 1308,
            "27008" : 1310,
            "27264" : 1188,
            "27520" : 974,
            "27776" : 749,
            "28032" : 511,
            "28288" : 410,
            "28544" : 260,
            "28800" : 224,
            "29056" : 167,
            "29312" : 174,
            "29568" : 213,
            "29824" : 269,
            "30080" : 297,
            "30336" : 297,
            "30592" : 291,
            "30848" : 240,
            "31104" : 218,
            "31360" : 158,
            "31616" : 156,
            "31872" : 143,
            "32128" : 144,
            "32384" : 162,
            "32640" : 204,
            "33024" : 432,
            "33536" : 409,
            "34048" : 289,
            "34560" : 185,
            "35072" : 126,
            "35584" : 78,
            "36096" : 81,
            "36608" : 58,
            "37120" : 51,
            "37632" : 45,
            "38144" : 39,
            "38656" : 42,
            "39168" : 47,
            "39680" : 44,
            "40192" : 32,
            "40704" : 37,
            "41216" : 42,
            "41728" : 20,
            "42240" : 28,
            "42752" : 27,
            "43264" : 25,
            "43776" : 19,
            "44288" : 24,
            "44800" : 22,
            "45312" : 14,
            "45824" : 12,
            "46336" : 17,
            "46848" : 10,
            "47360" : 10,
            "47872" : 6,
            "48384" : 12,
            "48896" : 8,
            "49408" : 3,
            "49920" : 6,
            "50432" : 5,
            "50944" : 5,
            "51456" : 7,
            "51968" : 4,
            "52480" : 2,
            "53504" : 1,
            "54016" : 2,
            "54528" : 2,
            "55040" : 2,
            "55552" : 3,
            "56064" : 3,
            "56576" : 2,
            "57088" : 2,
            "58112" : 2,
            "59136" : 3,
            "59648" : 3,
            "60160" : 2,
            "61696" : 2,
            "62208" : 2,
            "63232" : 1,
            "63744" : 3,
            "64768" : 1,
            "65280" : 2,
            "67072" : 3,
            "68096" : 4,
            "69120" : 4,
            "70144" : 1,
            "72192" : 2,
            "74240" : 1,
            "79360" : 2,
            "80384" : 1,
            "83456" : 3,
            "85504" : 1,
            "89600" : 1,
            "90624" : 1,
            "111104" : 1,
            "150528" : 1,
            "152576" : 1,
            "160768" : 1
          }
        },
        "lat_ns" : {
          "min" : 24867,
          "max" : 160145,
          "mean" : 29513.337219,
          "stddev" : 4751.794515,
          "N" : 16384
        },
        "bw_min" : 2097152,
        "bw_max" : 2097152,
        "bw_agg" : 98.200000,
        "bw_mean" : 2097152.000000,
        "bw_dev" : 0.000000,
        "bw_samples" : 1,
        "iops_min" : 32768,
        "iops_max" : 32768,
        "iops_mean" : 32768.000000,
        "iops_stddev" : 0.000000,
        "iops_samples" : 1
      },
      "trim" : {
        "io_bytes" : 0,
        "io_kbytes" : 0,
        "bw_bytes" : 0,
        "bw" : 0,
        "iops" : 0.000000,
        "runtime" : 0,
        "total_ios" : 0,
        "short_ios" : 0,
        "drop_ios" : 0,
        "slat_ns" : {
          "min" : 0,
          "max" : 0,
          "mean" : 0.000000,
          "stddev" : 0.000000,
          "N" : 0
        },
        "clat_ns" : {
          "min" : 0,
          "max" : 0,
          "mean" : 0.000000,
          "stddev" : 0.000000,
          "N" : 0
        },
        "lat_ns" : {
          "min" : 0,
          "max" : 0,
          "mean" : 0.000000,
          "stddev" : 0.000000,
          "N" : 0
        },
        "bw_min" : 0,
        "bw_max" : 0,
        "bw_agg" : 0.000000,
        "bw_mean" : 0.000000,
        "bw_dev" : 0.000000,
        "bw_samples" : 0,
        "iops_min" : 0,
        "iops_max" : 0,
        "iops_mean" : 0.000000,
        "iops_stddev" : 0.000000,
        "iops_samples" : 0
      },
      "sync" : {
        "total_ios" : 0,
        "lat_ns" : {
          "min" : 0,
          "max" : 0,
          "mean" : 0.000000,
          "stddev" : 0.000000,
          "N" : 0
        }
      },
      "job_runtime" : 490,
      "usr_cpu" : 2.857143,
      "sys_cpu" : 96.734694,
      "ctx" : 3,
      "majf" : 0,
      "minf" : 6,
      "iodepth_level" : {
        "1" : 100.000000,
        "2" : 0.000000,
        "4" : 0.000000,
        "8" : 0.000000,
        "16" : 0.000000,
        "32" : 0.000000,
        ">=64" : 0.000000
      },
      "iodepth_submit" : {
        "0" : 0.000000,
        "4" : 100.000000,
        "8" : 0.000000,
        "16" : 0.000000,
        "32" : 0.000000,
        "64" : 0.000000,
        ">=64" : 0.000000
      },
      "iodepth_complete" : {
        "0" : 0.000000,