{
  "fio version" : "fio-3.39-38-gf18c",
  "timestamp" : 1744244987,
  "timestamp_ms" : 1744244987694,
  "time" : "Thu Apr 10 00:29:47 2025",
  "global options" : {
    "kb_base" : "1024",
    "runtime" : "600"
  },
  "jobs" : [
    {
      "jobname" : "filestore-randwrite-1073741824-blk4096-iod4",
      "groupid" : 0,
      "job_start" : 1744244984806,
      "error" : 0,
      "eta" : 0,
      "elapsed" : 3,
      "job options" : {
        "stonewall" : "",
        "rw" : "randwrite",
        "size" : "1073741824",
        "bs" : "4096",
        "iodepth" : "4",
        "filename" : "/filestore/scratch/adam/fsbench/filestore/filestore-randwrite-1073741824-blk4096-iod4.bin"
      },
      "read" : {
        "io_bytes" : 0,
        "io_kbytes" : 0,
        "bw_bytes" : 0,
        "bw" : 0,
        "iops" : 0.000000,
        "runtime" : 0,
        "total_ios" : 0,
        "short_ios" : 0,
        "drop_ios" : 0,
        "slat_ns" : {
          "min" : 0,
          "max" : 0,
          "mean" : 0.000000,
          "stddev" : 0.000000,
          "N" : 0
        },
        "clat_ns" : {
          "min" : 0,
          "max" : 0,
          "mean" : 0.000000,
          "stddev" : 0.000000,
          "N" : 0
        },
        "lat_ns" : {
          "min" : 0,
          "max" : 0,
          "mean" : 0.000000,
          "stddev" : 0.000000,
          "N" : 0
        },
        "bw_min" : 0,
        "bw_max" : 0,
        "bw_agg" : 0.000000,
        "bw_mean" : 0.000000,
        "bw_dev" : 0.000000,
        "bw_samples" : 0,
        "iops_min" : 0,
        "iops_max" : 0,
        "iops_mean" : 0.000000,
        "iops_stddev" : 0.000000,
        "iops_samples" : 0
      },
      "write" : {
        "io_bytes" : 1073741824,
        "io_kbytes" : 1048576,
        "bw_bytes" : 1394469901,
        "bw" : 1361787,
        "iops" : 340446.753247,
        "runtime" : 770,
        "total_ios" : 262144,
        "short_ios" : 0,
        "drop_ios" : 0,
        "slat_ns" : {
          "min" : 0,
          "max" : 0,
          "mean" : 0.000000,
          "stddev" : 0.000000,
          "N" : 0
        },
        "clat_ns" : {
          "min" : 1871,
          "max" : 150752,
          "mean" : 2622.956478,
          "stddev" : 1311.277600,
          "N" : 262144,
          "percentile" : {
            "1.000000" : 1976,
            "5.000000" : 2096,
            "10.000000" : 2160,
            "20.000000" : 2224,
            "30.000000" : 2288,
            "40.000000" : 2320,
            "50.000000" : 2384,
            "60.000000" : 2448,
            "70.000000" : 2544,
            "80.000000" : 2704,
            "90.000000" : 3152,
            "95.000000" : 3472,
            "99.000000" : 8096,
            "99.500000" : 9280,
            "99.900000" : 14656,
            "99.950000" : 18048,
            "99.990000" : 38144
          },
          "bins" : {
            "1864" : 1,
            "1880" : 11,
            "1896" : 108,
            "1912" : 398,
            "1928" : 502,
            "1944" : 500,
            "1960" : 613,
            "1976" : 906,
            "1992" : 1207,
            "2008" : 1405,
            "2024" : 1519,
            "2040" : 1702,
            "2064" : 4141,
            "2096" : 5415,
            "2128" : 6350,
            "2160" : 8819,
            "2192" : 11784,
            "2224" : 13647,
            "2256" : 15593,
            "2288" : 16765,
            "2320" : 16720,
            "2352" : 16217,
            "2384" : 14838,
            "2416" : 13614,
            "2448" : 11881,
            "2480" : 9958,
            "2512" : 8647,
            "2544" : 6921,
            "2576" : 5802,
            "2608" : 4854,
            "2640" : 4073,
            "2672" : 3454,
            "2704" : 2833,
            "2736" : 2485,
            "2768" : 2102,
            "2800" : 1908,
            "2832" : 1686,
            "2864" : 1426,
            "2896" : 1464,
            "2928" : 1405,
            "2960" : 1493,
            "2992" : 1533,
            "3024" : 1664,
            "3056" : 1790,
            "3088" : 1947,
            "3120" : 1957,
            "3152" : 1982,
            "3184" : 1915,
            "3216" : 1862,
            "3248" : 1688,
            "3280" : 1557,
            "3312" : 1363,
            "3344" : 1223,
            "3376" : 1104,
            "3408" : 989,
            "3440" : 863,
            "3472" : 754,
            "3504" : 645,
            "3536" : 555,
            "3568" : 530,
            "3600" : 475,
            "3632" : 414,
            "3664" : 367,
            "3696" : 288,
            "3728" : 300,
            "3760" : 272,
            "3792" : 238,
            "3824" : 184,
            "3856" : 187,
            "3888" : 164,
            "3920" : 160,
            "3952" : 145,
            "3984" : 118,
            "4016" : 107,
            "4048" : 105,
            "4080" : 96,
            "4128" : 156,
            "4192" : 142,
            "4256" : 119,
            "4320" : 109,
            "4384" : 104,
            "4448" : 91,
            "4512" : 89,
            "4576" : 117,
            "4640" : 85,
            "4704" : 77,
            "4768" : 61,
            "4832" : 52,
            "4896" : 55,
            "4960" : 49,
            "5024" : 38,
            "5088" : 26,
            "5152" : 42,
            "5216" : 31,
            "5280" : 28,
            "5344" : 42,
            "5408" : 39,
            "5472" : 52,
            "5536" : 70,
            "5600" : 81,
            "5664" : 95,
            "5728" : 89,
            "5792" : 115,
            "5856" : 121,
            "5920" : 129,
            "5984" : 138,
            "6048" : 158,
            "6112" : 115,
            "6176" : 114,
            "6240" : 136,
            "6304" : 114,
            "6368" : 118,
            "6432" : 103,
            "6496" : 108,
            "6560" : 101,
            "6624" : 85,
            "6688" : 84,
            "6752" : 95,
            "6816" : 84,
            "6880" : 86,
            "6944" : 72,
            "7008" : 57,
            "7072" : 50,
            "7136" : 52,
            "7200" : 51,
            "7264" : 36,
            "7328" : 36,
            "7392" : 43,
            "7456" : 33,
            "7520" : 28,
            "7584" : 29,
            "7648" : 37,
            "7712" : 54,
            "7776" : 37,
            "7840" : 41,
            "7904" : 59,
            "7968" : 65,
            "8032" : 82,
            "8096" : 78,
            "8160" : 88,
            "8256" : 151,
            "8384" : 160,
            "8512" : 152,
            "8640" : 161,
            "8768" : 152,
            "8896" : 156,
            "9024" : 112,
            "9152" : 92,
            "9280" : 98,
            "9408" : 79,
            "9536" : 89,
            "9664" : 77,
            "9792" : 58,
            "9920" : 46,
            "10048" : 49,
            "10176" : 46,
            "10304" : 31,
            "10432" : 22,
            "10560" : 20,
            "10688" : 25,
            "10816" : 26,
            "10944" : 25,
            "11072" : 13,
            "11200" : 16,
            "11328" : 29,
            "11456" : 16,
            "11584" : 14,
            "11712" : 18,
            "11840" : 14,
            "11968" : 18,
            "12096" : 14,
            "12224" : 14,
            "12352" : 14,
            "12480" : 16,
            "12608" : 16,
            "12736" : 16,
            "12864" : 17,
            "12992" : 11,
            "13120" : 15,
            "13248" : 8,
            "13376" : 9,
            "13504" : 13,
            "13632" : 10,
            "13760" : 9,
            "13888" : 7,
            "14016" : 4,
            "14144" : 15,
            "14272" : 10,
            "14400" : 6,
            "14528" : 9,
            "14656" : 5,
            "14784" : 12,
            "14912" : 2,
            "15040" : 7,
            "15168" : 5,
            "15296" : 4,
            "15424" : 9,