{
  "fio version" : "fio-3.39-38-gf18c",
  "timestamp" : 1744242943,
  "timestamp_ms" : 1744242943494,
  "time" : "Wed Apr  9 23:55:43 2025",
  "global options" : {
    "kb_base" : "1024",
    "runtime" : "600"
  },
  "jobs" : [
    {
      "jobname" : "filestore-randwrite-67108864-blk65536-iod4",
      "groupid" : 0,
      "job_start" : 1744242943105,
      "error" : 0,
      "eta" : 2147483647,
      "elapsed" : 1,
      "job options" : {
        "stonewall" : "",
        "rw" : "randwrite",
        "size" : "67108864",
        "bs" : "65536",
        "iodepth" : "4",
        "filename" : "/filestore/scratch/adam/fsbench/filestore/filestore-randwrite-67108864-blk65536-iod4.bin"
      },
      "read" : {
        "io_bytes" : 0,
        "io_kbytes" : 0,
        "bw_bytes" : 0,
        "bw" : 0,
        "iops" : 0.000000,
        "runtime" : 0,
        "total_ios" : 0,
        "short_ios" : 0,
        "drop_ios" : 0,
        "slat_ns" : {
          "min" : 0,
          "max" : 0,
          "mean" : 0.000000,
          "stddev" : 0.000000,
          "N" : 0
        },
        "clat_ns" : {
          "min" : 0,
          "max" : 0,
          "mean" : 0.000000,
          "stddev" : 0.000000,
          "N" : 0
        },
        "lat_ns" : {
          "min" : 0,
          "max" : 0,
          "mean" : 0.000000,
          "stddev" : 0.000000,
          "N" : 0
        },
        "bw_min" : 0,
        "bw_max" : 0,
        "bw_agg" : 0.000000,
        "bw_mean" : 0.000000,
        "bw_dev" : 0.000000,
        "bw_samples" : 0,
        "iops_min" : 0,
        "iops_max" : 0,
        "iops_mean" : 0.000000,
        "iops_stddev" : 0.000000,
        "iops_samples" : 0
      },
      "write" : {
        "io_bytes" : 67108864,
        "io_kbytes" : 65536,
        "bw_bytes" : 2097152000,
        "bw" : 2048000,
        "iops" : 32000.000000,
        "runtime" : 32,
        "total_ios" : 1024,
        "short_ios" : 0,
        "drop_ios" : 0,
        "slat_ns" : {
          "min" : 0,
          "max" : 0,
          "mean" : 0.000000,
          "stddev" : 0.000000,
          "N" : 0
        },
        "clat_ns" : {
          "min" : 25033,
          "max" : 56479,
          "mean" : 29349.960938,
          "stddev" : 3969.578146,
          "N" : 1024,
          "percentile" : {
            "1.000000" : 25472,
            "5.000000" : 25984,
            "10.000000" : 26240,
            "20.000000" : 26496,
            "30.000000" : 26752,
            "40.000000" : 27264,
            "50.000000" : 27520,
            "60.000000" : 28032,
            "70.000000" : 31360,
            "80.000000" : 33024,
            "90.000000" : 33536,
            "95.000000" : 35584,
            "99.000000" : 43264,
            "99.500000" : 45824,
            "99.900000" : 56576,
            "99.950000" : 56576,
            "99.990000" : 56576
          },
          "bins" : {
            "24960" : 1,
            "25216" : 1,
            "25472" : 11,
            "25728" : 19,
            "25984" : 47,
            "26240" : 53,
            "26496" : 88,
            "26752" : 90,
            "27008" : 92,
            "27264" : 81,
            "27520" : 57,
            "27776" : 59,
            "28032" : 42,
            "28288" : 20,
            "28544" : 9,
            "28800" : 7,
            "29056" : 4,
            "29312" : 8,
            "29568" : 2,
            "29824" : 5,
            "30080" : 2,
            "30592" : 3,
            "30848" : 2,
            "31104" : 5,
            "31360" : 10,
            "31616" : 15,
            "31872" : 16,
            "32128" : 16,
            "32384" : 24,
            "32640" : 29,
            "33024" : 56,
            "33536" : 48,
            "34048" : 19,
            "34560" : 14,
            "35072" : 10,
            "35584" : 8,
            "36096" : 4,
            "36608" : 3,
            "37120" : 4,
            "37632" : 5,
            "38144" : 2,
            "38656" : 3,
            "39168" : 1,
            "39680" : 1,
            "40192" : 4,
            "40704" : 3,
            "41216" : 2,
            "41728" : 2,
            "42240" : 2,
            "42752" : 2,
            "43264" : 5,
            "43776" : 1,
            "44800" : 1,
            "45824" : 1,
            "46848" : 1,
            "49408" : 1,
            "51968" : 1,
            "56576" : 2
          }
        },
        "lat_ns" : {
          "min" : 25383,
          "max" : 64342,
          "mean" : 29687.951172,
          "stddev" : 4037.100170,
          "N" : 1024
        },
        "bw_min" : 0,
        "bw_max" : 0,
        "bw_agg" : 0.000000,
        "bw_mean" : 0.000000,
        "bw_dev" : 0.000000,
        "bw_samples" : 0,
        "iops_min" : 0,
        "iops_max" : 0,
        "iops_mean" : 0.000000,
        "iops_stddev" : 0.000000,
        "iops_samples" : 0
      },
      "trim" : {
        "io_bytes" : 0,
        "io_kbytes" : 0,
        "bw_bytes" : 0,
        "bw" : 0,
        "iops" : 0.000000,
        "runtime" : 0,
        "total_ios" : 0,
        "short_ios" : 0,
        "drop_ios" : 0,
        "slat_ns" : {
          "min" : 0,
          "max" : 0,
          "mean" : 0.000000,
          "stddev" : 0.000000,
          "N" : 0
        },
        "clat_ns" : {
          "min" : 0,
          "max" : 0,
          "mean" : 0.000000,
          "stddev" : 0.000000,
          "N" : 0
        },
        "lat_ns" : {
          "min" : 0,
          "max" : 0,
          "mean" : 0.000000,
          "stddev" : 0.000000,
          "N" : 0
        },
        "bw_min" : 0,
        "bw_max" : 0,
        "bw_agg" : 0.000000,
        "bw_mean" : 0.000000,
        "bw_dev" : 0.000000,
        "bw_samples" : 0,
        "iops_min" : 0,
        "iops_max" : 0,
        "iops_mean" : 0.000000,
        "iops_stddev" : 0.000000,
        "iops_samples" : 0
      },
      "sync" : {
        "total_ios" : 0,
        "lat_ns" : {
          "min" : 0,
          "max" : 0,
          "mean" : 0.000000,
          "stddev" : 0.000000,
          "N" : 0
        }
      },
      "job_runtime" : 31,
      "usr_cpu" : 3.225806,
      "sys_cpu" : 90.322581,
      "ctx" : 2,
      "majf" : 0,
      "minf" : 8,
      "iodepth_level" : {
        "1" : 100.000000,
        "2" : 0.000000,
        "4" : 0.000000,
        "8" : 0.000000,
        "16" : 0.000000,
        "32" : 0.000000,
        ">=64" : 0.000000
      },
      "iodepth_submit" : {
        "0" : 0.000000,
        "4" : 100.000000,
        "8" : 0.000000,
        "16" : 0.000000,
        "32" : 0.000000,
        "64" : 0.000000,
        ">=64" : 0.000000
      },
      "iodepth_complete" : {
        "0" : 0.000000,
        "4" : 100.000000,
        "8" : 0.000000,
        "16" : 0.000000,
        "32" : 0.000000,
        "64" : 0.000000,
        ">=64" : 0.000000
      },
      "latency_ns" : {
        "2" : 0.000000,
        "4" : 0.000000,
        "10" : 0.000000,
        "20" : 0.000000,
        "50" : 0.000000,
        "100" : 0.000000,
        "250" : 0.000000,
        "500" : 0.000000,
        "750" : 0.000000,
        "1000" : 0.000000
      },
      "latency_us" : {
        "2" : 0.000000,
        "4" : 0.000000,
        "10" : 0.000000,
        "20" : 0.000000,
        "50" : 99.707031,
        "100" : 0.292969,
        "250" : 0.000000,
        "500" : 0.000000,
        "750" : 0.000000,
        "1000" : 0.000000
      },
      "latency_ms" : {
        "2" : 0.000000,
        "4" : 0.000000,
        "10" : 0.000000,
        "20" : 0.000000,
        "50" : 0.000000,
        "100" : 0.000000,
        "250" : 0.000000,
        "500" : 0.000000,
        "750" : 0.000000,
        "1000" : 0.000000,
        "2000" : 0.000000,
        ">=2000" : 0.000000
      },
      "latency_depth" : 4,
      "latency_target" : 0,
      "latency_percentile" : 100.000000,
      "latency_window" : 0
    }
  ]
}
