{
  "fio version" : "fio-3.39-38-gf18c",
  "timestamp" : 1744333295,
  "timestamp_ms" : 1744333295077,
  "time" : "Fri Apr 11 01:01:35 2025",
  "global options" : {
    "kb_base" : "1024",
    "runtime" : "600"
  },
  "jobs" : [
    {
      "jobname" : "filestore-write-17179869184-blk4096-iod16",
      "groupid" : 0,
      "job_start" : 1744333276439,
      "error" : 0,
      "eta" : 0,
      "elapsed" : 19,
      "job options" : {
        "stonewall" : "",
        "rw" : "write",
        "size" : "17179869184",
        "bs" : "4096",
        "iodepth" : "16",
        "filename" : "/filestore/scratch/adam/fsbench/filestore/filestore-write-17179869184-blk4096-iod16.bin"
      },
      "read" : {
        "io_bytes" : 0,
        "io_kbytes" : 0,
        "bw_bytes" : 0,
        "bw" : 0,
        "iops" : 0.000000,
        "runtime" : 0,
        "total_ios" : 0,
        "short_ios" : 0,
        "drop_ios" : 0,
        "slat_ns" : {
          "min" : 0,
          "max" : 0,
          "mean" : 0.000000,
          "stddev" : 0.000000,
          "N" : 0
        },
        "clat_ns" : {
          "min" : 0,
          "max" : 0,
          "mean" : 0.000000,
          "stddev" : 0.000000,
          "N" : 0
        },
        "lat_ns" : {
          "min" : 0,
          "max" : 0,
          "mean" : 0.000000,
          "stddev" : 0.000000,
          "N" : 0
        },
        "bw_min" : 0,
        "bw_max" : 0,
        "bw_agg" : 0.000000,
        "bw_mean" : 0.000000,
        "bw_dev" : 0.000000,
        "bw_samples" : 0,
        "iops_min" : 0,
        "iops_max" : 0,
        "iops_mean" : 0.000000,
        "iops_stddev" : 0.000000,
        "iops_samples" : 0
      },
      "write" : {
        "io_bytes" : 17179869184,
        "io_kbytes" : 16777216,
        "bw_bytes" : 1109022605,
        "bw" : 1083029,
        "iops" : 270757.472081,
        "runtime" : 15491,
        "total_ios" : 4194304,
        "short_ios" : 0,
        "drop_ios" : 0,
        "slat_ns" : {
          "min" : 0,
          "max" : 0,
          "mean" : 0.000000,
          "stddev" : 0.000000,
          "N" : 0
        },
        "clat_ns" : {
          "min" : 1423,
          "max" : 7503701,
          "mean" : 3371.518769,
          "stddev" : 6832.025540,
          "N" : 4194304,
          "percentile" : {
            "1.000000" : 1928,
            "5.000000" : 2008,
            "10.000000" : 2064,
            "20.000000" : 2160,
            "30.000000" : 2224,
            "40.000000" : 2384,
            "50.000000" : 2704,
            "60.000000" : 2928,
            "70.000000" : 3120,
            "80.000000" : 3504,
            "90.000000" : 4256,
            "95.000000" : 5280,
            "99.000000" : 20864,
            "99.500000" : 28544,
            "99.900000" : 45824,
            "99.950000" : 56064,
            "99.990000" : 94720
          },
          "bins" : {
            "1416" : 1,
            "1448" : 1,
            "1480" : 3,
            "1496" : 1,
            "1512" : 4,
            "1528" : 7,
            "1544" : 7,
            "1560" : 9,
            "1576" : 10,
            "1592" : 9,
            "1608" : 9,
            "1624" : 15,
            "1640" : 15,
            "1656" : 12,
            "1672" : 14,
            "1688" : 21,
            "1704" : 16,
            "1720" : 25,
            "1736" : 14,
            "1752" : 37,
            "1768" : 30,
            "1784" : 26,
            "1800" : 30,
            "1816" : 89,
            "1832" : 428,
            "1848" : 951,
            "1864" : 1145,
            "1880" : 1326,
            "1896" : 4020,
            "1912" : 12223,
            "1928" : 22558,
            "1944" : 24578,
            "1960" : 22323,
            "1976" : 24648,
            "1992" : 38268,
            "2008" : 58024,
            "2024" : 67999,
            "2040" : 67551,
            "2064" : 136012,
            "2096" : 168441,
            "2128" : 178277,
            "2160" : 161504,
            "2192" : 147963,
            "2224" : 138712,
            "2256" : 122245,
            "2288" : 101908,
            "2320" : 89346,
            "2352" : 74250,
            "2384" : 61206,
            "2416" : 52008,
            "2448" : 43276,
            "2480" : 37839,
            "2512" : 33998,
            "2544" : 32497,
            "2576" : 32618,
            "2608" : 34652,
            "2640" : 38418,
            "2672" : 40591,
            "2704" : 44781,
            "2736" : 51502,
            "2768" : 56674,
            "2800" : 60380,
            "2832" : 66386,
            "2864" : 69429,
            "2896" : 71201,
            "2928" : 72975,
            "2960" : 72062,
            "2992" : 69726,
            "3024" : 66758,
            "3056" : 64257,
            "3088" : 60100,
            "3120" : 55417,
            "3152" : 51584,
            "3184" : 47564,
            "3216" : 44059,
            "3248" : 40075,
            "3280" : 36971,
            "3312" : 34180,
            "3344" : 31734,
            "3376" : 29722,
            "3408" : 27962,
            "3440" : 26597,
            "3472" : 25245,
            "3504" : 24278,
            "3536" : 23584,
            "3568" : 22873,
            "3600" : 22167,
            "3632" : 21435,
            "3664" : 20621,
            "3696" : 20299,
            "3728" : 19651,
            "3760" : 19121,
            "3792" : 18782,
            "3824" : 18259,
            "3856" : 18061,
            "3888" : 17562,
            "3920" : 16962,
            "3952" : 16581,
            "3984" : 16050,
            "4016" : 15755,
            "4048" : 15367,
            "4080" : 14745,
            "4128" : 28565,
            "4192" : 26725,
            "4256" : 24753,
            "4320" : 23080,
            "4384" : 21583,
            "4448" : 19379,
            "4512" : 17813,
            "4576" : 15749,
            "4640" : 13795,
            "4704" : 12684,
            "4768" : 11197,
            "4832" : 10166,
            "4896" : 9204,
            "4960" : 8531,
            "5024" : 7696,
            "5088" : 7075,
            "5152" : 6409,
            "5216" : 6001,
            "5280" : 5395,
            "5344" : 5147,
            "5408" : 4810,
            "5472" : 4481,
            "5536" : 4135,
            "5600" : 3877,
            "5664" : 3578,
            "5728" : 3363,
            "5792" : 3042,
            "5856" : 2801,
            "5920" : 2611,
            "5984" : 2452,
            "6048" : 2222,
            "6112" : 2175,
            "6176" : 1963,
            "6240" : 1840,
            "6304" : 1751,
            "6368" : 1655,
            "6432" : 1488,
            "6496" : 1492,
            "6560" : 1449,
            "6624" : 1298,
            "6688" : 1214,
            "6752" : 1245,
            "6816" : 1182,
            "6880" : 1146,
            "6944" : 1171,
            "7008" : 1122,
            "7072" : 1033,
            "7136" : 991,
            "7200" : 1004,
            "7264" : 952,
            "7328" : 989,
            "7392" : 1011,
            "7456" : 939,
            "7520" : 987,
            "7584" : 1058,
            "7648" : 1031,
            "7712" : 1049,
            "7776" : 1041,
            "7840" : 1058,
            "7904" : 1028,
            "7968" : 1057,
            "8032" : 1060,
            "8096" : 1033,
            "8160" : 1039,
            "8256" : 1948,
            "8384" : 1826,
            "8512" : 1669,
            "8640" : 1606,
            "8768" : 1518,
            "8896" : 1431,
            "9024" : 1311,
            "9152" : 1275,
            "9280" : 1187,
            "9408" : 1121,
            "9536" : 988,
            "9664" : 964,
            "9792" : 833,
            "9920" : 778,
            "10048" : 785,
            "10176" : 729,
            "10304" : 670,
            "10432" : 629,
            "10560" : 557,
            "10688" : 587,
            "10816" : 571,
            "10944" : 554,