{
  "fio version" : "fio-3.39-38-gf18c",
  "timestamp" : 1744238296,
  "timestamp_ms" : 1744238296211,
  "time" : "Wed Apr  9 22:38:16 2025",
  "global options" : {
    "kb_base" : "1024",
    "runtime" : "600"
  },
  "jobs" : [
    {
      "jobname" : "filestore-write-1073741824-blk256-iod16",
      "groupid" : 0,
      "job_start" : 1744238289322,
      "error" : 0,
      "eta" : 0,
      "elapsed" : 7,
      "job options" : {
        "stonewall" : "",
        "rw" : "write",
        "size" : "1073741824",
        "bs" : "256",
        "iodepth" : "16",
        "filename" : "/filestore/scratch/adam/fsbench/filestore/filestore-write-1073741824-blk256-iod16.bin"
      },
      "read" : {
        "io_bytes" : 0,
        "io_kbytes" : 0,
        "bw_bytes" : 0,
        "bw" : 0,
        "iops" : 0.000000,
        "runtime" : 0,
        "total_ios" : 0,
        "short_ios" : 0,
        "drop_ios" : 0,
        "slat_ns" : {
          "min" : 0,
          "max" : 0,
          "mean" : 0.000000,
          "stddev" : 0.000000,
          "N" : 0
        },
        "clat_ns" : {
          "min" : 0,
          "max" : 0,
          "mean" : 0.000000,
          "stddev" : 0.000000,
          "N" : 0
        },
        "lat_ns" : {
          "min" : 0,
          "max" : 0,
          "mean" : 0.000000,
          "stddev" : 0.000000,
          "N" : 0
        },
        "bw_min" : 0,
        "bw_max" : 0,
        "bw_agg" : 0.000000,
        "bw_mean" : 0.000000,
        "bw_dev" : 0.000000,
        "bw_samples" : 0,
        "iops_min" : 0,
        "iops_max" : 0,
        "iops_mean" : 0.000000,
        "iops_stddev" : 0.000000,
        "iops_samples" : 0
      },
      "write" : {
        "io_bytes" : 1073741824,
        "io_kbytes" : 1048576,
        "bw_bytes" : 218729236,
        "bw" : 213602,
        "iops" : 854411.081687,
        "runtime" : 4909,
        "total_ios" : 4194304,
        "short_ios" : 0,
        "drop_ios" : 0,
        "slat_ns" : {
          "min" : 0,
          "max" : 0,
          "mean" : 0.000000,
          "stddev" : 0.000000,
          "N" : 0
        },
        "clat_ns" : {
          "min" : 754,
          "max" : 426816,
          "mean" : 954.434736,
          "stddev" : 727.517142,
          "N" : 4194304,
          "percentile" : {
            "1.000000" : 764,
            "5.000000" : 772,
            "10.000000" : 780,
            "20.000000" : 788,
            "30.000000" : 796,
            "40.000000" : 836,
            "50.000000" : 860,
            "60.000000" : 868,
            "70.000000" : 876,
            "80.000000" : 900,
            "90.000000" : 972,
            "95.000000" : 1816,
            "99.000000" : 2704,
            "99.500000" : 3248,
            "99.900000" : 8384,
            "99.950000" : 10048,
            "99.990000" : 17280
          },
          "bins" : {
            "756" : 2096,
            "764" : 89480,
            "772" : 280195,
            "780" : 286176,
            "788" : 319620,
            "796" : 288649,
            "804" : 142111,
            "812" : 77739,
            "820" : 71894,
            "828" : 77770,
            "836" : 101417,
            "844" : 141037,
            "852" : 216818,
            "860" : 282614,
            "868" : 295950,
            "876" : 281384,
            "884" : 234286,
            "892" : 157556,
            "900" : 90865,
            "908" : 59671,
            "916" : 52476,
            "924" : 51099,
            "932" : 49558,
            "940" : 45160,
            "948" : 37847,
            "956" : 25914,
            "964" : 15159,
            "972" : 9604,
            "980" : 6878,
            "988" : 4735,
            "996" : 3123,
            "1004" : 2657,
            "1012" : 2321,
            "1020" : 2241,
            "1032" : 3853,
            "1048" : 4231,
            "1064" : 4186,
            "1080" : 4197,
            "1096" : 4242,
            "1112" : 4341,
            "1128" : 4719,
            "1144" : 5431,
            "1160" : 5473,
            "1176" : 6200,
            "1192" : 6519,
            "1208" : 6350,
            "1224" : 5442,
            "1240" : 4956,
            "1256" : 5035,
            "1272" : 4936,
            "1288" : 4911,
            "1304" : 4052,
            "1320" : 2800,
            "1336" : 2341,
            "1352" : 2056,
            "1368" : 1982,
            "1384" : 1837,
            "1400" : 1649,
            "1416" : 1405,
            "1432" : 1250,
            "1448" : 1074,
            "1464" : 977,
            "1480" : 940,
            "1496" : 816,
            "1512" : 767,
            "1528" : 746,
            "1544" : 844,
            "1560" : 1267,
            "1576" : 1914,
            "1592" : 2335,
            "1608" : 2671,
            "1624" : 3070,
            "1640" : 3396,
            "1656" : 3524,
            "1672" : 3645,
            "1688" : 3918,
            "1704" : 4236,
            "1720" : 4646,
            "1736" : 5190,
            "1752" : 5554,
            "1768" : 6008,
            "1784" : 6085,
            "1800" : 6555,
            "1816" : 6677,
            "1832" : 6710,
            "1848" : 6728,
            "1864" : 6488,
            "1880" : 6718,
            "1896" : 6679,
            "1912" : 6483,
            "1928" : 6454,
            "1944" : 6160,
            "1960" : 6138,
            "1976" : 5867,
            "1992" : 5652,
            "2008" : 5343,
            "2024" : 5100,
            "2040" : 4860,
            "2064" : 9314,
            "2096" : 8546,
            "2128" : 7612,
            "2160" : 6756,
            "2192" : 5914,
            "2224" : 5222,
            "2256" : 4787,
            "2288" : 4027,
            "2320" : 3582,
            "2352" : 2954,
            "2384" : 2724,
            "2416" : 2420,
            "2448" : 2271,
            "2480" : 2094,
            "2512" : 1981,
            "2544" : 1945,
            "2576" : 1853,
            "2608" : 1868,
            "2640" : 1892,
            "2672" : 1800,
            "2704" : 1813,
            "2736" : 1739,
            "2768" : 1665,
            "2800" : 1657,
            "2832" : 1479,
            "2864" : 1425,
            "2896" : 1420,
            "2928" : 1330,
            "2960" : 1225,
            "2992" : 1124,
            "3024" : 1035,
            "3056" : 1070,
            "3088" : 885,
            "3120" : 848,
            "3152" : 762,
            "3184" : 673,
            "3216" : 634,
            "3248" : 554,
            "3280" : 516,
            "3312" : 432,
            "3344" : 441,
            "3376" : 405,
            "3408" : 334,
            "3440" : 318,
            "3472" : 279,
            "3504" : 266,
            "3536" : 208,
            "3568" : 210,
            "3600" : 190,
            "3632" : 177,
            "3664" : 185,
            "3696" : 152,
            "3728" : 133,
            "3760" : 139,
            "3792" : 139,
            "3824" : 114,
            "3856" : 124,
            "3888" : 127,
            "3920" : 125,
            "3952" : 128,
            "3984" : 148,
            "4016" : 109,
            "4048" : 131,
            "4080" : 106,
            "4128" : 219,
            "4192" : 212,
            "4256" : 205,
            "4320" : 236,
            "4384" : 218,
            "4448" : 201,
            "4512" : 221,
            "4576" : 218,
            "4640" : 214,
            "4704" : 230,
            "4768" : 170,
            "4832" : 206,
            "4896" : 170,
            "4960" : 175,
            "5024" : 171,
            "5088" : 185,
            "5152" : 198,
            "5216" : 206,
            "5280" : 186,
            "5344" : 214,
            "5408" : 198,
            "5472" : 229,
            "5536" : 208,
            "5600" : 195,
            "5664" : 213,
            "5728" : 211,
            "5792" : 177,
            "5856" : 199,
            "5920" : 192,
            "5984" : 208,