{
  "fio version" : "fio-3.39-38-gf18c",
  "timestamp" : 1744245009,
  "timestamp_ms" : 1744245009018,
  "time" : "Thu Apr 10 00:30:09 2025",
  "global options" : {
    "kb_base" : "1024",
    "runtime" : "600"
  },
  "jobs" : [
    {
      "jobname" : "filestore-randwrite-1073741824-blk4096-iod16",
      "groupid" : 0,
      "job_start" : 1744245006130,
      "error" : 0,
      "eta" : 0,
      "elapsed" : 3,
      "job options" : {
        "stonewall" : "",
        "rw" : "randwrite",
        "size" : "1073741824",
        "bs" : "4096",
        "iodepth" : "16",
        "filename" : "/filestore/scratch/adam/fsbench/filestore/filestore-randwrite-1073741824-blk4096-iod16.bin"
      },
      "read" : {
        "io_bytes" : 0,
        "io_kbytes" : 0,
        "bw_bytes" : 0,
        "bw" : 0,
        "iops" : 0.000000,
        "runtime" : 0,
        "total_ios" : 0,
        "short_ios" : 0,
        "drop_ios" : 0,
        "slat_ns" : {
          "min" : 0,
          "max" : 0,
          "mean" : 0.000000,
          "stddev" : 0.000000,
          "N" : 0
        },
        "clat_ns" : {
          "min" : 0,
          "max" : 0,
          "mean" : 0.000000,
          "stddev" : 0.000000,
          "N" : 0
        },
        "lat_ns" : {
          "min" : 0,
          "max" : 0,
          "mean" : 0.000000,
          "stddev" : 0.000000,
          "N" : 0
        },
        "bw_min" : 0,
        "bw_max" : 0,
        "bw_agg" : 0.000000,
        "bw_mean" : 0.000000,
        "bw_dev" : 0.000000,
        "bw_samples" : 0,
        "iops_min" : 0,
        "iops_max" : 0,
        "iops_mean" : 0.000000,
        "iops_stddev" : 0.000000,
        "iops_samples" : 0
      },
      "write" : {
        "io_bytes" : 1073741824,
        "io_kbytes" : 1048576,
        "bw_bytes" : 1306255260,
        "bw" : 1275639,
        "iops" : 318909.975669,
        "runtime" : 822,
        "total_ios" : 262144,
        "short_ios" : 0,
        "drop_ios" : 0,
        "slat_ns" : {
          "min" : 0,
          "max" : 0,
          "mean" : 0.000000,
          "stddev" : 0.000000,
          "N" : 0
        },
        "clat_ns" : {
          "min" : 1873,
          "max" : 476352,
          "mean" : 2778.690132,
          "stddev" : 1958.742201,
          "N" : 262144,
          "percentile" : {
            "1.000000" : 2008,
            "5.000000" : 2128,
            "10.000000" : 2192,
            "20.000000" : 2288,
            "30.000000" : 2384,
            "40.000000" : 2448,
            "50.000000" : 2544,
            "60.000000" : 2672,
            "70.000000" : 2768,
            "80.000000" : 2928,
            "90.000000" : 3280,
            "95.000000" : 3728,
            "99.000000" : 8384,
            "99.500000" : 9280,
            "99.900000" : 15168,
            "99.950000" : 17792,
            "99.990000" : 42240
          },
          "bins" : {
            "1880" : 1,
            "1896" : 14,
            "1912" : 92,
            "1928" : 232,
            "1944" : 376,
            "1960" : 415,
            "1976" : 516,
            "1992" : 656,
            "2008" : 854,
            "2024" : 1064,
            "2040" : 1094,
            "2064" : 2448,
            "2096" : 3376,
            "2128" : 3961,
            "2160" : 4824,
            "2192" : 7137,
            "2224" : 8530,
            "2256" : 9766,
            "2288" : 10687,
            "2320" : 10148,
            "2352" : 10534,
            "2384" : 10327,
            "2416" : 10121,
            "2448" : 9997,
            "2480" : 9176,
            "2512" : 8477,
            "2544" : 7998,
            "2576" : 7521,
            "2608" : 7519,
            "2640" : 7533,
            "2672" : 7638,
            "2704" : 7682,
            "2736" : 7491,
            "2768" : 7383,
            "2800" : 6783,
            "2832" : 6117,
            "2864" : 5425,
            "2896" : 4683,
            "2928" : 4029,
            "2960" : 3316,
            "2992" : 3063,
            "3024" : 2651,
            "3056" : 2438,
            "3088" : 2306,
            "3120" : 2048,
            "3152" : 1896,
            "3184" : 1889,
            "3216" : 1636,
            "3248" : 1518,
            "3280" : 1480,
            "3312" : 1300,
            "3344" : 1109,
            "3376" : 1048,
            "3408" : 1027,
            "3440" : 973,
            "3472" : 900,
            "3504" : 909,
            "3536" : 873,
            "3568" : 871,
            "3600" : 835,
            "3632" : 796,
            "3664" : 665,
            "3696" : 687,
            "3728" : 593,
            "3760" : 505,
            "3792" : 404,
            "3824" : 375,
            "3856" : 277,
            "3888" : 300,
            "3920" : 254,
            "3952" : 240,
            "3984" : 195,
            "4016" : 155,
            "4048" : 164,
            "4080" : 157,
            "4128" : 242,
            "4192" : 205,
            "4256" : 225,
            "4320" : 187,
            "4384" : 220,
            "4448" : 260,
            "4512" : 225,
            "4576" : 226,
            "4640" : 190,
            "4704" : 204,
            "4768" : 168,
            "4832" : 136,
            "4896" : 132,
            "4960" : 113,
            "5024" : 96,
            "5088" : 84,
            "5152" : 62,
            "5216" : 65,
            "5280" : 53,
            "5344" : 51,
            "5408" : 59,
            "5472" : 64,
            "5536" : 85,
            "5600" : 93,
            "5664" : 104,
            "5728" : 99,
            "5792" : 134,
            "5856" : 169,
            "5920" : 148,
            "5984" : 168,
            "6048" : 182,
            "6112" : 166,
            "6176" : 162,
            "6240" : 154,
            "6304" : 153,
            "6368" : 143,
            "6432" : 150,
            "6496" : 114,
            "6560" : 126,
            "6624" : 111,
            "6688" : 90,
            "6752" : 91,
            "6816" : 79,
            "6880" : 77,
            "6944" : 78,
            "7008" : 55,
            "7072" : 53,
            "7136" : 42,
            "7200" : 43,
            "7264" : 34,
            "7328" : 34,
            "7392" : 27,
            "7456" : 27,
            "7520" : 29,
            "7584" : 23,
            "7648" : 36,
            "7712" : 24,
            "7776" : 32,
            "7840" : 33,
            "7904" : 33,
            "7968" : 33,
            "8032" : 52,
            "8096" : 47,
            "8160" : 51,
            "8256" : 163,
            "8384" : 151,
            "8512" : 218,
            "8640" : 211,
            "8768" : 193,
            "8896" : 197,
            "9024" : 135,
            "9152" : 149,
            "9280" : 117,
            "9408" : 117,
            "9536" : 92,
            "9664" : 62,
            "9792" : 45,
            "9920" : 49,
            "10048" : 45,
            "10176" : 37,
            "10304" : 33,
            "10432" : 42,
            "10560" : 25,
            "10688" : 26,
            "10816" : 34,
            "10944" : 20,
            "11072" : 25,
            "11200" : 21,
            "11328" : 21,
            "11456" : 18,
            "11584" : 20,
            "11712" : 11,
            "11840" : 22,
            "11968" : 15,
            "12096" : 10,
            "12224" : 8,
            "12352" : 9,
            "12480" : 14,
            "12608" : 15,
            "12736" : 11,
            "12864" : 13,
            "12992" : 12,
            "13120" : 14,
            "13248" : 13,
            "13376" : 6,
            "13504" : 13,
            "13632" : 6,
            "13760" : 12,
            "13888" : 5,
            "14016" : 9,
            "14144" : 7,
            "14272" : 5,
            "14400" : 9,
            "14528" : 12,
            "14656" : 6,
            "14784" : 4,
            "14912" : 8,
            "15040" : 9,
            "15168" : 10,
            "15296" : 6,
            "15424" : 12,