{
  "fio version" : "fio-3.39-38-gf18c",
  "timestamp" : 1744238419,
  "timestamp_ms" : 1744238419457,
  "time" : "Wed Apr  9 22:40:19 2025",
  "global options" : {
    "kb_base" : "1024",
    "runtime" : "600"
  },
  "jobs" : [
    {
      "jobname" : "filestore-write-1073741824-blk65536-iod16",
      "groupid" : 0,
      "job_start" : 1744238416955,
      "error" : 0,
      "eta" : 0,
      "elapsed" : 3,
      "job options" : {
        "stonewall" : "",
        "rw" : "write",
        "size" : "1073741824",
        "bs" : "65536",
        "iodepth" : "16",
        "filename" : "/filestore/scratch/adam/fsbench/filestore/filestore-write-1073741824-blk65536-iod16.bin"
      },
      "read" : {
        "io_bytes" : 0,
        "io_kbytes" : 0,
        "bw_bytes" : 0,
        "bw" : 0,
        "iops" : 0.000000,
        "runtime" : 0,
        "total_ios" : 0,
        "short_ios" : 0,
        "drop_ios" : 0,
        "slat_ns" : {
          "min" : 0,
          "max" : 0,
          "mean" : 0.000000,
          "stddev" : 0.000000,
          "N" : 0
        },
        "clat_ns" : {
          "min" : 0,
          "max" : 0,
          "mean" : 0.000000,
          "stddev" : 0.000000,
          "N" : 0
        },
        "lat_ns" : {
          "min" : 0,
          "max" : 0,
          "mean" : 0.000000,
          "stddev" : 0.000000,
          "N" : 0
        },
        "bw_min" : 0,
        "bw_max" : 0,
        "bw_agg" : 0.000000,
        "bw_mean" : 0.000000,
        "bw_dev" : 0.000000,
        "bw_samples" : 0,
        "iops_min" : 0,
        "iops_max" : 0,
        "iops_mean" : 0.000000,
        "iops_stddev" : 0.000000,
        "iops_samples" : 0
      },
      "write" : {
        "io_bytes" : 1073741824,
        "io_kbytes" : 1048576,
        "bw_bytes" : 2246321807,
        "bw" : 2193673,
        "iops" : 34276.150628,
        "runtime" : 478,
        "total_ios" : 16384,
        "short_ios" : 0,
        "drop_ios" : 0,
        "slat_ns" : {
          "min" : 0,
          "max" : 0,
          "mean" : 0.000000,
          "stddev" : 0.000000,
          "N" : 0
        },
        "clat_ns" : {
          "min" : 24180,
          "max" : 187851,
          "mean" : 28524.030151,
          "stddev" : 4278.470481,
          "N" : 16384,
          "percentile" : {
            "1.000000" : 24960,
            "5.000000" : 25472,
            "10.000000" : 25728,
            "20.000000" : 25984,
            "30.000000" : 26496,
            "40.000000" : 26752,
            "50.000000" : 27008,
            "60.000000" : 27520,
            "70.000000" : 29312,
            "80.000000" : 30592,
            "90.000000" : 33024,
            "95.000000" : 34560,
            "99.000000" : 42752,
            "99.500000" : 47360,
            "99.900000" : 73216,
            "99.950000" : 87552,
            "99.990000" : 112128
          },
          "bins" : {
            "24192" : 1,
            "24448" : 23,
            "24704" : 64,
            "24960" : 208,
            "25216" : 449,
            "25472" : 699,
            "25728" : 968,
            "25984" : 1133,
            "26240" : 1297,
            "26496" : 1265,
            "26752" : 1297,
            "27008" : 1060,
            "27264" : 864,
            "27520" : 594,
            "27776" : 449,
            "28032" : 288,
            "28288" : 202,
            "28544" : 157,
            "28800" : 191,
            "29056" : 236,
            "29312" : 299,
            "29568" : 360,
            "29824" : 306,
            "30080" : 308,
            "30336" : 263,
            "30592" : 216,
            "30848" : 162,
            "31104" : 136,
            "31360" : 150,
            "31616" : 156,
            "31872" : 168,
            "32128" : 177,
            "32384" : 237,
            "32640" : 215,
            "33024" : 417,
            "33536" : 313,
            "34048" : 172,
            "34560" : 122,
            "35072" : 79,
            "35584" : 78,
            "36096" : 63,
            "36608" : 50,
            "37120" : 48,
            "37632" : 39,
            "38144" : 37,
            "38656" : 31,
            "39168" : 31,
            "39680" : 14,
            "40192" : 24,
            "40704" : 31,
            "41216" : 26,
            "41728" : 17,
            "42240" : 15,
            "42752" : 19,
            "43264" : 19,
            "43776" : 11,
            "44288" : 10,
            "44800" : 3,
            "45312" : 7,
            "45824" : 9,
            "46336" : 7,
            "46848" : 11,
            "47360" : 6,
            "47872" : 6,
            "48384" : 6,
            "48896" : 2,
            "49408" : 2,
            "49920" : 3,
            "50432" : 1,
            "50944" : 5,
            "51456" : 4,
            "51968" : 3,
            "52992" : 3,
            "54016" : 2,
            "55040" : 3,
            "55552" : 2,
            "56576" : 3,
            "57088" : 2,
            "58112" : 1,
            "59136" : 1,
            "62208" : 1,
            "62720" : 1,
            "63232" : 3,
            "63744" : 1,
            "64256" : 1,
            "66048" : 2,
            "67072" : 1,
            "73216" : 2,
            "74240" : 1,
            "76288" : 1,
            "77312" : 2,
            "80384" : 2,
            "82432" : 1,
            "87552" : 1,
            "94720" : 1,
            "95744" : 2,
            "97792" : 1,
            "99840" : 1,
            "104960" : 1,
            "112128" : 1,
            "187392" : 1
          }
        },
        "lat_ns" : {
          "min" : 24490,
          "max" : 188222,
          "mean" : 28866.933167,
          "stddev" : 4296.770134,
          "N" : 16384
        },
        "bw_min" : 2097152,
        "bw_max" : 2097152,
        "bw_agg" : 95.600000,
        "bw_mean" : 2097152.000000,
        "bw_dev" : 0.000000,
        "bw_samples" : 1,
        "iops_min" : 32768,
        "iops_max" : 32768,
        "iops_mean" : 32768.000000,
        "iops_stddev" : 0.000000,
        "iops_samples" : 1
      },
      "trim" : {
        "io_bytes" : 0,
        "io_kbytes" : 0,
        "bw_bytes" : 0,
        "bw" : 0,
        "iops" : 0.000000,
        "runtime" : 0,
        "total_ios" : 0,
        "short_ios" : 0,
        "drop_ios" : 0,
        "slat_ns" : {
          "min" : 0,
          "max" : 0,
          "mean" : 0.000000,
          "stddev" : 0.000000,
          "N" : 0
        },
        "clat_ns" : {
          "min" : 0,
          "max" : 0,
          "mean" : 0.000000,
          "stddev" : 0.000000,
          "N" : 0
        },
        "lat_ns" : {
          "min" : 0,
          "max" : 0,
          "mean" : 0.000000,
          "stddev" : 0.000000,
          "N" : 0
        },
        "bw_min" : 0,
        "bw_max" : 0,
        "bw_agg" : 0.000000,
        "bw_mean" : 0.000000,
        "bw_dev" : 0.000000,
        "bw_samples" : 0,
        "iops_min" : 0,
        "iops_max" : 0,
        "iops_mean" : 0.000000,
        "iops_stddev" : 0.000000,
        "iops_samples" : 0
      },
      "sync" : {
        "total_ios" : 0,
        "lat_ns" : {
          "min" : 0,
          "max" : 0,
          "mean" : 0.000000,
          "stddev" : 0.000000,
          "N" : 0
        }
      },
      "job_runtime" : 477,
      "usr_cpu" : 3.773585,
      "sys_cpu" : 95.807128,
      "ctx" : 5,
      "majf" : 0,
      "minf" : 8,
      "iodepth_level" : {
        "1" : 100.000000,
        "2" : 0.000000,
        "4" : 0.000000,
        "8" : 0.000000,
        "16" : 0.000000,
        "32" : 0.000000,
        ">=64" : 0.000000
      },
      "iodepth_submit" : {
        "0" : 0.000000,
        "4" : 100.000000,
        "8" : 0.000000,
        "16" : 0.000000,
        "32" : 0.000000,
        "64" : 0.000000,
        ">=64" : 0.000000
      },
      "iodepth_complete" : {
        "0" : 0.000000,
        "4" : 100.000000,
        "8" : 0.000000,
        "16" : 0.000000,
        "32" : 0.000000,
        "64" : 0.000000,