{
  "fio version" : "fio-3.39-38-gf18c",
  "timestamp" : 1744242941,
  "timestamp_ms" : 1744242941412,
  "time" : "Wed Apr  9 23:55:41 2025",
  "global options" : {
    "kb_base" : "1024",
    "runtime" : "600"
  },
  "jobs" : [
    {
      "jobname" : "filestore-randwrite-67108864-blk65536-iod1",
      "groupid" : 0,
      "job_start" : 1744242941023,
      "error" : 0,
      "eta" : 2147483647,
      "elapsed" : 1,
      "job options" : {
        "stonewall" : "",
        "rw" : "randwrite",
        "size" : "67108864",
        "bs" : "65536",
        "iodepth" : "1",
        "filename" : "/filestore/scratch/adam/fsbench/filestore/filestore-randwrite-67108864-blk65536-iod1.bin"
      },
      "read" : {
        "io_bytes" : 0,
        "io_kbytes" : 0,
        "bw_bytes" : 0,
        "bw" : 0,
        "iops" : 0.000000,
        "runtime" : 0,
        "total_ios" : 0,
        "short_ios" : 0,
        "drop_ios" : 0,
        "slat_ns" : {
          "min" : 0,
          "max" : 0,
          "mean" : 0.000000,
          "stddev" : 0.000000,
          "N" : 0
        },
        "clat_ns" : {
          "min" : 0,
          "max" : 0,
          "mean" : 0.000000,
          "stddev" : 0.000000,
          "N" : 0
        },
        "lat_ns" : {
          "min" : 0,
          "max" : 0,
          "mean" : 0.000000,
          "stddev" : 0.000000,
          "N" : 0
        },
        "bw_min" : 0,
        "bw_max" : 0,
        "bw_agg" : 0.000000,
        "bw_mean" : 0.000000,
        "bw_dev" : 0.000000,
        "bw_samples" : 0,
        "iops_min" : 0,
        "iops_max" : 0,
        "iops_mean" : 0.000000,
        "iops_stddev" : 0.000000,
        "iops_samples" : 0
      },
      "write" : {
        "io_bytes" : 67108864,
        "io_kbytes" : 65536,
        "bw_bytes" : 2097152000,
        "bw" : 2048000,
        "iops" : 32000.000000,
        "runtime" : 32,
        "total_ios" : 1024,
        "short_ios" : 0,
        "drop_ios" : 0,
        "slat_ns" : {
          "min" : 0,
          "max" : 0,
          "mean" : 0.000000,
          "stddev" : 0.000000,
          "N" : 0
        },
        "clat_ns" : {
          "min" : 24494,
          "max" : 55601,
          "mean" : 28982.497070,
          "stddev" : 3750.376270,
          "N" : 1024,
          "percentile" : {
            "1.000000" : 25472,
            "5.000000" : 25728,
            "10.000000" : 25984,
            "20.000000" : 26496,
            "30.000000" : 26752,
            "40.000000" : 27008,
            "50.000000" : 27264,
            "60.000000" : 27520,
            "70.000000" : 31104,
            "80.000000" : 32384,
            "90.000000" : 33536,
            "95.000000" : 35584,
            "99.000000" : 42240,
            "99.500000" : 43776,
            "99.900000" : 49920,
            "99.950000" : 55552,
            "99.990000" : 55552
          },
          "bins" : {
            "24448" : 1,
            "24960" : 1,
            "25216" : 6,
            "25472" : 20,
            "25728" : 29,
            "25984" : 57,
            "26240" : 86,
            "26496" : 97,
            "26752" : 110,
            "27008" : 85,
            "27264" : 76,
            "27520" : 53,
            "27776" : 37,
            "28032" : 19,
            "28288" : 10,
            "28544" : 10,
            "28800" : 4,
            "29056" : 3,
            "29312" : 2,
            "29568" : 1,
            "30080" : 1,
            "30592" : 1,
            "30848" : 3,
            "31104" : 8,
            "31360" : 13,
            "31616" : 28,
            "31872" : 17,
            "32128" : 26,
            "32384" : 22,
            "32640" : 39,
            "33024" : 38,
            "33536" : 24,
            "34048" : 27,
            "34560" : 9,
            "35072" : 7,
            "35584" : 3,
            "36096" : 6,
            "36608" : 6,
            "37120" : 7,
            "37632" : 3,
            "38144" : 3,
            "38656" : 2,
            "39168" : 2,
            "39680" : 2,
            "40192" : 4,
            "40704" : 3,
            "41728" : 2,
            "42240" : 2,
            "42752" : 1,
            "43264" : 2,
            "43776" : 2,
            "45824" : 1,
            "49408" : 1,
            "49920" : 1,
            "55552" : 1
          }
        },
        "lat_ns" : {
          "min" : 24822,
          "max" : 66251,
          "mean" : 29340.899414,
          "stddev" : 3846.410043,
          "N" : 1024
        },
        "bw_min" : 0,
        "bw_max" : 0,
        "bw_agg" : 0.000000,
        "bw_mean" : 0.000000,
        "bw_dev" : 0.000000,
        "bw_samples" : 0,
        "iops_min" : 0,
        "iops_max" : 0,
        "iops_mean" : 0.000000,
        "iops_stddev" : 0.000000,
        "iops_samples" : 0
      },
      "trim" : {
        "io_bytes" : 0,
        "io_kbytes" : 0,
        "bw_bytes" : 0,
        "bw" : 0,
        "iops" : 0.000000,
        "runtime" : 0,
        "total_ios" : 0,
        "short_ios" : 0,
        "drop_ios" : 0,
        "slat_ns" : {
          "min" : 0,
          "max" : 0,
          "mean" : 0.000000,
          "stddev" : 0.000000,
          "N" : 0
        },
        "clat_ns" : {
          "min" : 0,
          "max" : 0,
          "mean" : 0.000000,
          "stddev" : 0.000000,
          "N" : 0
        },
        "lat_ns" : {
          "min" : 0,
          "max" : 0,
          "mean" : 0.000000,
          "stddev" : 0.000000,
          "N" : 0
        },
        "bw_min" : 0,
        "bw_max" : 0,
        "bw_agg" : 0.000000,
        "bw_mean" : 0.000000,
        "bw_dev" : 0.000000,
        "bw_samples" : 0,
        "iops_min" : 0,
        "iops_max" : 0,
        "iops_mean" : 0.000000,
        "iops_stddev" : 0.000000,
        "iops_samples" : 0
      },
      "sync" : {
        "total_ios" : 0,
        "lat_ns" : {
          "min" : 0,
          "max" : 0,
          "mean" : 0.000000,
          "stddev" : 0.000000,
          "N" : 0
        }
      },
      "job_runtime" : 31,
      "usr_cpu" : 3.225806,
      "sys_cpu" : 90.322581,
      "ctx" : 2,
      "majf" : 0,
      "minf" : 8,
      "iodepth_level" : {
        "1" : 100.000000,
        "2" : 0.000000,
        "4" : 0.000000,
        "8" : 0.000000,
        "16" : 0.000000,
        "32" : 0.000000,
        ">=64" : 0.000000
      },
      "iodepth_submit" : {
        "0" : 0.000000,
        "4" : 100.000000,
        "8" : 0.000000,
        "16" : 0.000000,
        "32" : 0.000000,
        "64" : 0.000000,
        ">=64" : 0.000000
      },
      "iodepth_complete" : {
        "0" : 0.000000,
        "4" : 100.000000,
        "8" : 0.000000,
        "16" : 0.000000,
        "32" : 0.000000,
        "64" : 0.000000,
        ">=64" : 0.000000
      },
      "latency_ns" : {
        "2" : 0.000000,
        "4" : 0.000000,
        "10" : 0.000000,
        "20" : 0.000000,
        "50" : 0.000000,
        "100" : 0.000000,
        "250" : 0.000000,
        "500" : 0.000000,
        "750" : 0.000000,
        "1000" : 0.000000
      },
      "latency_us" : {
        "2" : 0.000000,
        "4" : 0.000000,
        "10" : 0.000000,
        "20" : 0.000000,
        "50" : 99.902344,
        "100" : 0.097656,
        "250" : 0.000000,
        "500" : 0.000000,
        "750" : 0.000000,
        "1000" : 0.000000
      },
      "latency_ms" : {
        "2" : 0.000000,
        "4" : 0.000000,
        "10" : 0.000000,
        "20" : 0.000000,
        "50" : 0.000000,
        "100" : 0.000000,
        "250" : 0.000000,
        "500" : 0.000000,
        "750" : 0.000000,
        "1000" : 0.000000,
        "2000" : 0.000000,
        ">=2000" : 0.000000
      },
      "latency_depth" : 1,
      "latency_target" : 0,
      "latency_percentile" : 100.000000,
      "latency_window" : 0
    }
  ]
}
