{
  "fio version" : "fio-3.39-38-gf18c",
  "timestamp" : 1744238174,
  "timestamp_ms" : 1744238174382,
  "time" : "Wed Apr  9 22:36:14 2025",
  "global options" : {
    "kb_base" : "1024",
    "runtime" : "600"
  },
  "jobs" : [
    {
      "jobname" : "filestore-write-67108864-blk256-iod1",
      "groupid" : 0,
      "job_start" : 1744238173880,
      "error" : 0,
      "eta" : 2147483647,
      "elapsed" : 1,
      "job options" : {
        "stonewall" : "",
        "rw" : "write",
        "size" : "67108864",
        "bs" : "256",
        "iodepth" : "1",
        "filename" : "/filestore/scratch/adam/fsbench/filestore/filestore-write-67108864-blk256-iod1.bin"
      },
      "read" : {
        "io_bytes" : 0,
        "io_kbytes" : 0,
        "bw_bytes" : 0,
        "bw" : 0,
        "iops" : 0.000000,
        "runtime" : 0,
        "total_ios" : 0,
        "short_ios" : 0,
        "drop_ios" : 0,
        "slat_ns" : {
          "min" : 0,
          "max" : 0,
          "mean" : 0.000000,
          "stddev" : 0.000000,
          "N" : 0
        },
        "clat_ns" : {
          "min" : 0,
          "max" : 0,
          "mean" : 0.000000,
          "stddev" : 0.000000,
          "N" : 0
        },
        "lat_ns" : {
          "min" : 0,
          "max" : 0,
          "mean" : 0.000000,
          "stddev" : 0.000000,
          "N" : 0
        },
        "bw_min" : 0,
        "bw_max" : 0,
        "bw_agg" : 0.000000,
        "bw_mean" : 0.000000,
        "bw_dev" : 0.000000,
        "bw_samples" : 0,
        "iops_min" : 0,
        "iops_max" : 0,
        "iops_mean" : 0.000000,
        "iops_stddev" : 0.000000,
        "iops_samples" : 0
      },
      "write" : {
        "io_bytes" : 67108864,
        "io_kbytes" : 65536,
        "bw_bytes" : 220752842,
        "bw" : 215578,
        "iops" : 862315.789474,
        "runtime" : 304,
        "total_ios" : 262144,
        "short_ios" : 0,
        "drop_ios" : 0,
        "slat_ns" : {
          "min" : 0,
          "max" : 0,
          "mean" : 0.000000,
          "stddev" : 0.000000,
          "N" : 0
        },
        "clat_ns" : {
          "min" : 733,
          "max" : 86524,
          "mean" : 935.430328,
          "stddev" : 658.005614,
          "N" : 262144,
          "percentile" : {
            "1.000000" : 748,
            "5.000000" : 756,
            "10.000000" : 764,
            "20.000000" : 772,
            "30.000000" : 780,
            "40.000000" : 812,
            "50.000000" : 836,
            "60.000000" : 844,
            "70.000000" : 860,
            "80.000000" : 876,
            "90.000000" : 940,
            "95.000000" : 1864,
            "99.000000" : 2704,
            "99.500000" : 3216,
            "99.900000" : 8512,
            "99.950000" : 9536,
            "99.990000" : 16064
          },
          "bins" : {
            "732" : 21,
            "740" : 1597,
            "748" : 10826,
            "756" : 12511,
            "764" : 19424,
            "772" : 21218,
            "780" : 17455,
            "788" : 5666,
            "796" : 5728,
            "804" : 5657,
            "812" : 5354,
            "820" : 6213,
            "828" : 9922,
            "836" : 16014,
            "844" : 19686,
            "852" : 16736,
            "860" : 16550,
            "868" : 13208,
            "876" : 9579,
            "884" : 5293,
            "892" : 3099,
            "900" : 3313,
            "908" : 3148,
            "916" : 2474,
            "924" : 2780,
            "932" : 2387,
            "940" : 1579,
            "948" : 853,
            "956" : 624,
            "964" : 413,
            "972" : 253,
            "980" : 213,
            "988" : 184,
            "996" : 151,
            "1004" : 153,
            "1012" : 122,
            "1020" : 129,
            "1032" : 365,
            "1048" : 251,
            "1064" : 223,
            "1080" : 209,
            "1096" : 208,
            "1112" : 189,
            "1128" : 270,
            "1144" : 290,
            "1160" : 199,
            "1176" : 194,
            "1192" : 181,
            "1208" : 173,
            "1224" : 192,
            "1240" : 233,
            "1256" : 213,
            "1272" : 139,
            "1288" : 100,
            "1304" : 87,
            "1320" : 86,
            "1336" : 111,
            "1352" : 78,
            "1368" : 84,
            "1384" : 48,
            "1400" : 54,
            "1416" : 29,
            "1432" : 44,
            "1448" : 36,
            "1464" : 33,
            "1480" : 33,
            "1496" : 23,
            "1512" : 21,
            "1528" : 21,
            "1544" : 23,
            "1560" : 27,
            "1576" : 33,
            "1592" : 36,
            "1608" : 47,
            "1624" : 66,
            "1640" : 94,
            "1656" : 85,
            "1672" : 126,
            "1688" : 181,
            "1704" : 211,
            "1720" : 229,
            "1736" : 235,
            "1752" : 279,
            "1768" : 325,
            "1784" : 372,
            "1800" : 413,
            "1816" : 383,
            "1832" : 432,
            "1848" : 414,
            "1864" : 446,
            "1880" : 438,
            "1896" : 462,
            "1912" : 452,
            "1928" : 401,
            "1944" : 420,
            "1960" : 445,
            "1976" : 367,
            "1992" : 371,
            "2008" : 350,
            "2024" : 353,
            "2040" : 361,
            "2064" : 638,
            "2096" : 646,
            "2128" : 503,
            "2160" : 498,
            "2192" : 417,
            "2224" : 375,
            "2256" : 389,
            "2288" : 287,
            "2320" : 261,
            "2352" : 244,
            "2384" : 210,
            "2416" : 186,
            "2448" : 156,
            "2480" : 136,
            "2512" : 130,
            "2544" : 121,
            "2576" : 122,
            "2608" : 125,
            "2640" : 123,
            "2672" : 122,
            "2704" : 120,
            "2736" : 134,
            "2768" : 115,
            "2800" : 109,
            "2832" : 99,
            "2864" : 91,
            "2896" : 92,
            "2928" : 72,
            "2960" : 86,
            "2992" : 60,
            "3024" : 68,
            "3056" : 68,
            "3088" : 61,
            "3120" : 43,
            "3152" : 49,
            "3184" : 37,
            "3216" : 48,
            "3248" : 28,
            "3280" : 28,
            "3312" : 22,
            "3344" : 24,
            "3376" : 23,
            "3408" : 26,
            "3440" : 14,
            "3472" : 13,
            "3504" : 22,
            "3536" : 10,
            "3568" : 14,
            "3600" : 7,
            "3632" : 16,
            "3664" : 12,
            "3696" : 9,
            "3728" : 15,
            "3760" : 4,
            "3792" : 10,
            "3824" : 4,
            "3856" : 8,
            "3888" : 11,
            "3920" : 9,
            "3952" : 11,
            "3984" : 9,
            "4016" : 12,
            "4048" : 9,
            "4080" : 3,
            "4128" : 10,
            "4192" : 12,
            "4256" : 16,
            "4320" : 12,
            "4384" : 14,
            "4448" : 13,
            "4512" : 12,
            "4576" : 12,
            "4640" : 11,
            "4704" : 15,
            "4768" : 9,
            "4832" : 11,
            "4896" : 13,
            "4960" : 9,
            "5024" : 14,
            "5088" : 9,
            "5152" : 5,
            "5216" : 7,
            "5280" : 6,
            "5344" : 1,
            "5408" : 8,
            "5472" : 10,
            "5536" : 4,
            "5600" : 7,
            "5664" : 5,
            "5728" : 5,
            "5792" : 8,
            "5856" : 5,
            "5920" : 11,
            "5984" : 9,
            "6048" : 2,
            "6112" : 3,
            "6176" : 3,
            "6240" : 7,
            "6304" : 5,
            "6368" : 5,
            "6432" : 4,
            "6496" : 7,