{
  "fio version" : "fio-3.39-38-gf18c",
  "timestamp" : 1744242895,
  "timestamp_ms" : 1744242895457,
  "time" : "Wed Apr  9 23:54:55 2025",
  "global options" : {
    "kb_base" : "1024",
    "runtime" : "600"
  },
  "jobs" : [
    {
      "jobname" : "filestore-randwrite-67108864-blk256-iod4",
      "groupid" : 0,
      "job_start" : 1744242892068,
      "error" : 0,
      "eta" : 0,
      "elapsed" : 4,
      "job options" : {
        "stonewall" : "",
        "rw" : "randwrite",
        "size" : "67108864",
        "bs" : "256",
        "iodepth" : "4",
        "filename" : "/filestore/scratch/adam/fsbench/filestore/filestore-randwrite-67108864-blk256-iod4.bin"
      },
      "read" : {
        "io_bytes" : 0,
        "io_kbytes" : 0,
        "bw_bytes" : 0,
        "bw" : 0,
        "iops" : 0.000000,
        "runtime" : 0,
        "total_ios" : 0,
        "short_ios" : 0,
        "drop_ios" : 0,
        "slat_ns" : {
          "min" : 0,
          "max" : 0,
          "mean" : 0.000000,
          "stddev" : 0.000000,
          "N" : 0
        },
        "clat_ns" : {
          "min" : 0,
          "max" : 0,
          "mean" : 0.000000,
          "stddev" : 0.000000,
          "N" : 0
        },
        "lat_ns" : {
          "min" : 0,
          "max" : 0,
          "mean" : 0.000000,
          "stddev" : 0.000000,
          "N" : 0
        },
        "bw_min" : 0,
        "bw_max" : 0,
        "bw_agg" : 0.000000,
        "bw_mean" : 0.000000,
        "bw_dev" : 0.000000,
        "bw_samples" : 0,
        "iops_min" : 0,
        "iops_max" : 0,
        "iops_mean" : 0.000000,
        "iops_stddev" : 0.000000,
        "iops_samples" : 0
      },
      "write" : {
        "io_bytes" : 67108864,
        "io_kbytes" : 65536,
        "bw_bytes" : 21365445,
        "bw" : 20864,
        "iops" : 83458.771092,
        "runtime" : 3141,
        "total_ios" : 262144,
        "short_ios" : 0,
        "drop_ios" : 0,
        "slat_ns" : {
          "min" : 0,
          "max" : 0,
          "mean" : 0.000000,
          "stddev" : 0.000000,
          "N" : 0
        },
        "clat_ns" : {
          "min" : 866,
          "max" : 2425982,
          "mean" : 11597.248398,
          "stddev" : 42038.969496,
          "N" : 262144,
          "percentile" : {
            "1.000000" : 972,
            "5.000000" : 1032,
            "10.000000" : 1112,
            "20.000000" : 1208,
            "30.000000" : 1272,
            "40.000000" : 1304,
            "50.000000" : 1352,
            "60.000000" : 1432,
            "70.000000" : 1528,
            "80.000000" : 1688,
            "90.000000" : 2128,
            "95.000000" : 118272,
            "99.000000" : 216064,
            "99.500000" : 248832,
            "99.900000" : 309248,
            "99.950000" : 333824,
            "99.990000" : 436224
          },
          "bins" : {
            "868" : 1,
            "884" : 1,
            "908" : 1,
            "916" : 2,
            "924" : 5,
            "932" : 45,
            "940" : 156,
            "948" : 385,
            "956" : 799,
            "964" : 1083,
            "972" : 1273,
            "980" : 1295,
            "988" : 1241,
            "996" : 1320,
            "1004" : 1584,
            "1012" : 1658,
            "1020" : 1668,
            "1032" : 3300,
            "1048" : 2462,
            "1064" : 2091,
            "1080" : 1973,
            "1096" : 2006,
            "1112" : 1953,
            "1128" : 2030,
            "1144" : 2635,
            "1160" : 4146,
            "1176" : 5396,
            "1192" : 6009,
            "1208" : 6573,
            "1224" : 7272,
            "1240" : 8537,
            "1256" : 9385,
            "1272" : 9106,
            "1288" : 9103,
            "1304" : 9335,
            "1320" : 9303,
            "1336" : 8788,
            "1352" : 7809,
            "1368" : 7068,
            "1384" : 6504,
            "1400" : 6213,
            "1416" : 5727,
            "1432" : 5147,
            "1448" : 4831,
            "1464" : 4406,
            "1480" : 4244,
            "1496" : 3922,
            "1512" : 3588,
            "1528" : 3360,
            "1544" : 3160,
            "1560" : 2935,
            "1576" : 2848,
            "1592" : 2600,
            "1608" : 2594,
            "1624" : 2310,
            "1640" : 2200,
            "1656" : 2063,
            "1672" : 1952,
            "1688" : 1828,
            "1704" : 1695,
            "1720" : 1605,
            "1736" : 1556,
            "1752" : 1449,
            "1768" : 1443,
            "1784" : 1293,
            "1800" : 1149,
            "1816" : 1112,
            "1832" : 1129,
            "1848" : 1053,
            "1864" : 1024,
            "1880" : 933,
            "1896" : 907,
            "1912" : 830,
            "1928" : 819,
            "1944" : 751,
            "1960" : 696,
            "1976" : 688,
            "1992" : 687,
            "2008" : 596,
            "2024" : 591,
            "2040" : 546,
            "2064" : 964,
            "2096" : 894,
            "2128" : 725,
            "2160" : 691,
            "2192" : 543,
            "2224" : 459,
            "2256" : 403,
            "2288" : 385,
            "2320" : 343,
            "2352" : 290,
            "2384" : 230,
            "2416" : 242,
            "2448" : 240,
            "2480" : 232,
            "2512" : 169,
            "2544" : 216,
            "2576" : 147,
            "2608" : 161,
            "2640" : 173,
            "2672" : 155,
            "2704" : 149,
            "2736" : 143,
            "2768" : 135,
            "2800" : 134,
            "2832" : 133,
            "2864" : 119,
            "2896" : 119,
            "2928" : 111,
            "2960" : 94,
            "2992" : 94,
            "3024" : 106,
            "3056" : 94,
            "3088" : 73,
            "3120" : 87,
            "3152" : 69,
            "3184" : 58,
            "3216" : 74,
            "3248" : 62,
            "3280" : 58,
            "3312" : 46,
            "3344" : 44,
            "3376" : 39,
            "3408" : 33,
            "3440" : 59,
            "3472" : 39,
            "3504" : 41,
            "3536" : 38,
            "3568" : 29,
            "3600" : 31,
            "3632" : 30,
            "3664" : 24,
            "3696" : 27,
            "3728" : 26,
            "3760" : 26,
            "3792" : 25,
            "3824" : 33,
            "3856" : 15,
            "3888" : 27,
            "3920" : 20,
            "3952" : 21,
            "3984" : 16,
            "4016" : 16,
            "4048" : 21,
            "4080" : 21,
            "4128" : 47,
            "4192" : 40,
            "4256" : 42,
            "4320" : 36,
            "4384" : 52,
            "4448" : 40,
            "4512" : 43,
            "4576" : 32,
            "4640" : 45,
            "4704" : 44,
            "4768" : 36,
            "4832" : 37,
            "4896" : 32,
            "4960" : 41,
            "5024" : 32,
            "5088" : 25,
            "5152" : 34,
            "5216" : 27,
            "5280" : 30,
            "5344" : 26,
            "5408" : 20,
            "5472" : 18,
            "5536" : 21,
            "5600" : 19,
            "5664" : 17,
            "5728" : 14,
            "5792" : 18,
            "5856" : 10,
            "5920" : 11,
            "5984" : 10,
            "6048" : 12,
            "6112" : 14,
            "6176" : 9,
            "6240" : 7,
            "6304" : 8,
            "6368" : 5,
            "6432" : 6,
            "6496" : 7,
            "6560" : 6,
            "6624" : 8,
            "6688" : 6,
            "6752" : 6,
            "6816" : 6,
            "6880" : 4,
            "6944" : 8,
            "7008" : 7,
            "7072" : 7,
            "7136" : 9,
            "7200" : 3,
            "7264" : 11,
            "7328" : 15,
            "7392" : 5,
            "7456" : 8,
            "7520" : 11,