{
  "fio version" : "fio-3.39-38-gf18c",
  "timestamp" : 1744332076,
  "timestamp_ms" : 1744332076535,
  "time" : "Fri Apr 11 00:41:16 2025",
  "global options" : {
    "kb_base" : "1024",
    "runtime" : "600"
  },
  "jobs" : [
    {
      "jobname" : "filestore-write-17179869184-blk256-iod4",
      "groupid" : 0,
      "job_start" : 1744331987646,
      "error" : 0,
      "eta" : 0,
      "elapsed" : 89,
      "job options" : {
        "stonewall" : "",
        "rw" : "write",
        "size" : "17179869184",
        "bs" : "256",
        "iodepth" : "4",
        "filename" : "/filestore/scratch/adam/fsbench/filestore/filestore-write-17179869184-blk256-iod4.bin"
      },
      "read" : {
        "io_bytes" : 0,
        "io_kbytes" : 0,
        "bw_bytes" : 0,
        "bw" : 0,
        "iops" : 0.000000,
        "runtime" : 0,
        "total_ios" : 0,
        "short_ios" : 0,
        "drop_ios" : 0,
        "slat_ns" : {
          "min" : 0,
          "max" : 0,
          "mean" : 0.000000,
          "stddev" : 0.000000,
          "N" : 0
        },
        "clat_ns" : {
          "min" : 0,
          "max" : 0,
          "mean" : 0.000000,
          "stddev" : 0.000000,
          "N" : 0
        },
        "lat_ns" : {
          "min" : 0,
          "max" : 0,
          "mean" : 0.000000,
          "stddev" : 0.000000,
          "N" : 0
        },
        "bw_min" : 0,
        "bw_max" : 0,
        "bw_agg" : 0.000000,
        "bw_mean" : 0.000000,
        "bw_dev" : 0.000000,
        "bw_samples" : 0,
        "iops_min" : 0,
        "iops_max" : 0,
        "iops_mean" : 0.000000,
        "iops_stddev" : 0.000000,
        "iops_samples" : 0
      },
      "write" : {
        "io_bytes" : 17179869184,
        "io_kbytes" : 16777216,
        "bw_bytes" : 202461483,
        "bw" : 197716,
        "iops" : 790865.169996,
        "runtime" : 84855,
        "total_ios" : 67108864,
        "short_ios" : 0,
        "drop_ios" : 0,
        "slat_ns" : {
          "min" : 0,
          "max" : 0,
          "mean" : 0.000000,
          "stddev" : 0.000000,
          "N" : 0
        },
        "clat_ns" : {
          "min" : 751,
          "max" : 767983,
          "mean" : 1028.442221,
          "stddev" : 959.921550,
          "N" : 67108864,
          "percentile" : {
            "1.000000" : 772,
            "5.000000" : 780,
            "10.000000" : 780,
            "20.000000" : 796,
            "30.000000" : 812,
            "40.000000" : 860,
            "50.000000" : 876,
            "60.000000" : 884,
            "70.000000" : 900,
            "80.000000" : 964,
            "90.000000" : 1304,
            "95.000000" : 1880,
            "99.000000" : 3056,
            "99.500000" : 4048,
            "99.900000" : 15424,
            "99.950000" : 18816,
            "99.990000" : 33536
          },
          "bins" : {
            "748" : 1,
            "756" : 24767,
            "764" : 373800,
            "772" : 2299965,
            "780" : 5036214,
            "788" : 5190362,
            "796" : 4645379,
            "804" : 2224668,
            "812" : 870095,
            "820" : 696909,
            "828" : 737061,
            "836" : 1096803,
            "844" : 1482568,
            "852" : 1679753,
            "860" : 2284145,
            "868" : 3126463,
            "876" : 4202946,
            "884" : 4934491,
            "892" : 3958597,
            "900" : 2689698,
            "908" : 1273306,
            "916" : 715737,
            "924" : 682410,
            "932" : 785403,
            "940" : 914592,
            "948" : 881798,
            "956" : 679926,
            "964" : 442428,
            "972" : 210300,
            "980" : 130235,
            "988" : 106728,
            "996" : 97847,
            "1004" : 92113,
            "1012" : 83846,
            "1020" : 76448,
            "1032" : 145865,
            "1048" : 162803,
            "1064" : 189967,
            "1080" : 223528,
            "1096" : 253743,
            "1112" : 275695,
            "1128" : 311996,
            "1144" : 427633,
            "1160" : 568252,
            "1176" : 455261,
            "1192" : 363813,
            "1208" : 356467,
            "1224" : 370783,
            "1240" : 432606,
            "1256" : 464063,
            "1272" : 376395,
            "1288" : 270215,
            "1304" : 209639,
            "1320" : 187131,
            "1336" : 177637,
            "1352" : 169318,
            "1368" : 148541,
            "1384" : 122615,
            "1400" : 107877,
            "1416" : 96979,
            "1432" : 86967,
            "1448" : 81022,
            "1464" : 73229,
            "1480" : 67265,
            "1496" : 61241,
            "1512" : 55977,
            "1528" : 53667,
            "1544" : 52511,
            "1560" : 54281,
            "1576" : 58006,
            "1592" : 60356,
            "1608" : 62611,
            "1624" : 63801,
            "1640" : 65910,
            "1656" : 65466,
            "1672" : 63521,
            "1688" : 67192,
            "1704" : 72526,
            "1720" : 80082,
            "1736" : 85705,
            "1752" : 89224,
            "1768" : 94833,
            "1784" : 95525,
            "1800" : 94143,
            "1816" : 91573,
            "1832" : 91293,
            "1848" : 94289,
            "1864" : 94929,
            "1880" : 96000,
            "1896" : 96693,
            "1912" : 96207,
            "1928" : 97202,
            "1944" : 92828,
            "1960" : 90547,
            "1976" : 88132,
            "1992" : 85848,
            "2008" : 85115,
            "2024" : 81431,
            "2040" : 80291,
            "2064" : 151551,
            "2096" : 140858,
            "2128" : 129116,
            "2160" : 117611,
            "2192" : 106732,
            "2224" : 95671,
            "2256" : 86000,
            "2288" : 75737,
            "2320" : 66711,
            "2352" : 58339,
            "2384" : 51221,
            "2416" : 46378,
            "2448" : 42131,
            "2480" : 38819,
            "2512" : 36809,
            "2544" : 35319,
            "2576" : 34937,
            "2608" : 34487,
            "2640" : 34423,
            "2672" : 33621,
            "2704" : 33692,
            "2736" : 34200,
            "2768" : 33817,
            "2800" : 33448,
            "2832" : 32798,
            "2864" : 32216,
            "2896" : 31789,
            "2928" : 30298,
            "2960" : 29348,
            "2992" : 28173,
            "3024" : 26642,
            "3056" : 26155,
            "3088" : 24587,
            "3120" : 23071,
            "3152" : 21714,
            "3184" : 20255,
            "3216" : 18983,
            "3248" : 17807,
            "3280" : 16504,
            "3312" : 15045,
            "3344" : 13960,
            "3376" : 12784,
            "3408" : 11927,
            "3440" : 11250,
            "3472" : 10310,
            "3504" : 9511,
            "3536" : 8769,
            "3568" : 8112,
            "3600" : 7628,
            "3632" : 7105,
            "3664" : 6540,
            "3696" : 6281,
            "3728" : 5907,
            "3760" : 5571,
            "3792" : 5295,
            "3824" : 4908,
            "3856" : 4893,
            "3888" : 4513,
            "3920" : 4376,
            "3952" : 4224,
            "3984" : 4156,
            "4016" : 4127,
            "4048" : 3890,
            "4080" : 3641,
            "4128" : 7101,
            "4192" : 7008,
            "4256" : 6704,
            "4320" : 6351,
            "4384" : 6270,
            "4448" : 6059,
            "4512" : 5761,
            "4576" : 5512,
            "4640" : 5262,
            "4704" : 5113,
            "4768" : 4908,
            "4832" : 4635,
            "4896" : 4482,
            "4960" : 4183,
            "5024" : 3933,
            "5088" : 3652,
            "5152" : 3587,
            "5216" : 3316,
            "5280" : 3098,
            "5344" : 2994,