{
  "fio version" : "fio-3.39-38-gf18c",
  "timestamp" : 1744238147,
  "timestamp_ms" : 1744238147224,
  "time" : "Wed Apr  9 22:35:47 2025",
  "global options" : {
    "kb_base" : "1024",
    "runtime" : "600"
  },
  "jobs" : [
    {
      "jobname" : "filestore-write-262144-blk256-iod4",
      "groupid" : 0,
      "job_start" : 1744238147084,
      "error" : 0,
      "eta" : 2147483647,
      "elapsed" : 1,
      "job options" : {
        "stonewall" : "",
        "rw" : "write",
        "size" : "262144",
        "bs" : "256",
        "iodepth" : "4",
        "filename" : "/filestore/scratch/adam/fsbench/filestore/filestore-write-262144-blk256-iod4.bin"
      },
      "read" : {
        "io_bytes" : 0,
        "io_kbytes" : 0,
        "bw_bytes" : 0,
        "bw" : 0,
        "iops" : 0.000000,
        "runtime" : 0,
        "total_ios" : 0,
        "short_ios" : 0,
        "drop_ios" : 0,
        "slat_ns" : {
          "min" : 0,
          "max" : 0,
          "mean" : 0.000000,
          "stddev" : 0.000000,
          "N" : 0
        },
        "clat_ns" : {
          "min" : 0,
          "max" : 0,
          "mean" : 0.000000,
          "stddev" : 0.000000,
          "N" : 0
        },
        "lat_ns" : {
          "min" : 0,
          "max" : 0,
          "mean" : 0.000000,
          "stddev" : 0.000000,
          "N" : 0
        },
        "bw_min" : 0,
        "bw_max" : 0,
        "bw_agg" : 0.000000,
        "bw_mean" : 0.000000,
        "bw_dev" : 0.000000,
        "bw_samples" : 0,
        "iops_min" : 0,
        "iops_max" : 0,
        "iops_mean" : 0.000000,
        "iops_stddev" : 0.000000,
        "iops_samples" : 0
      },
      "write" : {
        "io_bytes" : 262144,
        "io_kbytes" : 256,
        "bw_bytes" : 131072000,
        "bw" : 128000,
        "iops" : 512000.000000,
        "runtime" : 2,
        "total_ios" : 1024,
        "short_ios" : 0,
        "drop_ios" : 0,
        "slat_ns" : {
          "min" : 0,
          "max" : 0,
          "mean" : 0.000000,
          "stddev" : 0.000000,
          "N" : 0
        },
        "clat_ns" : {
          "min" : 737,
          "max" : 33610,
          "mean" : 955.554688,
          "stddev" : 1289.755987,
          "N" : 1024,
          "percentile" : {
            "1.000000" : 748,
            "5.000000" : 756,
            "10.000000" : 764,
            "20.000000" : 772,
            "30.000000" : 780,
            "40.000000" : 788,
            "50.000000" : 804,
            "60.000000" : 828,
            "70.000000" : 836,
            "80.000000" : 852,
            "90.000000" : 900,
            "95.000000" : 1832,
            "99.000000" : 2576,
            "99.500000" : 3472,
            "99.900000" : 20608,
            "99.950000" : 33536,
            "99.990000" : 33536
          },
          "bins" : {
            "740" : 9,
            "748" : 7,
            "756" : 48,
            "764" : 134,
            "772" : 68,
            "780" : 139,
            "788" : 51,
            "796" : 39,
            "804" : 26,
            "812" : 32,
            "820" : 47,
            "828" : 85,
            "836" : 68,
            "844" : 64,
            "852" : 20,
            "860" : 5,
            "868" : 1,
            "876" : 2,
            "884" : 15,
            "892" : 34,
            "900" : 32,
            "908" : 21,
            "916" : 5,
            "924" : 2,
            "932" : 1,
            "988" : 1,
            "1272" : 1,
            "1640" : 1,
            "1688" : 3,
            "1704" : 1,
            "1736" : 2,
            "1752" : 2,
            "1768" : 2,
            "1784" : 2,
            "1800" : 2,
            "1832" : 4,
            "1880" : 1,
            "1896" : 1,
            "1912" : 2,
            "1928" : 4,
            "1944" : 1,
            "1960" : 1,
            "1976" : 4,
            "1992" : 5,
            "2008" : 1,
            "2024" : 2,
            "2064" : 2,
            "2096" : 3,
            "2192" : 2,
            "2224" : 2,
            "2320" : 2,
            "2384" : 2,
            "2416" : 1,
            "2512" : 1,
            "2576" : 1,
            "2640" : 1,
            "2672" : 1,
            "3024" : 1,
            "3344" : 1,
            "3472" : 1,
            "4640" : 1,
            "8768" : 1,
            "9280" : 1,
            "20608" : 1,
            "33536" : 1
          }
        },
        "lat_ns" : {
          "min" : 767,
          "max" : 34364,
          "mean" : 994.278320,
          "stddev" : 1342.612441,
          "N" : 1024
        },
        "bw_min" : 0,
        "bw_max" : 0,
        "bw_agg" : 0.000000,
        "bw_mean" : 0.000000,
        "bw_dev" : 0.000000,
        "bw_samples" : 0,
        "iops_min" : 0,
        "iops_max" : 0,
        "iops_mean" : 0.000000,
        "iops_stddev" : 0.000000,
        "iops_samples" : 0
      },
      "trim" : {
        "io_bytes" : 0,
        "io_kbytes" : 0,
        "bw_bytes" : 0,
        "bw" : 0,
        "iops" : 0.000000,
        "runtime" : 0,
        "total_ios" : 0,
        "short_ios" : 0,
        "drop_ios" : 0,
        "slat_ns" : {
          "min" : 0,
          "max" : 0,
          "mean" : 0.000000,
          "stddev" : 0.000000,
          "N" : 0
        },
        "clat_ns" : {
          "min" : 0,
          "max" : 0,
          "mean" : 0.000000,
          "stddev" : 0.000000,
          "N" : 0
        },
        "lat_ns" : {
          "min" : 0,
          "max" : 0,
          "mean" : 0.000000,
          "stddev" : 0.000000,
          "N" : 0
        },
        "bw_min" : 0,
        "bw_max" : 0,
        "bw_agg" : 0.000000,
        "bw_mean" : 0.000000,
        "bw_dev" : 0.000000,
        "bw_samples" : 0,
        "iops_min" : 0,
        "iops_max" : 0,
        "iops_mean" : 0.000000,
        "iops_stddev" : 0.000000,
        "iops_samples" : 0
      },
      "sync" : {
        "total_ios" : 0,
        "lat_ns" : {
          "min" : 0,
          "max" : 0,
          "mean" : 0.000000,
          "stddev" : 0.000000,
          "N" : 0
        }
      },
      "job_runtime" : 1,
      "usr_cpu" : 0.000000,
      "sys_cpu" : 0.000000,
      "ctx" : 2,
      "majf" : 0,
      "minf" : 7,
      "iodepth_level" : {
        "1" : 100.000000,
        "2" : 0.000000,
        "4" : 0.000000,
        "8" : 0.000000,
        "16" : 0.000000,
        "32" : 0.000000,
        ">=64" : 0.000000
      },
      "iodepth_submit" : {
        "0" : 0.000000,
        "4" : 100.000000,
        "8" : 0.000000,
        "16" : 0.000000,
        "32" : 0.000000,
        "64" : 0.000000,
        ">=64" : 0.000000
      },
      "iodepth_complete" : {
        "0" : 0.000000,
        "4" : 100.000000,
        "8" : 0.000000,
        "16" : 0.000000,
        "32" : 0.000000,
        "64" : 0.000000,
        ">=64" : 0.000000
      },
      "latency_ns" : {
        "2" : 0.000000,
        "4" : 0.000000,
        "10" : 0.000000,
        "20" : 0.000000,
        "50" : 0.000000,
        "100" : 0.000000,
        "250" : 0.000000,
        "500" : 0.000000,
        "750" : 1.269531,
        "1000" : 92.089844
      },
      "latency_us" : {
        "2" : 3.808594,
        "4" : 2.343750,
        "10" : 0.292969,
        "20" : 0.000000,
        "50" : 0.195312,
        "100" : 0.000000,
        "250" : 0.000000,
        "500" : 0.000000,
        "750" : 0.000000,
        "1000" : 0.000000
      },
      "latency_ms" : {
        "2" : 0.000000,
        "4" : 0.000000,
        "10" : 0.000000,
        "20" : 0.000000,
        "50" : 0.000000,
        "100" : 0.000000,
        "250" : 0.000000,
        "500" : 0.000000,
        "750" : 0.000000,
        "1000" : 0.000000,
        "2000" : 0.000000,
        ">=2000" : 0.000000
      },
      "latency_depth" : 4,
      "latency_target" : 0,
      "latency_percentile" : 100.000000,
      "latency_window" : 0
    }
  ]
}
