{
  "fio version" : "fio-3.39-38-gf18c",
  "timestamp" : 1744414838,
  "timestamp_ms" : 1744414838693,
  "time" : "Fri Apr 11 23:40:38 2025",
  "global options" : {
    "kb_base" : "1024",
    "runtime" : "600s"
  },
  "jobs" : [
    {
      "jobname" : "filestore-randwrite-17179869184-blk65536-iod4",
      "groupid" : 0,
      "job_start" : 1744414808804,
      "error" : 0,
      "eta" : 0,
      "elapsed" : 30,
      "job options" : {
        "stonewall" : "",
        "rw" : "randwrite",
        "size" : "17179869184",
        "bs" : "65536",
        "iodepth" : "4",
        "filename" : "/filestore/scratch/adam/fsbench/filestore/filestore-randwrite-17179869184-blk65536-iod4.bin"
      },
      "read" : {
        "io_bytes" : 0,
        "io_kbytes" : 0,
        "bw_bytes" : 0,
        "bw" : 0,
        "iops" : 0.000000,
        "runtime" : 0,
        "total_ios" : 0,
        "short_ios" : 0,
        "drop_ios" : 0,
        "slat_ns" : {
          "min" : 0,
          "max" : 0,
          "mean" : 0.000000,
          "stddev" : 0.000000,
          "N" : 0
        },
        "clat_ns" : {
          "min" : 0,
          "max" : 0,
          "mean" : 0.000000,
          "stddev" : 0.000000,
          "N" : 0
        },
        "lat_ns" : {
          "min" : 0,
          "max" : 0,
          "mean" : 0.000000,
          "stddev" : 0.000000,
          "N" : 0
        },
        "bw_min" : 0,
        "bw_max" : 0,
        "bw_agg" : 0.000000,
        "bw_mean" : 0.000000,
        "bw_dev" : 0.000000,
        "bw_samples" : 0,
        "iops_min" : 0,
        "iops_max" : 0,
        "iops_mean" : 0.000000,
        "iops_stddev" : 0.000000,
        "iops_samples" : 0
      },
      "write" : {
        "io_bytes" : 17179869184,
        "io_kbytes" : 16777216,
        "bw_bytes" : 758392671,
        "bw" : 740617,
        "iops" : 11572.153799,
        "runtime" : 22653,
        "total_ios" : 262144,
        "short_ios" : 0,
        "drop_ios" : 0,
        "slat_ns" : {
          "min" : 0,
          "max" : 0,
          "mean" : 0.000000,
          "stddev" : 0.000000,
          "N" : 0
        },
        "clat_ns" : {
          "min" : 22861,
          "max" : 711114683,
          "mean" : 85465.801418,
          "stddev" : 2042560.445321,
          "N" : 262144,
          "percentile" : {
            "1.000000" : 24960,
            "5.000000" : 25728,
            "10.000000" : 26496,
            "20.000000" : 27520,
            "30.000000" : 28544,
            "40.000000" : 30592,
            "50.000000" : 34560,
            "60.000000" : 39168,
            "70.000000" : 42752,
            "80.000000" : 47360,
            "90.000000" : 60672,
            "95.000000" : 73216,
            "99.000000" : 123392,
            "99.500000" : 166912,
            "99.900000" : 12124160,
            "99.950000" : 13041664,
            "99.990000" : 15007744
          },
          "bins" : {
            "22912" : 1,
            "23168" : 1,
            "23424" : 13,
            "23680" : 28,
            "23936" : 64,
            "24192" : 178,
            "24448" : 567,
            "24704" : 1170,
            "24960" : 2175,
            "25216" : 3054,
            "25472" : 3401,
            "25728" : 3696,
            "25984" : 4088,
            "26240" : 4692,
            "26496" : 5300,
            "26752" : 6006,
            "27008" : 6592,
            "27264" : 7115,
            "27520" : 7365,
            "27776" : 7288,
            "28032" : 6653,
            "28288" : 6027,
            "28544" : 5413,
            "28800" : 4794,
            "29056" : 4082,
            "29312" : 3610,
            "29568" : 3248,
            "29824" : 2935,
            "30080" : 2648,
            "30336" : 2362,
            "30592" : 2225,
            "30848" : 2000,
            "31104" : 1819,
            "31360" : 1724,
            "31616" : 1495,
            "31872" : 1441,
            "32128" : 1351,
            "32384" : 1335,
            "32640" : 1433,
            "33024" : 2993,
            "33536" : 3419,
            "34048" : 3466,
            "34560" : 3535,
            "35072" : 3240,
            "35584" : 3099,
            "36096" : 2846,
            "36608" : 2752,
            "37120" : 2732,
            "37632" : 2763,
            "38144" : 2589,
            "38656" : 2382,
            "39168" : 2772,
            "39680" : 3618,
            "40192" : 4438,
            "40704" : 4814,
            "41216" : 4672,
            "41728" : 4193,
            "42240" : 3737,
            "42752" : 3540,
            "43264" : 3334,
            "43776" : 3193,
            "44288" : 3203,
            "44800" : 3090,
            "45312" : 2610,
            "45824" : 2266,
            "46336" : 2026,
            "46848" : 1771,
            "47360" : 1643,
            "47872" : 1500,
            "48384" : 1460,
            "48896" : 1420,
            "49408" : 1295,
            "49920" : 1298,
            "50432" : 1215,
            "50944" : 1145,
            "51456" : 1106,
            "51968" : 995,
            "52480" : 942,
            "52992" : 933,
            "53504" : 914,
            "54016" : 940,
            "54528" : 940,
            "55040" : 852,
            "55552" : 835,
            "56064" : 794,
            "56576" : 814,
            "57088" : 811,
            "57600" : 827,
            "58112" : 906,
            "58624" : 862,
            "59136" : 934,
            "59648" : 882,
            "60160" : 945,
            "60672" : 914,
            "61184" : 844,
            "61696" : 787,
            "62208" : 759,
            "62720" : 709,
            "63232" : 720,
            "63744" : 618,
            "64256" : 641,
            "64768" : 566,
            "65280" : 575,
            "66048" : 997,
            "67072" : 915,
            "68096" : 849,
            "69120" : 780,
            "70144" : 741,
            "71168" : 697,
            "72192" : 653,
            "73216" : 630,
            "74240" : 567,
            "75264" : 508,
            "76288" : 551,
            "77312" : 509,
            "78336" : 487,
            "79360" : 506,
            "80384" : 411,
            "81408" : 400,
            "82432" : 374,
            "83456" : 378,
            "84480" : 341,
            "85504" : 340,
            "86528" : 288,
            "87552" : 261,
            "88576" : 274,
            "89600" : 239,
            "90624" : 253,
            "91648" : 219,
            "92672" : 218,
            "93696" : 220,
            "94720" : 198,
            "95744" : 206,
            "96768" : 203,
            "97792" : 163,
            "98816" : 161,
            "99840" : 152,
            "100864" : 135,
            "101888" : 129,
            "102912" : 128,
            "103936" : 127,
            "104960" : 107,
            "105984" : 126,
            "107008" : 110,
            "108032" : 105,
            "109056" : 106,
            "110080" : 86,
            "111104" : 95,
            "112128" : 85,
            "113152" : 83,
            "114176" : 80,
            "115200" : 82,
            "116224" : 68,
            "117248" : 70,
            "118272" : 68,
            "119296" : 44,
            "120320" : 61,
            "121344" : 50,
            "122368" : 54,
            "123392" : 49,
            "124416" : 57,
            "125440" : 43,
            "126464" : 46,
            "127488" : 48,
            "128512" : 48,
            "129536" : 34,
            "130560" : 43,
            "132096" : 80,
            "134144" : 73,
            "136192" : 78,
            "138240" : 65,
            "140288" : 74,
            "142336" : 66,
            "144384" : 43,
            "146432" : 48,
            "148480" : 49,
            "150528" : 58,
            "152576" : 38,
            "154624" : 49,
            "156672" : 44,
            "158720" : 45,
            "160768" : 44,
            "162816" : 33,
            "164864" : 48,
            "166912" : 47,