{
  "fio version" : "fio-3.39-38-gf18c",
  "timestamp" : 1744238145,
  "timestamp_ms" : 1744238145927,
  "time" : "Wed Apr  9 22:35:45 2025",
  "global options" : {
    "kb_base" : "1024",
    "runtime" : "600"
  },
  "jobs" : [
    {
      "jobname" : "filestore-write-262144-blk256-iod1",
      "groupid" : 0,
      "job_start" : 1744238145787,
      "error" : 0,
      "eta" : 2147483647,
      "elapsed" : 1,
      "job options" : {
        "stonewall" : "",
        "rw" : "write",
        "size" : "262144",
        "bs" : "256",
        "iodepth" : "1",
        "filename" : "/filestore/scratch/adam/fsbench/filestore/filestore-write-262144-blk256-iod1.bin"
      },
      "read" : {
        "io_bytes" : 0,
        "io_kbytes" : 0,
        "bw_bytes" : 0,
        "bw" : 0,
        "iops" : 0.000000,
        "runtime" : 0,
        "total_ios" : 0,
        "short_ios" : 0,
        "drop_ios" : 0,
        "slat_ns" : {
          "min" : 0,
          "max" : 0,
          "mean" : 0.000000,
          "stddev" : 0.000000,
          "N" : 0
        },
        "clat_ns" : {
          "min" : 0,
          "max" : 0,
          "mean" : 0.000000,
          "stddev" : 0.000000,
          "N" : 0
        },
        "lat_ns" : {
          "min" : 0,
          "max" : 0,
          "mean" : 0.000000,
          "stddev" : 0.000000,
          "N" : 0
        },
        "bw_min" : 0,
        "bw_max" : 0,
        "bw_agg" : 0.000000,
        "bw_mean" : 0.000000,
        "bw_dev" : 0.000000,
        "bw_samples" : 0,
        "iops_min" : 0,
        "iops_max" : 0,
        "iops_mean" : 0.000000,
        "iops_stddev" : 0.000000,
        "iops_samples" : 0
      },
      "write" : {
        "io_bytes" : 262144,
        "io_kbytes" : 256,
        "bw_bytes" : 131072000,
        "bw" : 128000,
        "iops" : 512000.000000,
        "runtime" : 2,
        "total_ios" : 1024,
        "short_ios" : 0,
        "drop_ios" : 0,
        "slat_ns" : {
          "min" : 0,
          "max" : 0,
          "mean" : 0.000000,
          "stddev" : 0.000000,
          "N" : 0
        },
        "clat_ns" : {
          "min" : 735,
          "max" : 21903,
          "mean" : 917.842773,
          "stddev" : 860.347110,
          "N" : 1024,
          "percentile" : {
            "1.000000" : 748,
            "5.000000" : 748,
            "10.000000" : 748,
            "20.000000" : 756,
            "30.000000" : 764,
            "40.000000" : 796,
            "50.000000" : 804,
            "60.000000" : 804,
            "70.000000" : 812,
            "80.000000" : 820,
            "90.000000" : 868,
            "95.000000" : 1960,
            "99.000000" : 2640,
            "99.500000" : 2864,
            "99.900000" : 13888,
            "99.950000" : 21888,
            "99.990000" : 21888
          },
          "bins" : {
            "732" : 1,
            "740" : 7,
            "748" : 134,
            "756" : 158,
            "764" : 58,
            "772" : 25,
            "780" : 18,
            "788" : 8,
            "796" : 21,
            "804" : 212,
            "812" : 132,
            "820" : 76,
            "828" : 28,
            "836" : 10,
            "844" : 1,
            "852" : 4,
            "860" : 11,
            "868" : 25,
            "876" : 7,
            "884" : 7,
            "892" : 4,
            "900" : 5,
            "908" : 1,
            "940" : 1,
            "948" : 1,
            "972" : 1,
            "1096" : 1,
            "1176" : 1,
            "1832" : 1,
            "1848" : 1,
            "1880" : 4,
            "1896" : 3,
            "1912" : 2,
            "1928" : 1,
            "1944" : 2,
            "1960" : 3,
            "1976" : 2,
            "1992" : 2,
            "2008" : 1,
            "2024" : 2,
            "2040" : 1,
            "2064" : 3,
            "2096" : 1,
            "2128" : 2,
            "2160" : 7,
            "2192" : 2,
            "2224" : 1,
            "2256" : 2,
            "2288" : 2,
            "2352" : 1,
            "2384" : 1,
            "2416" : 1,
            "2448" : 1,
            "2480" : 1,
            "2512" : 1,
            "2544" : 1,
            "2608" : 2,
            "2640" : 2,
            "2672" : 1,
            "2736" : 1,
            "2800" : 1,
            "2832" : 1,
            "2864" : 1,
            "3024" : 1,
            "3760" : 1,
            "4896" : 1,
            "13888" : 1,
            "21888" : 1
          }
        },
        "lat_ns" : {
          "min" : 766,
          "max" : 22637,
          "mean" : 948.250000,
          "stddev" : 877.315781,
          "N" : 1024
        },
        "bw_min" : 0,
        "bw_max" : 0,
        "bw_agg" : 0.000000,
        "bw_mean" : 0.000000,
        "bw_dev" : 0.000000,
        "bw_samples" : 0,
        "iops_min" : 0,
        "iops_max" : 0,
        "iops_mean" : 0.000000,
        "iops_stddev" : 0.000000,
        "iops_samples" : 0
      },
      "trim" : {
        "io_bytes" : 0,
        "io_kbytes" : 0,
        "bw_bytes" : 0,
        "bw" : 0,
        "iops" : 0.000000,
        "runtime" : 0,
        "total_ios" : 0,
        "short_ios" : 0,
        "drop_ios" : 0,
        "slat_ns" : {
          "min" : 0,
          "max" : 0,
          "mean" : 0.000000,
          "stddev" : 0.000000,
          "N" : 0
        },
        "clat_ns" : {
          "min" : 0,
          "max" : 0,
          "mean" : 0.000000,
          "stddev" : 0.000000,
          "N" : 0
        },
        "lat_ns" : {
          "min" : 0,
          "max" : 0,
          "mean" : 0.000000,
          "stddev" : 0.000000,
          "N" : 0
        },
        "bw_min" : 0,
        "bw_max" : 0,
        "bw_agg" : 0.000000,
        "bw_mean" : 0.000000,
        "bw_dev" : 0.000000,
        "bw_samples" : 0,
        "iops_min" : 0,
        "iops_max" : 0,
        "iops_mean" : 0.000000,
        "iops_stddev" : 0.000000,
        "iops_samples" : 0
      },
      "sync" : {
        "total_ios" : 0,
        "lat_ns" : {
          "min" : 0,
          "max" : 0,
          "mean" : 0.000000,
          "stddev" : 0.000000,
          "N" : 0
        }
      },
      "job_runtime" : 1,
      "usr_cpu" : 0.000000,
      "sys_cpu" : 0.000000,
      "ctx" : 2,
      "majf" : 0,
      "minf" : 8,
      "iodepth_level" : {
        "1" : 100.000000,
        "2" : 0.000000,
        "4" : 0.000000,
        "8" : 0.000000,
        "16" : 0.000000,
        "32" : 0.000000,
        ">=64" : 0.000000
      },
      "iodepth_submit" : {
        "0" : 0.000000,
        "4" : 100.000000,
        "8" : 0.000000,
        "16" : 0.000000,
        "32" : 0.000000,
        "64" : 0.000000,
        ">=64" : 0.000000
      },
      "iodepth_complete" : {
        "0" : 0.000000,
        "4" : 100.000000,
        "8" : 0.000000,
        "16" : 0.000000,
        "32" : 0.000000,
        "64" : 0.000000,
        ">=64" : 0.000000
      },
      "latency_ns" : {
        "2" : 0.000000,
        "4" : 0.000000,
        "10" : 0.000000,
        "20" : 0.000000,
        "50" : 0.000000,
        "100" : 0.000000,
        "250" : 0.000000,
        "500" : 0.000000,
        "750" : 8.398438,
        "1000" : 84.960938
      },
      "latency_us" : {
        "2" : 2.246094,
        "4" : 4.101562,
        "10" : 0.097656,
        "20" : 0.097656,
        "50" : 0.097656,
        "100" : 0.000000,
        "250" : 0.000000,
        "500" : 0.000000,
        "750" : 0.000000,
        "1000" : 0.000000
      },
      "latency_ms" : {
        "2" : 0.000000,
        "4" : 0.000000,
        "10" : 0.000000,
        "20" : 0.000000,
        "50" : 0.000000,
        "100" : 0.000000,
        "250" : 0.000000,
        "500" : 0.000000,
        "750" : 0.000000,
        "1000" : 0.000000,
        "2000" : 0.000000,
        ">=2000" : 0.000000
      },
      "latency_depth" : 1,
      "latency_target" : 0,
      "latency_percentile" : 100.000000,
      "latency_window" : 0
    }
  ]
}
