{
  "fio version" : "fio-3.39-38-gf18c",
  "timestamp" : 1744238157,
  "timestamp_ms" : 1744238157614,
  "time" : "Wed Apr  9 22:35:57 2025",
  "global options" : {
    "kb_base" : "1024",
    "runtime" : "600"
  },
  "jobs" : [
    {
      "jobname" : "filestore-write-4194304-blk256-iod1",
      "groupid" : 0,
      "job_start" : 1744238157473,
      "error" : 0,
      "eta" : 2147483647,
      "elapsed" : 1,
      "job options" : {
        "stonewall" : "",
        "rw" : "write",
        "size" : "4194304",
        "bs" : "256",
        "iodepth" : "1",
        "filename" : "/filestore/scratch/adam/fsbench/filestore/filestore-write-4194304-blk256-iod1.bin"
      },
      "read" : {
        "io_bytes" : 0,
        "io_kbytes" : 0,
        "bw_bytes" : 0,
        "bw" : 0,
        "iops" : 0.000000,
        "runtime" : 0,
        "total_ios" : 0,
        "short_ios" : 0,
        "drop_ios" : 0,
        "slat_ns" : {
          "min" : 0,
          "max" : 0,
          "mean" : 0.000000,
          "stddev" : 0.000000,
          "N" : 0
        },
        "clat_ns" : {
          "min" : 0,
          "max" : 0,
          "mean" : 0.000000,
          "stddev" : 0.000000,
          "N" : 0
        },
        "lat_ns" : {
          "min" : 0,
          "max" : 0,
          "mean" : 0.000000,
          "stddev" : 0.000000,
          "N" : 0
        },
        "bw_min" : 0,
        "bw_max" : 0,
        "bw_agg" : 0.000000,
        "bw_mean" : 0.000000,
        "bw_dev" : 0.000000,
        "bw_samples" : 0,
        "iops_min" : 0,
        "iops_max" : 0,
        "iops_mean" : 0.000000,
        "iops_stddev" : 0.000000,
        "iops_samples" : 0
      },
      "write" : {
        "io_bytes" : 4194304,
        "io_kbytes" : 4096,
        "bw_bytes" : 209715200,
        "bw" : 204800,
        "iops" : 819200.000000,
        "runtime" : 20,
        "total_ios" : 16384,
        "short_ios" : 0,
        "drop_ios" : 0,
        "slat_ns" : {
          "min" : 0,
          "max" : 0,
          "mean" : 0.000000,
          "stddev" : 0.000000,
          "N" : 0
        },
        "clat_ns" : {
          "min" : 732,
          "max" : 25306,
          "mean" : 916.627380,
          "stddev" : 600.217905,
          "N" : 16384,
          "percentile" : {
            "1.000000" : 740,
            "5.000000" : 748,
            "10.000000" : 748,
            "20.000000" : 756,
            "30.000000" : 780,
            "40.000000" : 804,
            "50.000000" : 812,
            "60.000000" : 828,
            "70.000000" : 836,
            "80.000000" : 860,
            "90.000000" : 900,
            "95.000000" : 1880,
            "99.000000" : 2640,
            "99.500000" : 3216,
            "99.900000" : 9792,
            "99.950000" : 10944,
            "99.990000" : 16064
          },
          "bins" : {
            "732" : 16,
            "740" : 451,
            "748" : 1737,
            "756" : 1076,
            "764" : 947,
            "772" : 429,
            "780" : 711,
            "788" : 738,
            "796" : 355,
            "804" : 702,
            "812" : 1129,
            "820" : 1030,
            "828" : 1472,
            "836" : 899,
            "844" : 786,
            "852" : 605,
            "860" : 389,
            "868" : 497,
            "876" : 222,
            "884" : 231,
            "892" : 249,
            "900" : 133,
            "908" : 146,
            "916" : 74,
            "924" : 72,
            "932" : 62,
            "940" : 22,
            "948" : 12,
            "956" : 13,
            "964" : 12,
            "972" : 7,
            "980" : 4,
            "988" : 5,
            "996" : 4,
            "1004" : 4,
            "1012" : 2,
            "1020" : 6,
            "1032" : 4,
            "1048" : 5,
            "1064" : 6,
            "1080" : 3,
            "1096" : 2,
            "1112" : 6,
            "1128" : 2,
            "1144" : 7,
            "1160" : 4,
            "1176" : 4,
            "1192" : 2,
            "1208" : 5,
            "1224" : 1,
            "1240" : 2,
            "1256" : 2,
            "1272" : 4,
            "1288" : 2,
            "1304" : 3,
            "1320" : 1,
            "1352" : 2,
            "1368" : 1,
            "1400" : 2,
            "1416" : 1,
            "1544" : 3,
            "1560" : 2,
            "1576" : 2,
            "1592" : 1,
            "1608" : 1,
            "1624" : 6,
            "1640" : 3,
            "1656" : 6,
            "1672" : 5,
            "1688" : 10,
            "1704" : 5,
            "1720" : 15,
            "1736" : 13,
            "1752" : 12,
            "1768" : 22,
            "1784" : 16,
            "1800" : 26,
            "1816" : 15,
            "1832" : 26,
            "1848" : 26,
            "1864" : 27,
            "1880" : 27,
            "1896" : 29,
            "1912" : 30,
            "1928" : 23,
            "1944" : 23,
            "1960" : 26,
            "1976" : 30,
            "1992" : 30,
            "2008" : 24,
            "2024" : 17,
            "2040" : 24,
            "2064" : 51,
            "2096" : 40,
            "2128" : 44,
            "2160" : 36,
            "2192" : 25,
            "2224" : 32,
            "2256" : 22,
            "2288" : 18,
            "2320" : 17,
            "2352" : 17,
            "2384" : 11,
            "2416" : 15,
            "2448" : 11,
            "2480" : 9,
            "2512" : 7,
            "2544" : 5,
            "2576" : 11,
            "2608" : 4,
            "2640" : 10,
            "2672" : 7,
            "2704" : 7,
            "2736" : 5,
            "2768" : 4,
            "2800" : 6,
            "2832" : 7,
            "2864" : 8,
            "2896" : 4,
            "2928" : 3,
            "2960" : 6,
            "2992" : 2,
            "3024" : 3,
            "3056" : 4,
            "3120" : 3,
            "3152" : 1,
            "3184" : 1,
            "3216" : 2,
            "3248" : 3,
            "3280" : 1,
            "3312" : 2,
            "3376" : 3,
            "3408" : 1,
            "3440" : 1,
            "3536" : 1,
            "3568" : 2,
            "3600" : 2,
            "3664" : 1,
            "3696" : 1,
            "3728" : 2,
            "3792" : 1,
            "3824" : 1,
            "3952" : 2,
            "4080" : 2,
            "4128" : 4,
            "4256" : 2,
            "4448" : 1,
            "4512" : 4,
            "4576" : 1,
            "4640" : 1,
            "4704" : 1,
            "5024" : 1,
            "5216" : 1,
            "5472" : 1,
            "5856" : 1,
            "6560" : 1,
            "6880" : 1,
            "7840" : 1,
            "7904" : 2,
            "8032" : 2,
            "8096" : 1,
            "8160" : 2,
            "8256" : 2,
            "8512" : 1,
            "8640" : 1,
            "8896" : 3,
            "9280" : 2,
            "9408" : 1,
            "9792" : 1,
            "9920" : 2,
            "10176" : 1,
            "10304" : 1,
            "10560" : 2,
            "10816" : 1,
            "10944" : 1,
            "11712" : 1,
            "11968" : 1,
            "14784" : 1,
            "14912" : 1,
            "15936" : 2,
            "16064" : 1,
            "25216" : 1
          }
        },
        "lat_ns" : {
          "min" : 761,
          "max" : 26334,
          "mean" : 946.905273,
          "stddev" : 604.712358,
          "N" : 16384
        },
        "bw_min" : 0,
        "bw_max" : 0,
        "bw_agg" : 0.000000,
        "bw_mean" : 0.000000,
        "bw_dev" : 0.000000,
        "bw_samples" : 0,
        "iops_min" : 0,
        "iops_max" : 0,
        "iops_mean" : 0.000000,
        "iops_stddev" : 0.000000,
        "iops_samples" : 0
      },
      "trim" : {
        "io_bytes" : 0,
        "io_kbytes" : 0,
        "bw_bytes" : 0,
        "bw" : 0,
        "iops" : 0.000000,
        "runtime" : 0,
        "total_ios" : 0,
        "short_ios" : 0,