{
  "fio version" : "fio-3.39-38-gf18c",
  "timestamp" : 1744238379,
  "timestamp_ms" : 1744238379461,
  "time" : "Wed Apr  9 22:39:39 2025",
  "global options" : {
    "kb_base" : "1024",
    "runtime" : "600"
  },
  "jobs" : [
    {
      "jobname" : "filestore-write-1073741824-blk65536-iod1",
      "groupid" : 0,
      "job_start" : 1744238376959,
      "error" : 0,
      "eta" : 0,
      "elapsed" : 3,
      "job options" : {
        "stonewall" : "",
        "rw" : "write",
        "size" : "1073741824",
        "bs" : "65536",
        "iodepth" : "1",
        "filename" : "/filestore/scratch/adam/fsbench/filestore/filestore-write-1073741824-blk65536-iod1.bin"
      },
      "read" : {
        "io_bytes" : 0,
        "io_kbytes" : 0,
        "bw_bytes" : 0,
        "bw" : 0,
        "iops" : 0.000000,
        "runtime" : 0,
        "total_ios" : 0,
        "short_ios" : 0,
        "drop_ios" : 0,
        "slat_ns" : {
          "min" : 0,
          "max" : 0,
          "mean" : 0.000000,
          "stddev" : 0.000000,
          "N" : 0
        },
        "clat_ns" : {
          "min" : 0,
          "max" : 0,
          "mean" : 0.000000,
          "stddev" : 0.000000,
          "N" : 0
        },
        "lat_ns" : {
          "min" : 0,
          "max" : 0,
          "mean" : 0.000000,
          "stddev" : 0.000000,
          "N" : 0
        },
        "bw_min" : 0,
        "bw_max" : 0,
        "bw_agg" : 0.000000,
        "bw_mean" : 0.000000,
        "bw_dev" : 0.000000,
        "bw_samples" : 0,
        "iops_min" : 0,
        "iops_max" : 0,
        "iops_mean" : 0.000000,
        "iops_stddev" : 0.000000,
        "iops_samples" : 0
      },
      "write" : {
        "io_bytes" : 1073741824,
        "io_kbytes" : 1048576,
        "bw_bytes" : 2164802064,
        "bw" : 2114064,
        "iops" : 33032.258065,
        "runtime" : 496,
        "total_ios" : 16384,
        "short_ios" : 0,
        "drop_ios" : 0,
        "slat_ns" : {
          "min" : 0,
          "max" : 0,
          "mean" : 0.000000,
          "stddev" : 0.000000,
          "N" : 0
        },
        "clat_ns" : {
          "min" : 23824,
          "max" : 2392831,
          "mean" : 29613.135071,
          "stddev" : 19268.064443,
          "N" : 16384,
          "percentile" : {
            "1.000000" : 24704,
            "5.000000" : 25216,
            "10.000000" : 25472,
            "20.000000" : 25984,
            "30.000000" : 26496,
            "40.000000" : 26752,
            "50.000000" : 27264,
            "60.000000" : 28544,
            "70.000000" : 30336,
            "80.000000" : 32640,
            "90.000000" : 35072,
            "95.000000" : 38656,
            "99.000000" : 47872,
            "99.500000" : 53504,
            "99.900000" : 86528,
            "99.950000" : 108032,
            "99.990000" : 150528
          },
          "bins" : {
            "23936" : 4,
            "24192" : 11,
            "24448" : 53,
            "24704" : 167,
            "24960" : 304,
            "25216" : 495,
            "25472" : 649,
            "25728" : 790,
            "25984" : 941,
            "26240" : 1047,
            "26496" : 1120,
            "26752" : 1059,
            "27008" : 936,
            "27264" : 727,
            "27520" : 560,
            "27776" : 385,
            "28032" : 275,
            "28288" : 214,
            "28544" : 216,
            "28800" : 205,
            "29056" : 229,
            "29312" : 268,
            "29568" : 226,
            "29824" : 266,
            "30080" : 218,
            "30336" : 189,
            "30592" : 162,
            "30848" : 174,
            "31104" : 159,
            "31360" : 139,
            "31616" : 162,
            "31872" : 210,
            "32128" : 222,
            "32384" : 220,
            "32640" : 238,
            "33024" : 467,
            "33536" : 368,
            "34048" : 309,
            "34560" : 213,
            "35072" : 179,
            "35584" : 174,
            "36096" : 123,
            "36608" : 124,
            "37120" : 121,
            "37632" : 113,
            "38144" : 88,
            "38656" : 78,
            "39168" : 78,
            "39680" : 69,
            "40192" : 63,
            "40704" : 59,
            "41216" : 47,
            "41728" : 33,
            "42240" : 31,
            "42752" : 36,
            "43264" : 40,
            "43776" : 28,
            "44288" : 32,
            "44800" : 18,
            "45312" : 18,
            "45824" : 15,
            "46336" : 8,
            "46848" : 13,
            "47360" : 23,
            "47872" : 17,
            "48384" : 9,
            "48896" : 16,
            "49408" : 8,
            "49920" : 7,
            "50432" : 3,
            "50944" : 6,
            "51456" : 9,
            "51968" : 6,
            "52480" : 8,
            "52992" : 2,
            "53504" : 4,
            "54016" : 6,
            "54528" : 7,
            "55040" : 3,
            "55552" : 6,
            "56064" : 5,
            "56576" : 3,
            "57088" : 1,
            "57600" : 2,
            "58112" : 2,
            "58624" : 1,
            "59136" : 2,
            "59648" : 1,
            "60160" : 2,
            "60672" : 2,
            "61184" : 2,
            "61696" : 2,
            "62208" : 2,
            "62720" : 2,
            "63232" : 1,
            "68096" : 2,
            "69120" : 1,
            "71168" : 1,
            "73216" : 1,
            "75264" : 1,
            "76288" : 1,
            "77312" : 2,
            "80384" : 1,
            "82432" : 1,
            "84480" : 1,
            "86528" : 1,
            "88576" : 1,
            "91648" : 1,
            "92672" : 1,
            "96768" : 1,
            "99840" : 1,
            "100864" : 1,
            "101888" : 1,
            "108032" : 1,
            "110080" : 1,
            "115200" : 1,
            "122368" : 1,
            "129536" : 1,
            "136192" : 1,
            "140288" : 1,
            "150528" : 1,
            "2408448" : 1
          }
        },
        "lat_ns" : {
          "min" : 24106,
          "max" : 2393214,
          "mean" : 29970.933044,
          "stddev" : 19282.694722,
          "N" : 16384
        },
        "bw_min" : 2097152,
        "bw_max" : 2097152,
        "bw_agg" : 99.200000,
        "bw_mean" : 2097152.000000,
        "bw_dev" : 0.000000,
        "bw_samples" : 1,
        "iops_min" : 32768,
        "iops_max" : 32768,
        "iops_mean" : 32768.000000,
        "iops_stddev" : 0.000000,
        "iops_samples" : 1
      },
      "trim" : {
        "io_bytes" : 0,
        "io_kbytes" : 0,
        "bw_bytes" : 0,
        "bw" : 0,
        "iops" : 0.000000,
        "runtime" : 0,
        "total_ios" : 0,
        "short_ios" : 0,
        "drop_ios" : 0,
        "slat_ns" : {
          "min" : 0,
          "max" : 0,
          "mean" : 0.000000,
          "stddev" : 0.000000,
          "N" : 0
        },
        "clat_ns" : {
          "min" : 0,
          "max" : 0,
          "mean" : 0.000000,
          "stddev" : 0.000000,
          "N" : 0
        },
        "lat_ns" : {
          "min" : 0,
          "max" : 0,
          "mean" : 0.000000,
          "stddev" : 0.000000,
          "N" : 0
        },
        "bw_min" : 0,
        "bw_max" : 0,
        "bw_agg" : 0.000000,
        "bw_mean" : 0.000000,
        "bw_dev" : 0.000000,
        "bw_samples" : 0,
        "iops_min" : 0,
        "iops_max" : 0,
        "iops_mean" : 0.000000,
        "iops_stddev" : 0.000000,
        "iops_samples" : 0
      },
      "sync" : {
        "total_ios" : 0,
        "lat_ns" : {
          "min" : 0,
          "max" : 0,
          "mean" : 0.000000,
          "stddev" : 0.000000,
          "N" : 0
        }
      },
      "job_runtime" : 495,
      "usr_cpu" : 3.030303,
      "sys_cpu" : 96.161616,
      "ctx" : 5,
      "majf" : 0,
      "minf" : 8,
      "iodepth_level" : {
        "1" : 100.000000,