{
  "fio version" : "fio-3.39-38-gf18c",
  "timestamp" : 1744333578,
  "timestamp_ms" : 1744333578391,
  "time" : "Fri Apr 11 01:06:18 2025",
  "global options" : {
    "kb_base" : "1024",
    "runtime" : "600"
  },
  "jobs" : [
    {
      "jobname" : "filestore-write-17179869184-blk65536-iod1",
      "groupid" : 0,
      "job_start" : 1744333557883,
      "error" : 0,
      "eta" : 0,
      "elapsed" : 21,
      "job options" : {
        "stonewall" : "",
        "rw" : "write",
        "size" : "17179869184",
        "bs" : "65536",
        "iodepth" : "1",
        "filename" : "/filestore/scratch/adam/fsbench/filestore/filestore-write-17179869184-blk65536-iod1.bin"
      },
      "read" : {
        "io_bytes" : 0,
        "io_kbytes" : 0,
        "bw_bytes" : 0,
        "bw" : 0,
        "iops" : 0.000000,
        "runtime" : 0,
        "total_ios" : 0,
        "short_ios" : 0,
        "drop_ios" : 0,
        "slat_ns" : {
          "min" : 0,
          "max" : 0,
          "mean" : 0.000000,
          "stddev" : 0.000000,
          "N" : 0
        },
        "clat_ns" : {
          "min" : 0,
          "max" : 0,
          "mean" : 0.000000,
          "stddev" : 0.000000,
          "N" : 0
        },
        "lat_ns" : {
          "min" : 0,
          "max" : 0,
          "mean" : 0.000000,
          "stddev" : 0.000000,
          "N" : 0
        },
        "bw_min" : 0,
        "bw_max" : 0,
        "bw_agg" : 0.000000,
        "bw_mean" : 0.000000,
        "bw_dev" : 0.000000,
        "bw_samples" : 0,
        "iops_min" : 0,
        "iops_max" : 0,
        "iops_mean" : 0.000000,
        "iops_stddev" : 0.000000,
        "iops_samples" : 0
      },
      "write" : {
        "io_bytes" : 17179869184,
        "io_kbytes" : 16777216,
        "bw_bytes" : 1020424636,
        "bw" : 996508,
        "iops" : 15570.444286,
        "runtime" : 16836,
        "total_ios" : 262144,
        "short_ios" : 0,
        "drop_ios" : 0,
        "slat_ns" : {
          "min" : 0,
          "max" : 0,
          "mean" : 0.000000,
          "stddev" : 0.000000,
          "N" : 0
        },
        "clat_ns" : {
          "min" : 19379,
          "max" : 158319526,
          "mean" : 63397.863750,
          "stddev" : 842907.517636,
          "N" : 262144,
          "percentile" : {
            "1.000000" : 24448,
            "5.000000" : 25728,
            "10.000000" : 26752,
            "20.000000" : 28288,
            "30.000000" : 31872,
            "40.000000" : 35584,
            "50.000000" : 38656,
            "60.000000" : 42240,
            "70.000000" : 46848,
            "80.000000" : 56064,
            "90.000000" : 67072,
            "95.000000" : 81408,
            "99.000000" : 114176,
            "99.500000" : 136192,
            "99.900000" : 7372800,
            "99.950000" : 10944512,
            "99.990000" : 16908288
          },
          "bins" : {
            "19328" : 1,
            "19584" : 1,
            "19840" : 1,
            "20096" : 1,
            "20608" : 1,
            "20864" : 2,
            "21120" : 2,
            "21376" : 2,
            "21632" : 2,
            "21888" : 5,
            "22144" : 6,
            "22400" : 10,
            "22656" : 21,
            "22912" : 19,
            "23168" : 48,
            "23424" : 85,
            "23680" : 205,
            "23936" : 479,
            "24192" : 920,
            "24448" : 1417,
            "24704" : 1883,
            "24960" : 2106,
            "25216" : 2181,
            "25472" : 2235,
            "25728" : 2329,
            "25984" : 2587,
            "26240" : 2808,
            "26496" : 3448,
            "26752" : 3880,
            "27008" : 4287,
            "27264" : 4549,
            "27520" : 4664,
            "27776" : 4530,
            "28032" : 4300,
            "28288" : 4067,
            "28544" : 3663,
            "28800" : 3300,
            "29056" : 2944,
            "29312" : 2527,
            "29568" : 2195,
            "29824" : 1736,
            "30080" : 1554,
            "30336" : 1431,
            "30592" : 1305,
            "30848" : 1218,
            "31104" : 1205,
            "31360" : 1223,
            "31616" : 1255,
            "31872" : 1288,
            "32128" : 1283,
            "32384" : 1371,
            "32640" : 1522,
            "33024" : 3449,
            "33536" : 3740,
            "34048" : 3923,
            "34560" : 3912,
            "35072" : 3814,
            "35584" : 3748,
            "36096" : 3806,
            "36608" : 3765,
            "37120" : 3948,
            "37632" : 4402,
            "38144" : 4849,
            "38656" : 5318,
            "39168" : 5088,
            "39680" : 4798,
            "40192" : 4023,
            "40704" : 3713,
            "41216" : 3526,
            "41728" : 3306,
            "42240" : 3354,
            "42752" : 3603,
            "43264" : 3380,
            "43776" : 3080,
            "44288" : 2637,
            "44800" : 2426,
            "45312" : 2162,
            "45824" : 2121,
            "46336" : 1965,
            "46848" : 1882,
            "47360" : 1900,
            "47872" : 1802,
            "48384" : 1660,
            "48896" : 1589,
            "49408" : 1575,
            "49920" : 1498,
            "50432" : 1398,
            "50944" : 1440,
            "51456" : 1350,
            "51968" : 1413,
            "52480" : 1377,
            "52992" : 1308,
            "53504" : 1314,
            "54016" : 1362,
            "54528" : 1347,
            "55040" : 1419,
            "55552" : 1460,
            "56064" : 1413,
            "56576" : 1422,
            "57088" : 1477,
            "57600" : 1424,
            "58112" : 1308,
            "58624" : 1375,
            "59136" : 1368,
            "59648" : 1321,
            "60160" : 1292,
            "60672" : 1323,
            "61184" : 1376,
            "61696" : 1366,
            "62208" : 1350,
            "62720" : 1246,
            "63232" : 1192,
            "63744" : 1136,
            "64256" : 1016,
            "64768" : 1011,
            "65280" : 907,
            "66048" : 1694,
            "67072" : 1415,
            "68096" : 1275,
            "69120" : 1177,
            "70144" : 1165,
            "71168" : 1097,
            "72192" : 955,
            "73216" : 973,
            "74240" : 879,
            "75264" : 872,
            "76288" : 813,
            "77312" : 836,
            "78336" : 790,
            "79360" : 758,
            "80384" : 711,
            "81408" : 666,
            "82432" : 601,
            "83456" : 630,
            "84480" : 569,
            "85504" : 527,
            "86528" : 472,
            "87552" : 485,
            "88576" : 479,
            "89600" : 406,
            "90624" : 421,
            "91648" : 421,
            "92672" : 384,
            "93696" : 338,
            "94720" : 322,
            "95744" : 315,
            "96768" : 278,
            "97792" : 279,
            "98816" : 257,
            "99840" : 270,
            "100864" : 237,
            "101888" : 205,
            "102912" : 228,
            "103936" : 219,
            "104960" : 214,
            "105984" : 185,
            "107008" : 209,
            "108032" : 175,
            "109056" : 165,
            "110080" : 171,
            "111104" : 176,
            "112128" : 167,
            "113152" : 138,
            "114176" : 140,
            "115200" : 101,
            "116224" : 111,
            "117248" : 84,
            "118272" : 97,
            "119296" : 79,
            "120320" : 80,
            "121344" : 65,
            "122368" : 77,
            "123392" : 58,
            "124416" : 65,
            "125440" : 49,
            "126464" : 56,
            "127488" : 48,
            "128512" : 50,
            "129536" : 27,
            "130560" : 26,
            "132096" : 85,
            "134144" : 86,
            "136192" : 62,
            "138240" : 45,
            "140288" : 52,