{
  "fio version" : "fio-3.39-38-gf18c",
  "timestamp" : 1744242802,
  "timestamp_ms" : 1744242802953,
  "time" : "Wed Apr  9 23:53:22 2025",
  "global options" : {
    "kb_base" : "1024",
    "runtime" : "600"
  },
  "jobs" : [
    {
      "jobname" : "filestore-randwrite-4194304-blk256-iod4",
      "groupid" : 0,
      "job_start" : 1744242802564,
      "error" : 0,
      "eta" : 2147483647,
      "elapsed" : 1,
      "job options" : {
        "stonewall" : "",
        "rw" : "randwrite",
        "size" : "4194304",
        "bs" : "256",
        "iodepth" : "4",
        "filename" : "/filestore/scratch/adam/fsbench/filestore/filestore-randwrite-4194304-blk256-iod4.bin"
      },
      "read" : {
        "io_bytes" : 0,
        "io_kbytes" : 0,
        "bw_bytes" : 0,
        "bw" : 0,
        "iops" : 0.000000,
        "runtime" : 0,
        "total_ios" : 0,
        "short_ios" : 0,
        "drop_ios" : 0,
        "slat_ns" : {
          "min" : 0,
          "max" : 0,
          "mean" : 0.000000,
          "stddev" : 0.000000,
          "N" : 0
        },
        "clat_ns" : {
          "min" : 0,
          "max" : 0,
          "mean" : 0.000000,
          "stddev" : 0.000000,
          "N" : 0
        },
        "lat_ns" : {
          "min" : 0,
          "max" : 0,
          "mean" : 0.000000,
          "stddev" : 0.000000,
          "N" : 0
        },
        "bw_min" : 0,
        "bw_max" : 0,
        "bw_agg" : 0.000000,
        "bw_mean" : 0.000000,
        "bw_dev" : 0.000000,
        "bw_samples" : 0,
        "iops_min" : 0,
        "iops_max" : 0,
        "iops_mean" : 0.000000,
        "iops_stddev" : 0.000000,
        "iops_samples" : 0
      },
      "write" : {
        "io_bytes" : 4194304,
        "io_kbytes" : 4096,
        "bw_bytes" : 20460019,
        "bw" : 19980,
        "iops" : 79921.951220,
        "runtime" : 205,
        "total_ios" : 16384,
        "short_ios" : 0,
        "drop_ios" : 0,
        "slat_ns" : {
          "min" : 0,
          "max" : 0,
          "mean" : 0.000000,
          "stddev" : 0.000000,
          "N" : 0
        },
        "clat_ns" : {
          "min" : 910,
          "max" : 1427113,
          "mean" : 12061.244385,
          "stddev" : 44484.939837,
          "N" : 16384,
          "percentile" : {
            "1.000000" : 932,
            "5.000000" : 948,
            "10.000000" : 964,
            "20.000000" : 988,
            "30.000000" : 1012,
            "40.000000" : 1048,
            "50.000000" : 1112,
            "60.000000" : 1224,
            "70.000000" : 1336,
            "80.000000" : 1496,
            "90.000000" : 2024,
            "95.000000" : 136192,
            "99.000000" : 214016,
            "99.500000" : 240640,
            "99.900000" : 296960,
            "99.950000" : 346112,
            "99.990000" : 464896
          },
          "bins" : {
            "908" : 1,
            "916" : 3,
            "924" : 52,
            "932" : 215,
            "940" : 404,
            "948" : 510,
            "956" : 446,
            "964" : 405,
            "972" : 323,
            "980" : 404,
            "988" : 647,
            "996" : 658,
            "1004" : 623,
            "1012" : 549,
            "1020" : 446,
            "1032" : 653,
            "1048" : 529,
            "1064" : 425,
            "1080" : 384,
            "1096" : 342,
            "1112" : 279,
            "1128" : 250,
            "1144" : 249,
            "1160" : 219,
            "1176" : 219,
            "1192" : 223,
            "1208" : 229,
            "1224" : 244,
            "1240" : 246,
            "1256" : 235,
            "1272" : 216,
            "1288" : 237,
            "1304" : 265,
            "1320" : 242,
            "1336" : 225,
            "1352" : 222,
            "1368" : 206,
            "1384" : 174,
            "1400" : 175,
            "1416" : 157,
            "1432" : 165,
            "1448" : 150,
            "1464" : 132,
            "1480" : 123,
            "1496" : 98,
            "1512" : 90,
            "1528" : 91,
            "1544" : 58,
            "1560" : 72,
            "1576" : 77,
            "1592" : 72,
            "1608" : 53,
            "1624" : 50,
            "1640" : 61,
            "1656" : 44,
            "1672" : 45,
            "1688" : 46,
            "1704" : 49,
            "1720" : 52,
            "1736" : 43,
            "1752" : 44,
            "1768" : 48,
            "1784" : 42,
            "1800" : 39,
            "1816" : 42,
            "1832" : 46,
            "1848" : 33,
            "1864" : 40,
            "1880" : 30,
            "1896" : 48,
            "1912" : 36,
            "1928" : 46,
            "1944" : 31,
            "1960" : 27,
            "1976" : 32,
            "1992" : 31,
            "2008" : 24,
            "2024" : 26,
            "2040" : 19,
            "2064" : 23,
            "2096" : 34,
            "2128" : 31,
            "2160" : 30,
            "2192" : 19,
            "2224" : 15,
            "2256" : 20,
            "2288" : 20,
            "2320" : 16,
            "2352" : 12,
            "2384" : 18,
            "2416" : 12,
            "2448" : 19,
            "2480" : 8,
            "2512" : 15,
            "2544" : 14,
            "2576" : 9,
            "2608" : 17,
            "2640" : 7,
            "2672" : 9,
            "2704" : 5,
            "2736" : 6,
            "2768" : 12,
            "2800" : 7,
            "2832" : 13,
            "2864" : 9,
            "2896" : 7,
            "2928" : 9,
            "2960" : 11,
            "2992" : 7,
            "3024" : 5,
            "3056" : 5,
            "3088" : 4,
            "3120" : 5,
            "3152" : 4,
            "3184" : 4,
            "3216" : 2,
            "3248" : 4,
            "3280" : 2,
            "3312" : 2,
            "3376" : 2,
            "3408" : 1,
            "3440" : 1,
            "3472" : 3,
            "3504" : 1,
            "3536" : 2,
            "3568" : 1,
            "3632" : 2,
            "3760" : 3,
            "3856" : 3,
            "3920" : 2,
            "3952" : 3,
            "3984" : 1,
            "4016" : 1,
            "4048" : 1,
            "4080" : 1,
            "4128" : 2,
            "4192" : 3,
            "4256" : 1,
            "4320" : 1,
            "4384" : 2,
            "4448" : 1,
            "4512" : 1,
            "4576" : 4,
            "4640" : 2,
            "4704" : 4,
            "4768" : 1,
            "4832" : 1,
            "4896" : 2,
            "4960" : 2,
            "5024" : 2,
            "5088" : 3,
            "5152" : 2,
            "5216" : 1,
            "5280" : 1,
            "5344" : 1,
            "5536" : 1,
            "5664" : 2,
            "5792" : 2,
            "5984" : 1,
            "6304" : 1,
            "6752" : 1,
            "6816" : 2,
            "7008" : 1,
            "7136" : 1,
            "7200" : 1,
            "7392" : 1,
            "8256" : 1,
            "9536" : 1,
            "9792" : 1,
            "10304" : 1,
            "10816" : 2,
            "10944" : 1,
            "11072" : 1,
            "11456" : 1,
            "12352" : 2,
            "12736" : 1,
            "12864" : 2,
            "13248" : 1,
            "13504" : 1,
            "14528" : 1,
            "14656" : 1,
            "15424" : 1,
            "15808" : 1,
            "16512" : 1,
            "16768" : 1,
            "17024" : 2,
            "18048" : 1,
            "21120" : 1,
            "24192" : 1,
            "30848" : 1,
            "36608" : 1,
            "59648" : 1,
            "113152" : 2,
            "114176" : 1,
            "115200" : 4,
            "116224" : 6,
            "117248" : 2,
            "118272" : 7,
            "119296" : 5,
            "120320" : 5,
            "121344" : 9,
            "122368" : 8,
            "123392" : 14,
            "124416" : 10,
            "125440" : 12,
            "126464" : 12,