{
  "fio version" : "fio-3.39-38-gf18c",
  "timestamp" : 1744242855,
  "timestamp_ms" : 1744242855829,
  "time" : "Wed Apr  9 23:54:15 2025",
  "global options" : {
    "kb_base" : "1024",
    "runtime" : "600"
  },
  "jobs" : [
    {
      "jobname" : "filestore-randwrite-67108864-blk256-iod1",
      "groupid" : 0,
      "job_start" : 1744242852327,
      "error" : 0,
      "eta" : 0,
      "elapsed" : 4,
      "job options" : {
        "stonewall" : "",
        "rw" : "randwrite",
        "size" : "67108864",
        "bs" : "256",
        "iodepth" : "1",
        "filename" : "/filestore/scratch/adam/fsbench/filestore/filestore-randwrite-67108864-blk256-iod1.bin"
      },
      "read" : {
        "io_bytes" : 0,
        "io_kbytes" : 0,
        "bw_bytes" : 0,
        "bw" : 0,
        "iops" : 0.000000,
        "runtime" : 0,
        "total_ios" : 0,
        "short_ios" : 0,
        "drop_ios" : 0,
        "slat_ns" : {
          "min" : 0,
          "max" : 0,
          "mean" : 0.000000,
          "stddev" : 0.000000,
          "N" : 0
        },
        "clat_ns" : {
          "min" : 0,
          "max" : 0,
          "mean" : 0.000000,
          "stddev" : 0.000000,
          "N" : 0
        },
        "lat_ns" : {
          "min" : 0,
          "max" : 0,
          "mean" : 0.000000,
          "stddev" : 0.000000,
          "N" : 0
        },
        "bw_min" : 0,
        "bw_max" : 0,
        "bw_agg" : 0.000000,
        "bw_mean" : 0.000000,
        "bw_dev" : 0.000000,
        "bw_samples" : 0,
        "iops_min" : 0,
        "iops_max" : 0,
        "iops_mean" : 0.000000,
        "iops_stddev" : 0.000000,
        "iops_samples" : 0
      },
      "write" : {
        "io_bytes" : 67108864,
        "io_kbytes" : 65536,
        "bw_bytes" : 20460019,
        "bw" : 19980,
        "iops" : 79921.951220,
        "runtime" : 3280,
        "total_ios" : 262144,
        "short_ios" : 0,
        "drop_ios" : 0,
        "slat_ns" : {
          "min" : 0,
          "max" : 0,
          "mean" : 0.000000,
          "stddev" : 0.000000,
          "N" : 0
        },
        "clat_ns" : {
          "min" : 890,
          "max" : 7803427,
          "mean" : 12134.894241,
          "stddev" : 48441.823939,
          "N" : 262144,
          "percentile" : {
            "1.000000" : 980,
            "5.000000" : 1032,
            "10.000000" : 1128,
            "20.000000" : 1224,
            "30.000000" : 1272,
            "40.000000" : 1320,
            "50.000000" : 1352,
            "60.000000" : 1416,
            "70.000000" : 1496,
            "80.000000" : 1656,
            "90.000000" : 2160,
            "95.000000" : 120320,
            "99.000000" : 228352,
            "99.500000" : 259072,
            "99.900000" : 317440,
            "99.950000" : 346112,
            "99.990000" : 577536
          },
          "bins" : {
            "892" : 1,
            "900" : 1,
            "916" : 1,
            "924" : 7,
            "932" : 26,
            "940" : 83,
            "948" : 183,
            "956" : 465,
            "964" : 785,
            "972" : 990,
            "980" : 1148,
            "988" : 1198,
            "996" : 1387,
            "1004" : 1387,
            "1012" : 1474,
            "1020" : 1553,
            "1032" : 3406,
            "1048" : 3125,
            "1064" : 2404,
            "1080" : 2147,
            "1096" : 2053,
            "1112" : 1981,
            "1128" : 1966,
            "1144" : 2449,
            "1160" : 3279,
            "1176" : 4723,
            "1192" : 5715,
            "1208" : 6479,
            "1224" : 7244,
            "1240" : 8410,
            "1256" : 9476,
            "1272" : 9752,
            "1288" : 9538,
            "1304" : 9754,
            "1320" : 10229,
            "1336" : 9784,
            "1352" : 8795,
            "1368" : 7875,
            "1384" : 7271,
            "1400" : 6788,
            "1416" : 6388,
            "1432" : 5520,
            "1448" : 5178,
            "1464" : 4660,
            "1480" : 4206,
            "1496" : 3925,
            "1512" : 3583,
            "1528" : 3338,
            "1544" : 3012,
            "1560" : 2783,
            "1576" : 2617,
            "1592" : 2490,
            "1608" : 2167,
            "1624" : 2071,
            "1640" : 1862,
            "1656" : 1715,
            "1672" : 1602,
            "1688" : 1500,
            "1704" : 1413,
            "1720" : 1314,
            "1736" : 1255,
            "1752" : 1138,
            "1768" : 1152,
            "1784" : 1053,
            "1800" : 1008,
            "1816" : 905,
            "1832" : 916,
            "1848" : 964,
            "1864" : 845,
            "1880" : 828,
            "1896" : 799,
            "1912" : 756,
            "1928" : 764,
            "1944" : 755,
            "1960" : 596,
            "1976" : 634,
            "1992" : 611,
            "2008" : 576,
            "2024" : 574,
            "2040" : 539,
            "2064" : 921,
            "2096" : 813,
            "2128" : 759,
            "2160" : 672,
            "2192" : 587,
            "2224" : 495,
            "2256" : 453,
            "2288" : 414,
            "2320" : 364,
            "2352" : 286,
            "2384" : 278,
            "2416" : 266,
            "2448" : 260,
            "2480" : 239,
            "2512" : 201,
            "2544" : 210,
            "2576" : 229,
            "2608" : 223,
            "2640" : 180,
            "2672" : 180,
            "2704" : 154,
            "2736" : 155,
            "2768" : 165,
            "2800" : 132,
            "2832" : 150,
            "2864" : 147,
            "2896" : 137,
            "2928" : 131,
            "2960" : 120,
            "2992" : 112,
            "3024" : 104,
            "3056" : 91,
            "3088" : 79,
            "3120" : 74,
            "3152" : 82,
            "3184" : 65,
            "3216" : 77,
            "3248" : 66,
            "3280" : 70,
            "3312" : 59,
            "3344" : 51,
            "3376" : 50,
            "3408" : 38,
            "3440" : 34,
            "3472" : 35,
            "3504" : 38,
            "3536" : 38,
            "3568" : 23,
            "3600" : 27,
            "3632" : 30,
            "3664" : 24,
            "3696" : 24,
            "3728" : 26,
            "3760" : 28,
            "3792" : 20,
            "3824" : 22,
            "3856" : 27,
            "3888" : 22,
            "3920" : 17,
            "3952" : 21,
            "3984" : 20,
            "4016" : 18,
            "4048" : 13,
            "4080" : 18,
            "4128" : 38,
            "4192" : 51,
            "4256" : 32,
            "4320" : 30,
            "4384" : 44,
            "4448" : 32,
            "4512" : 34,
            "4576" : 32,
            "4640" : 36,
            "4704" : 37,
            "4768" : 25,
            "4832" : 34,
            "4896" : 33,
            "4960" : 29,
            "5024" : 38,
            "5088" : 29,
            "5152" : 30,
            "5216" : 26,
            "5280" : 30,
            "5344" : 24,
            "5408" : 26,
            "5472" : 25,
            "5536" : 16,
            "5600" : 18,
            "5664" : 20,
            "5728" : 18,
            "5792" : 22,
            "5856" : 14,
            "5920" : 12,
            "5984" : 14,
            "6048" : 13,
            "6112" : 18,
            "6176" : 13,
            "6240" : 12,
            "6304" : 9,
            "6368" : 9,
            "6432" : 8,
            "6496" : 7,
            "6560" : 7,
            "6624" : 5,
            "6688" : 6,
            "6752" : 6,
            "6816" : 3,
            "6880" : 4,
            "6944" : 10,
            "7008" : 6,
            "7072" : 8,
            "7136" : 4,
            "7200" : 3,
            "7264" : 7,
            "7328" : 2,
            "7392" : 3,
            "7456" : 6,
            "7520" : 3,
            "7584" : 10,