{
  "fio version" : "fio-3.39-38-gf18c",
  "timestamp" : 1744242809,
  "timestamp_ms" : 1744242809115,
  "time" : "Wed Apr  9 23:53:29 2025",
  "global options" : {
    "kb_base" : "1024",
    "runtime" : "600"
  },
  "jobs" : [
    {
      "jobname" : "filestore-randwrite-4194304-blk4096-iod4",
      "groupid" : 0,
      "job_start" : 1744242808974,
      "error" : 0,
      "eta" : 2147483647,
      "elapsed" : 1,
      "job options" : {
        "stonewall" : "",
        "rw" : "randwrite",
        "size" : "4194304",
        "bs" : "4096",
        "iodepth" : "4",
        "filename" : "/filestore/scratch/adam/fsbench/filestore/filestore-randwrite-4194304-blk4096-iod4.bin"
      },
      "read" : {
        "io_bytes" : 0,
        "io_kbytes" : 0,
        "bw_bytes" : 0,
        "bw" : 0,
        "iops" : 0.000000,
        "runtime" : 0,
        "total_ios" : 0,
        "short_ios" : 0,
        "drop_ios" : 0,
        "slat_ns" : {
          "min" : 0,
          "max" : 0,
          "mean" : 0.000000,
          "stddev" : 0.000000,
          "N" : 0
        },
        "clat_ns" : {
          "min" : 0,
          "max" : 0,
          "mean" : 0.000000,
          "stddev" : 0.000000,
          "N" : 0
        },
        "lat_ns" : {
          "min" : 0,
          "max" : 0,
          "mean" : 0.000000,
          "stddev" : 0.000000,
          "N" : 0
        },
        "bw_min" : 0,
        "bw_max" : 0,
        "bw_agg" : 0.000000,
        "bw_mean" : 0.000000,
        "bw_dev" : 0.000000,
        "bw_samples" : 0,
        "iops_min" : 0,
        "iops_max" : 0,
        "iops_mean" : 0.000000,
        "iops_stddev" : 0.000000,
        "iops_samples" : 0
      },
      "write" : {
        "io_bytes" : 4194304,
        "io_kbytes" : 4096,
        "bw_bytes" : 1048576000,
        "bw" : 1024000,
        "iops" : 256000.000000,
        "runtime" : 4,
        "total_ios" : 1024,
        "short_ios" : 0,
        "drop_ios" : 0,
        "slat_ns" : {
          "min" : 0,
          "max" : 0,
          "mean" : 0.000000,
          "stddev" : 0.000000,
          "N" : 0
        },
        "clat_ns" : {
          "min" : 1896,
          "max" : 28151,
          "mean" : 2443.928711,
          "stddev" : 1362.914441,
          "N" : 1024,
          "percentile" : {
            "1.000000" : 1928,
            "5.000000" : 1976,
            "10.000000" : 1992,
            "20.000000" : 2040,
            "30.000000" : 2096,
            "40.000000" : 2128,
            "50.000000" : 2160,
            "60.000000" : 2224,
            "70.000000" : 2256,
            "80.000000" : 2416,
            "90.000000" : 2928,
            "95.000000" : 3120,
            "99.000000" : 8640,
            "99.500000" : 9664,
            "99.900000" : 15168,
            "99.950000" : 28032,
            "99.990000" : 28032
          },
          "bins" : {
            "1896" : 1,
            "1912" : 5,
            "1928" : 8,
            "1944" : 9,
            "1960" : 10,
            "1976" : 29,
            "1992" : 42,
            "2008" : 41,
            "2024" : 25,
            "2040" : 36,
            "2064" : 101,
            "2096" : 74,
            "2128" : 93,
            "2160" : 88,
            "2192" : 50,
            "2224" : 57,
            "2256" : 53,
            "2288" : 27,
            "2320" : 29,
            "2352" : 18,
            "2384" : 16,
            "2416" : 8,
            "2448" : 7,
            "2480" : 21,
            "2512" : 6,
            "2544" : 8,
            "2576" : 3,
            "2608" : 4,
            "2640" : 5,
            "2672" : 3,
            "2704" : 4,
            "2736" : 3,
            "2768" : 1,
            "2800" : 6,
            "2832" : 9,
            "2864" : 9,
            "2896" : 10,
            "2928" : 11,
            "2960" : 7,
            "2992" : 6,
            "3024" : 11,
            "3056" : 10,
            "3088" : 6,
            "3120" : 6,
            "3152" : 2,
            "3184" : 4,
            "3216" : 1,
            "3248" : 2,
            "3280" : 2,
            "3312" : 1,
            "3376" : 1,
            "3472" : 1,
            "3504" : 1,
            "3536" : 1,
            "3664" : 1,
            "3696" : 2,
            "3888" : 1,
            "3952" : 1,
            "4320" : 1,
            "4768" : 1,
            "5408" : 1,
            "6432" : 1,
            "6624" : 1,
            "7328" : 1,
            "7712" : 1,
            "7840" : 1,
            "7904" : 1,
            "8032" : 3,
            "8096" : 1,
            "8160" : 1,
            "8384" : 1,
            "8640" : 2,
            "8896" : 2,
            "9024" : 2,
            "9664" : 1,
            "10432" : 1,
            "10816" : 1,
            "14656" : 1,
            "15168" : 1,
            "28032" : 1
          }
        },
        "lat_ns" : {
          "min" : 1943,
          "max" : 29130,
          "mean" : 2491.955078,
          "stddev" : 1380.694110,
          "N" : 1024
        },
        "bw_min" : 0,
        "bw_max" : 0,
        "bw_agg" : 0.000000,
        "bw_mean" : 0.000000,
        "bw_dev" : 0.000000,
        "bw_samples" : 0,
        "iops_min" : 0,
        "iops_max" : 0,
        "iops_mean" : 0.000000,
        "iops_stddev" : 0.000000,
        "iops_samples" : 0
      },
      "trim" : {
        "io_bytes" : 0,
        "io_kbytes" : 0,
        "bw_bytes" : 0,
        "bw" : 0,
        "iops" : 0.000000,
        "runtime" : 0,
        "total_ios" : 0,
        "short_ios" : 0,
        "drop_ios" : 0,
        "slat_ns" : {
          "min" : 0,
          "max" : 0,
          "mean" : 0.000000,
          "stddev" : 0.000000,
          "N" : 0
        },
        "clat_ns" : {
          "min" : 0,
          "max" : 0,
          "mean" : 0.000000,
          "stddev" : 0.000000,
          "N" : 0
        },
        "lat_ns" : {
          "min" : 0,
          "max" : 0,
          "mean" : 0.000000,
          "stddev" : 0.000000,
          "N" : 0
        },
        "bw_min" : 0,
        "bw_max" : 0,
        "bw_agg" : 0.000000,
        "bw_mean" : 0.000000,
        "bw_dev" : 0.000000,
        "bw_samples" : 0,
        "iops_min" : 0,
        "iops_max" : 0,
        "iops_mean" : 0.000000,
        "iops_stddev" : 0.000000,
        "iops_samples" : 0
      },
      "sync" : {
        "total_ios" : 0,
        "lat_ns" : {
          "min" : 0,
          "max" : 0,
          "mean" : 0.000000,
          "stddev" : 0.000000,
          "N" : 0
        }
      },
      "job_runtime" : 3,
      "usr_cpu" : 0.000000,
      "sys_cpu" : 66.666667,
      "ctx" : 2,
      "majf" : 0,
      "minf" : 6,
      "iodepth_level" : {
        "1" : 100.000000,
        "2" : 0.000000,
        "4" : 0.000000,
        "8" : 0.000000,
        "16" : 0.000000,
        "32" : 0.000000,
        ">=64" : 0.000000
      },
      "iodepth_submit" : {
        "0" : 0.000000,
        "4" : 100.000000,
        "8" : 0.000000,
        "16" : 0.000000,
        "32" : 0.000000,
        "64" : 0.000000,
        ">=64" : 0.000000
      },
      "iodepth_complete" : {
        "0" : 0.000000,
        "4" : 100.000000,
        "8" : 0.000000,
        "16" : 0.000000,
        "32" : 0.000000,
        "64" : 0.000000,
        ">=64" : 0.000000
      },
      "latency_ns" : {
        "2" : 0.000000,
        "4" : 0.000000,
        "10" : 0.000000,
        "20" : 0.000000,
        "50" : 0.000000,
        "100" : 0.000000,
        "250" : 0.000000,
        "500" : 0.000000,
        "750" : 0.000000,
        "1000" : 0.000000
      },
      "latency_us" : {
        "2" : 10.156250,
        "4" : 87.207031,
        "10" : 2.148438,
        "20" : 0.390625,
        "50" : 0.097656,
        "100" : 0.000000,
        "250" : 0.000000,
        "500" : 0.000000,
        "750" : 0.000000,
        "1000" : 0.000000
      },
      "latency_ms" : {
        "2" : 0.000000,
        "4" : 0.000000,
        "10" : 0.000000,
        "20" : 0.000000,