{
  "fio version" : "fio-3.39-38-gf18c",
  "timestamp" : 1744242809,
  "timestamp_ms" : 1744242809978,
  "time" : "Wed Apr  9 23:53:29 2025",
  "global options" : {
    "kb_base" : "1024",
    "runtime" : "600"
  },
  "jobs" : [
    {
      "jobname" : "nfsv3-randwrite-4194304-blk4096-iod16",
      "groupid" : 0,
      "job_start" : 1744242809838,
      "error" : 0,
      "eta" : 2147483647,
      "elapsed" : 1,
      "job options" : {
        "stonewall" : "",
        "rw" : "randwrite",
        "size" : "4194304",
        "bs" : "4096",
        "iodepth" : "16",
        "filename" : "/nfsv3/scratch/adam/fsbench/nfsv3/nfsv3-randwrite-4194304-blk4096-iod16.bin"
      },
      "read" : {
        "io_bytes" : 0,
        "io_kbytes" : 0,
        "bw_bytes" : 0,
        "bw" : 0,
        "iops" : 0.000000,
        "runtime" : 0,
        "total_ios" : 0,
        "short_ios" : 0,
        "drop_ios" : 0,
        "slat_ns" : {
          "min" : 0,
          "max" : 0,
          "mean" : 0.000000,
          "stddev" : 0.000000,
          "N" : 0
        },
        "clat_ns" : {
          "min" : 0,
          "max" : 0,
          "mean" : 0.000000,
          "stddev" : 0.000000,
          "N" : 0
        },
        "lat_ns" : {
          "min" : 0,
          "max" : 0,
          "mean" : 0.000000,
          "stddev" : 0.000000,
          "N" : 0
        },
        "bw_min" : 0,
        "bw_max" : 0,
        "bw_agg" : 0.000000,
        "bw_mean" : 0.000000,
        "bw_dev" : 0.000000,
        "bw_samples" : 0,
        "iops_min" : 0,
        "iops_max" : 0,
        "iops_mean" : 0.000000,
        "iops_stddev" : 0.000000,
        "iops_samples" : 0
      },
      "write" : {
        "io_bytes" : 4194304,
        "io_kbytes" : 4096,
        "bw_bytes" : 838860800,
        "bw" : 819200,
        "iops" : 204800.000000,
        "runtime" : 5,
        "total_ios" : 1024,
        "short_ios" : 0,
        "drop_ios" : 0,
        "slat_ns" : {
          "min" : 0,
          "max" : 0,
          "mean" : 0.000000,
          "stddev" : 0.000000,
          "N" : 0
        },
        "clat_ns" : {
          "min" : 1947,
          "max" : 32219,
          "mean" : 2517.374023,
          "stddev" : 1715.836644,
          "N" : 1024,
          "percentile" : {
            "1.000000" : 1976,
            "5.000000" : 2040,
            "10.000000" : 2064,
            "20.000000" : 2128,
            "30.000000" : 2160,
            "40.000000" : 2192,
            "50.000000" : 2256,
            "60.000000" : 2288,
            "70.000000" : 2352,
            "80.000000" : 2480,
            "90.000000" : 2960,
            "95.000000" : 3248,
            "99.000000" : 7136,
            "99.500000" : 15168,
            "99.900000" : 23936,
            "99.950000" : 32128,
            "99.990000" : 32128
          },
          "bins" : {
            "1944" : 1,
            "1960" : 3,
            "1976" : 7,
            "1992" : 3,
            "2008" : 15,
            "2024" : 10,
            "2040" : 15,
            "2064" : 53,
            "2096" : 57,
            "2128" : 82,
            "2160" : 82,
            "2192" : 90,
            "2224" : 86,
            "2256" : 82,
            "2288" : 67,
            "2320" : 49,
            "2352" : 31,
            "2384" : 33,
            "2416" : 26,
            "2448" : 27,
            "2480" : 13,
            "2512" : 17,
            "2544" : 5,
            "2576" : 7,
            "2608" : 5,
            "2640" : 4,
            "2672" : 1,
            "2704" : 3,
            "2736" : 3,
            "2768" : 5,
            "2800" : 8,
            "2832" : 9,
            "2864" : 4,
            "2896" : 7,
            "2928" : 7,
            "2960" : 5,
            "2992" : 7,
            "3024" : 10,
            "3056" : 3,
            "3088" : 6,
            "3120" : 6,
            "3152" : 6,
            "3184" : 6,
            "3216" : 5,
            "3248" : 3,
            "3280" : 4,
            "3312" : 3,
            "3344" : 7,
            "3376" : 1,
            "3408" : 4,
            "3440" : 2,
            "3472" : 2,
            "3536" : 3,
            "3600" : 1,
            "3632" : 1,
            "3696" : 1,
            "3856" : 1,
            "3920" : 1,
            "4016" : 1,
            "4128" : 1,
            "4192" : 1,
            "4384" : 1,
            "5152" : 1,
            "5280" : 1,
            "5728" : 1,
            "7136" : 2,
            "7712" : 1,
            "7968" : 1,
            "14272" : 1,
            "14528" : 1,
            "15168" : 1,
            "16512" : 1,
            "21632" : 1,
            "22400" : 1,
            "23936" : 1,
            "32128" : 1
          }
        },
        "lat_ns" : {
          "min" : 1991,
          "max" : 32303,
          "mean" : 2563.585938,
          "stddev" : 1744.914975,
          "N" : 1024
        },
        "bw_min" : 0,
        "bw_max" : 0,
        "bw_agg" : 0.000000,
        "bw_mean" : 0.000000,
        "bw_dev" : 0.000000,
        "bw_samples" : 0,
        "iops_min" : 0,
        "iops_max" : 0,
        "iops_mean" : 0.000000,
        "iops_stddev" : 0.000000,
        "iops_samples" : 0
      },
      "trim" : {
        "io_bytes" : 0,
        "io_kbytes" : 0,
        "bw_bytes" : 0,
        "bw" : 0,
        "iops" : 0.000000,
        "runtime" : 0,
        "total_ios" : 0,
        "short_ios" : 0,
        "drop_ios" : 0,
        "slat_ns" : {
          "min" : 0,
          "max" : 0,
          "mean" : 0.000000,
          "stddev" : 0.000000,
          "N" : 0
        },
        "clat_ns" : {
          "min" : 0,
          "max" : 0,
          "mean" : 0.000000,
          "stddev" : 0.000000,
          "N" : 0
        },
        "lat_ns" : {
          "min" : 0,
          "max" : 0,
          "mean" : 0.000000,
          "stddev" : 0.000000,
          "N" : 0
        },
        "bw_min" : 0,
        "bw_max" : 0,
        "bw_agg" : 0.000000,
        "bw_mean" : 0.000000,
        "bw_dev" : 0.000000,
        "bw_samples" : 0,
        "iops_min" : 0,
        "iops_max" : 0,
        "iops_mean" : 0.000000,
        "iops_stddev" : 0.000000,
        "iops_samples" : 0
      },
      "sync" : {
        "total_ios" : 0,
        "lat_ns" : {
          "min" : 0,
          "max" : 0,
          "mean" : 0.000000,
          "stddev" : 0.000000,
          "N" : 0
        }
      },
      "job_runtime" : 4,
      "usr_cpu" : 0.000000,
      "sys_cpu" : 50.000000,
      "ctx" : 2,
      "majf" : 0,
      "minf" : 7,
      "iodepth_level" : {
        "1" : 100.000000,
        "2" : 0.000000,
        "4" : 0.000000,
        "8" : 0.000000,
        "16" : 0.000000,
        "32" : 0.000000,
        ">=64" : 0.000000
      },
      "iodepth_submit" : {
        "0" : 0.000000,
        "4" : 100.000000,
        "8" : 0.000000,
        "16" : 0.000000,
        "32" : 0.000000,
        "64" : 0.000000,
        ">=64" : 0.000000
      },
      "iodepth_complete" : {
        "0" : 0.000000,
        "4" : 100.000000,
        "8" : 0.000000,
        "16" : 0.000000,
        "32" : 0.000000,
        "64" : 0.000000,
        ">=64" : 0.000000
      },
      "latency_ns" : {
        "2" : 0.000000,
        "4" : 0.000000,
        "10" : 0.000000,
        "20" : 0.000000,
        "50" : 0.000000,
        "100" : 0.000000,
        "250" : 0.000000,
        "500" : 0.000000,
        "750" : 0.000000,
        "1000" : 0.000000
      },
      "latency_us" : {
        "2" : 1.367188,
        "4" : 96.777344,
        "10" : 1.074219,
        "20" : 0.390625,
        "50" : 0.390625,
        "100" : 0.000000,
        "250" : 0.000000,
        "500" : 0.000000,
        "750" : 0.000000,
        "1000" : 0.000000
      },
      "latency_ms" : {
        "2" : 0.000000,
        "4" : 0.000000,
        "10" : 0.000000,
        "20" : 0.000000,
        "50" : 0.000000,
        "100" : 0.000000,
        "250" : 0.000000,
        "500" : 0.000000,
        "750" : 0.000000,