{
  "fio version" : "fio-3.39-38-gf18c",
  "timestamp" : 1744238355,
  "timestamp_ms" : 1744238355991,
  "time" : "Wed Apr  9 22:39:15 2025",
  "global options" : {
    "kb_base" : "1024",
    "runtime" : "600"
  },
  "jobs" : [
    {
      "jobname" : "nfsv3-write-1073741824-blk4096-iod16",
      "groupid" : 0,
      "job_start" : 1744238347604,
      "error" : 0,
      "eta" : 0,
      "elapsed" : 9,
      "job options" : {
        "stonewall" : "",
        "rw" : "write",
        "size" : "1073741824",
        "bs" : "4096",
        "iodepth" : "16",
        "filename" : "/nfsv3/scratch/adam/fsbench/nfsv3/nfsv3-write-1073741824-blk4096-iod16.bin"
      },
      "read" : {
        "io_bytes" : 0,
        "io_kbytes" : 0,
        "bw_bytes" : 0,
        "bw" : 0,
        "iops" : 0.000000,
        "runtime" : 0,
        "total_ios" : 0,
        "short_ios" : 0,
        "drop_ios" : 0,
        "slat_ns" : {
          "min" : 0,
          "max" : 0,
          "mean" : 0.000000,
          "stddev" : 0.000000,
          "N" : 0
        },
        "clat_ns" : {
          "min" : 0,
          "max" : 0,
          "mean" : 0.000000,
          "stddev" : 0.000000,
          "N" : 0
        },
        "lat_ns" : {
          "min" : 0,
          "max" : 0,
          "mean" : 0.000000,
          "stddev" : 0.000000,
          "N" : 0
        },
        "bw_min" : 0,
        "bw_max" : 0,
        "bw_agg" : 0.000000,
        "bw_mean" : 0.000000,
        "bw_dev" : 0.000000,
        "bw_samples" : 0,
        "iops_min" : 0,
        "iops_max" : 0,
        "iops_mean" : 0.000000,
        "iops_stddev" : 0.000000,
        "iops_samples" : 0
      },
      "write" : {
        "io_bytes" : 1073741824,
        "io_kbytes" : 1048576,
        "bw_bytes" : 1445143773,
        "bw" : 1411273,
        "iops" : 352818.304172,
        "runtime" : 743,
        "total_ios" : 262144,
        "short_ios" : 0,
        "drop_ios" : 0,
        "slat_ns" : {
          "min" : 0,
          "max" : 0,
          "mean" : 0.000000,
          "stddev" : 0.000000,
          "N" : 0
        },
        "clat_ns" : {
          "min" : 1784,
          "max" : 98803,
          "mean" : 2547.123726,
          "stddev" : 1190.243712,
          "N" : 262144,
          "percentile" : {
            "1.000000" : 1880,
            "5.000000" : 1912,
            "10.000000" : 1944,
            "20.000000" : 1992,
            "30.000000" : 2064,
            "40.000000" : 2096,
            "50.000000" : 2160,
            "60.000000" : 2288,
            "70.000000" : 2736,
            "80.000000" : 2928,
            "90.000000" : 3184,
            "95.000000" : 3728,
            "99.000000" : 7968,
            "99.500000" : 9920,
            "99.900000" : 15040,
            "99.950000" : 16768,
            "99.990000" : 24704
          },
          "bins" : {
            "1784" : 1,
            "1800" : 2,
            "1816" : 4,
            "1832" : 9,
            "1848" : 247,
            "1864" : 2122,
            "1880" : 4931,
            "1896" : 5667,
            "1912" : 5175,
            "1928" : 5418,
            "1944" : 7587,
            "1960" : 9110,
            "1976" : 9079,
            "1992" : 7943,
            "2008" : 6880,
            "2024" : 6383,
            "2040" : 7469,
            "2064" : 16805,
            "2096" : 13413,
            "2128" : 13442,
            "2160" : 11057,
            "2192" : 8135,
            "2224" : 7179,
            "2256" : 5202,
            "2288" : 4323,
            "2320" : 3502,
            "2352" : 2661,
            "2384" : 2212,
            "2416" : 1807,
            "2448" : 1448,
            "2480" : 1192,
            "2512" : 1006,
            "2544" : 925,
            "2576" : 983,
            "2608" : 1175,
            "2640" : 1505,
            "2672" : 1727,
            "2704" : 2819,
            "2736" : 3381,
            "2768" : 4052,
            "2800" : 4587,
            "2832" : 4452,
            "2864" : 4858,
            "2896" : 4921,
            "2928" : 4618,
            "2960" : 4577,
            "2992" : 4068,
            "3024" : 3571,
            "3056" : 3301,
            "3088" : 2867,
            "3120" : 2646,
            "3152" : 2200,
            "3184" : 1954,
            "3216" : 1760,
            "3248" : 1535,
            "3280" : 1336,
            "3312" : 1195,
            "3344" : 974,
            "3376" : 955,
            "3408" : 807,
            "3440" : 659,
            "3472" : 602,
            "3504" : 510,
            "3536" : 482,
            "3568" : 408,
            "3600" : 331,
            "3632" : 304,
            "3664" : 257,
            "3696" : 235,
            "3728" : 248,
            "3760" : 219,
            "3792" : 214,
            "3824" : 211,
            "3856" : 173,
            "3888" : 186,
            "3920" : 193,
            "3952" : 187,
            "3984" : 177,
            "4016" : 196,
            "4048" : 145,
            "4080" : 182,
            "4128" : 391,
            "4192" : 437,
            "4256" : 520,
            "4320" : 563,
            "4384" : 500,
            "4448" : 435,
            "4512" : 427,
            "4576" : 348,
            "4640" : 275,
            "4704" : 212,
            "4768" : 167,
            "4832" : 137,
            "4896" : 91,
            "4960" : 94,
            "5024" : 86,
            "5088" : 69,
            "5152" : 84,
            "5216" : 95,
            "5280" : 80,
            "5344" : 132,
            "5408" : 124,
            "5472" : 126,
            "5536" : 143,
            "5600" : 161,
            "5664" : 155,
            "5728" : 145,
            "5792" : 151,
            "5856" : 144,
            "5920" : 130,
            "5984" : 107,
            "6048" : 124,
            "6112" : 104,
            "6176" : 119,
            "6240" : 116,
            "6304" : 107,
            "6368" : 90,
            "6432" : 77,
            "6496" : 74,
            "6560" : 72,
            "6624" : 66,
            "6688" : 59,
            "6752" : 42,
            "6816" : 49,
            "6880" : 44,
            "6944" : 54,
            "7008" : 34,
            "7072" : 42,
            "7136" : 29,
            "7200" : 28,
            "7264" : 27,
            "7328" : 26,
            "7392" : 37,
            "7456" : 21,
            "7520" : 28,
            "7584" : 23,
            "7648" : 41,
            "7712" : 42,
            "7776" : 37,
            "7840" : 38,
            "7904" : 46,
            "7968" : 42,
            "8032" : 40,
            "8096" : 39,
            "8160" : 54,
            "8256" : 98,
            "8384" : 100,
            "8512" : 99,
            "8640" : 72,
            "8768" : 81,
            "8896" : 75,
            "9024" : 78,
            "9152" : 79,
            "9280" : 81,
            "9408" : 87,
            "9536" : 87,
            "9664" : 96,
            "9792" : 77,
            "9920" : 71,
            "10048" : 66,
            "10176" : 76,
            "10304" : 76,
            "10432" : 70,
            "10560" : 56,
            "10688" : 58,
            "10816" : 42,
            "10944" : 37,
            "11072" : 34,
            "11200" : 46,
            "11328" : 38,
            "11456" : 29,
            "11584" : 35,
            "11712" : 30,
            "11840" : 14,
            "11968" : 24,
            "12096" : 19,
            "12224" : 13,
            "12352" : 11,
            "12480" : 15,
            "12608" : 11,
            "12736" : 8,
            "12864" : 15,
            "12992" : 12,
            "13120" : 12,
            "13248" : 13,
            "13376" : 5,
            "13504" : 11,
            "13632" : 7,
            "13760" : 9,
            "13888" : 7,
            "14016" : 23,
            "14144" : 10,
            "14272" : 13,
            "14400" : 11,
            "14528" : 12,
            "14656" : 15,
            "14784" : 17,
            "14912" : 13,