{
  "fio version" : "fio-3.39-38-gf18c",
  "timestamp" : 1744238182,
  "timestamp_ms" : 1744238182128,
  "time" : "Wed Apr  9 22:36:22 2025",
  "global options" : {
    "kb_base" : "1024",
    "runtime" : "600"
  },
  "jobs" : [
    {
      "jobname" : "nfsv4-write-67108864-blk4096-iod4",
      "groupid" : 0,
      "job_start" : 1744238181741,
      "error" : 0,
      "eta" : 2147483647,
      "elapsed" : 1,
      "job options" : {
        "stonewall" : "",
        "rw" : "write",
        "size" : "67108864",
        "bs" : "4096",
        "iodepth" : "4",
        "filename" : "/scratch/adam/fsbench/nfsv4/nfsv4-write-67108864-blk4096-iod4.bin"
      },
      "read" : {
        "io_bytes" : 0,
        "io_kbytes" : 0,
        "bw_bytes" : 0,
        "bw" : 0,
        "iops" : 0.000000,
        "runtime" : 0,
        "total_ios" : 0,
        "short_ios" : 0,
        "drop_ios" : 0,
        "slat_ns" : {
          "min" : 0,
          "max" : 0,
          "mean" : 0.000000,
          "stddev" : 0.000000,
          "N" : 0
        },
        "clat_ns" : {
          "min" : 0,
          "max" : 0,
          "mean" : 0.000000,
          "stddev" : 0.000000,
          "N" : 0
        },
        "lat_ns" : {
          "min" : 0,
          "max" : 0,
          "mean" : 0.000000,
          "stddev" : 0.000000,
          "N" : 0
        },
        "bw_min" : 0,
        "bw_max" : 0,
        "bw_agg" : 0.000000,
        "bw_mean" : 0.000000,
        "bw_dev" : 0.000000,
        "bw_samples" : 0,
        "iops_min" : 0,
        "iops_max" : 0,
        "iops_mean" : 0.000000,
        "iops_stddev" : 0.000000,
        "iops_samples" : 0
      },
      "write" : {
        "io_bytes" : 67108864,
        "io_kbytes" : 65536,
        "bw_bytes" : 1525201454,
        "bw" : 1489454,
        "iops" : 372363.636364,
        "runtime" : 44,
        "total_ios" : 16384,
        "short_ios" : 0,
        "drop_ios" : 0,
        "slat_ns" : {
          "min" : 0,
          "max" : 0,
          "mean" : 0.000000,
          "stddev" : 0.000000,
          "N" : 0
        },
        "clat_ns" : {
          "min" : 1868,
          "max" : 24326,
          "mean" : 2357.188660,
          "stddev" : 1034.902353,
          "N" : 16384,
          "percentile" : {
            "1.000000" : 1912,
            "5.000000" : 1960,
            "10.000000" : 1992,
            "20.000000" : 2024,
            "30.000000" : 2064,
            "40.000000" : 2096,
            "50.000000" : 2128,
            "60.000000" : 2160,
            "70.000000" : 2192,
            "80.000000" : 2320,
            "90.000000" : 2832,
            "95.000000" : 3056,
            "99.000000" : 8256,
            "99.500000" : 8896,
            "99.900000" : 13248,
            "99.950000" : 15808,
            "99.990000" : 19072
          },
          "bins" : {
            "1864" : 4,
            "1880" : 23,
            "1896" : 69,
            "1912" : 170,
            "1928" : 266,
            "1944" : 269,
            "1960" : 337,
            "1976" : 418,
            "1992" : 580,
            "2008" : 688,
            "2024" : 799,
            "2040" : 792,
            "2064" : 1855,
            "2096" : 1721,
            "2128" : 1428,
            "2160" : 1251,
            "2192" : 881,
            "2224" : 603,
            "2256" : 441,
            "2288" : 320,
            "2320" : 251,
            "2352" : 221,
            "2384" : 172,
            "2416" : 155,
            "2448" : 119,
            "2480" : 113,
            "2512" : 74,
            "2544" : 62,
            "2576" : 68,
            "2608" : 51,
            "2640" : 50,
            "2672" : 53,
            "2704" : 60,
            "2736" : 83,
            "2768" : 71,
            "2800" : 102,
            "2832" : 138,
            "2864" : 153,
            "2896" : 152,
            "2928" : 161,
            "2960" : 141,
            "2992" : 105,
            "3024" : 79,
            "3056" : 74,
            "3088" : 42,
            "3120" : 44,
            "3152" : 36,
            "3184" : 25,
            "3216" : 23,
            "3248" : 24,
            "3280" : 24,
            "3312" : 18,
            "3344" : 15,
            "3376" : 16,
            "3408" : 7,
            "3440" : 5,
            "3472" : 9,
            "3504" : 7,
            "3536" : 9,
            "3568" : 7,
            "3600" : 12,
            "3632" : 9,
            "3664" : 5,
            "3696" : 5,
            "3760" : 4,
            "3824" : 4,
            "3856" : 3,
            "3888" : 5,
            "3920" : 1,
            "3984" : 3,
            "4016" : 2,
            "4080" : 2,
            "4128" : 3,
            "4192" : 1,
            "4256" : 2,
            "4320" : 2,
            "4384" : 2,
            "4448" : 4,
            "4512" : 1,
            "4576" : 1,
            "4640" : 1,
            "4704" : 2,
            "4832" : 1,
            "4896" : 1,
            "4960" : 3,
            "5024" : 2,
            "5152" : 1,
            "5216" : 1,
            "5344" : 3,
            "5536" : 1,
            "5600" : 2,
            "5664" : 4,
            "5728" : 2,
            "5792" : 1,
            "5856" : 1,
            "5920" : 1,
            "5984" : 1,
            "6048" : 2,
            "6112" : 4,
            "6176" : 3,
            "6432" : 1,
            "6496" : 2,
            "6560" : 3,
            "6624" : 3,
            "6688" : 4,
            "6752" : 2,
            "6880" : 4,
            "7008" : 1,
            "7136" : 2,
            "7200" : 1,
            "7264" : 7,
            "7328" : 8,
            "7392" : 1,
            "7456" : 7,
            "7520" : 6,
            "7584" : 12,
            "7648" : 11,
            "7712" : 14,
            "7776" : 9,
            "7840" : 20,
            "7904" : 11,
            "7968" : 12,
            "8032" : 9,
            "8096" : 13,
            "8160" : 14,
            "8256" : 20,
            "8384" : 19,
            "8512" : 21,
            "8640" : 16,
            "8768" : 7,
            "8896" : 11,
            "9024" : 9,
            "9152" : 6,
            "9280" : 6,
            "9408" : 3,
            "9536" : 2,
            "9664" : 2,
            "9792" : 1,
            "9920" : 4,
            "10048" : 1,
            "10304" : 1,
            "10432" : 3,
            "10560" : 3,
            "10944" : 1,
            "11072" : 1,
            "11328" : 2,
            "11456" : 1,
            "11584" : 1,
            "11840" : 2,
            "12096" : 2,
            "12352" : 1,
            "12992" : 2,
            "13248" : 1,
            "13888" : 3,
            "14016" : 1,
            "14528" : 1,
            "15424" : 1,
            "15680" : 1,
            "15808" : 1,
            "15936" : 1,
            "16768" : 1,
            "17024" : 1,
            "18048" : 2,
            "18560" : 1,
            "19072" : 1,
            "24448" : 1
          }
        },
        "lat_ns" : {
          "min" : 1910,
          "max" : 25134,
          "mean" : 2401.394470,
          "stddev" : 1037.909499,
          "N" : 16384
        },
        "bw_min" : 0,
        "bw_max" : 0,
        "bw_agg" : 0.000000,
        "bw_mean" : 0.000000,
        "bw_dev" : 0.000000,
        "bw_samples" : 0,
        "iops_min" : 0,
        "iops_max" : 0,
        "iops_mean" : 0.000000,
        "iops_stddev" : 0.000000,
        "iops_samples" : 0
      },
      "trim" : {
        "io_bytes" : 0,
        "io_kbytes" : 0,
        "bw_bytes" : 0,
        "bw" : 0,
        "iops" : 0.000000,
        "runtime" : 0,
        "total_ios" : 0,
        "short_ios" : 0,
        "drop_ios" : 0,
        "slat_ns" : {
          "min" : 0,
          "max" : 0,
          "mean" : 0.000000,
          "stddev" : 0.000000,
          "N" : 0
        },
        "clat_ns" : {
          "min" : 0,
          "max" : 0,
          "mean" : 0.000000,
          "stddev" : 0.000000,
          "N" : 0
        },