{
  "fio version" : "fio-3.39-38-gf18c",
  "timestamp" : 1744242891,
  "timestamp_ms" : 1744242891759,
  "time" : "Wed Apr  9 23:54:51 2025",
  "global options" : {
    "kb_base" : "1024",
    "runtime" : "600"
  },
  "jobs" : [
    {
      "jobname" : "nfsv3-randwrite-67108864-blk256-iod4",
      "groupid" : 0,
      "job_start" : 1744242874369,
      "error" : 0,
      "eta" : 0,
      "elapsed" : 18,
      "job options" : {
        "stonewall" : "",
        "rw" : "randwrite",
        "size" : "67108864",
        "bs" : "256",
        "iodepth" : "4",
        "filename" : "/nfsv3/scratch/adam/fsbench/nfsv3/nfsv3-randwrite-67108864-blk256-iod4.bin"
      },
      "read" : {
        "io_bytes" : 0,
        "io_kbytes" : 0,
        "bw_bytes" : 0,
        "bw" : 0,
        "iops" : 0.000000,
        "runtime" : 0,
        "total_ios" : 0,
        "short_ios" : 0,
        "drop_ios" : 0,
        "slat_ns" : {
          "min" : 0,
          "max" : 0,
          "mean" : 0.000000,
          "stddev" : 0.000000,
          "N" : 0
        },
        "clat_ns" : {
          "min" : 0,
          "max" : 0,
          "mean" : 0.000000,
          "stddev" : 0.000000,
          "N" : 0
        },
        "lat_ns" : {
          "min" : 0,
          "max" : 0,
          "mean" : 0.000000,
          "stddev" : 0.000000,
          "N" : 0
        },
        "bw_min" : 0,
        "bw_max" : 0,
        "bw_agg" : 0.000000,
        "bw_mean" : 0.000000,
        "bw_dev" : 0.000000,
        "bw_samples" : 0,
        "iops_min" : 0,
        "iops_max" : 0,
        "iops_mean" : 0.000000,
        "iops_stddev" : 0.000000,
        "iops_samples" : 0
      },
      "write" : {
        "io_bytes" : 67108864,
        "io_kbytes" : 65536,
        "bw_bytes" : 3896241,
        "bw" : 3804,
        "iops" : 15219.693451,
        "runtime" : 17224,
        "total_ios" : 262144,
        "short_ios" : 0,
        "drop_ios" : 0,
        "slat_ns" : {
          "min" : 0,
          "max" : 0,
          "mean" : 0.000000,
          "stddev" : 0.000000,
          "N" : 0
        },
        "clat_ns" : {
          "min" : 930,
          "max" : 35248228,
          "mean" : 65189.651428,
          "stddev" : 294267.945351,
          "N" : 262144,
          "percentile" : {
            "1.000000" : 988,
            "5.000000" : 1064,
            "10.000000" : 1176,
            "20.000000" : 1256,
            "30.000000" : 1320,
            "40.000000" : 1368,
            "50.000000" : 1416,
            "60.000000" : 1512,
            "70.000000" : 1624,
            "80.000000" : 1832,
            "90.000000" : 2704,
            "95.000000" : 954368,
            "99.000000" : 1028096,
            "99.500000" : 1044480,
            "99.900000" : 1138688,
            "99.950000" : 1318912,
            "99.990000" : 8028160
          },
          "bins" : {
            "932" : 14,
            "940" : 41,
            "948" : 84,
            "956" : 278,
            "964" : 496,
            "972" : 700,
            "980" : 916,
            "988" : 968,
            "996" : 921,
            "1004" : 932,
            "1012" : 1007,
            "1020" : 1171,
            "1032" : 2734,
            "1048" : 2630,
            "1064" : 2061,
            "1080" : 1786,
            "1096" : 1685,
            "1112" : 1556,
            "1128" : 1581,
            "1144" : 1604,
            "1160" : 1951,
            "1176" : 2634,
            "1192" : 3674,
            "1208" : 4445,
            "1224" : 4868,
            "1240" : 5643,
            "1256" : 6834,
            "1272" : 7841,
            "1288" : 8180,
            "1304" : 7772,
            "1320" : 8250,
            "1336" : 8855,
            "1352" : 8653,
            "1368" : 8032,
            "1384" : 7103,
            "1400" : 6720,
            "1416" : 6619,
            "1432" : 6107,
            "1448" : 5539,
            "1464" : 4912,
            "1480" : 4659,
            "1496" : 4413,
            "1512" : 4113,
            "1528" : 3793,
            "1544" : 3576,
            "1560" : 3415,
            "1576" : 3173,
            "1592" : 3133,
            "1608" : 3039,
            "1624" : 2851,
            "1640" : 2750,
            "1656" : 2734,
            "1672" : 2589,
            "1688" : 2399,
            "1704" : 2293,
            "1720" : 2141,
            "1736" : 2043,
            "1752" : 1927,
            "1768" : 1824,
            "1784" : 1792,
            "1800" : 1644,
            "1816" : 1499,
            "1832" : 1455,
            "1848" : 1430,
            "1864" : 1321,
            "1880" : 1252,
            "1896" : 1232,
            "1912" : 1114,
            "1928" : 1050,
            "1944" : 1003,
            "1960" : 966,
            "1976" : 906,
            "1992" : 837,
            "2008" : 780,
            "2024" : 747,
            "2040" : 691,
            "2064" : 1397,
            "2096" : 1221,
            "2128" : 1107,
            "2160" : 927,
            "2192" : 890,
            "2224" : 745,
            "2256" : 699,
            "2288" : 583,
            "2320" : 539,
            "2352" : 508,
            "2384" : 398,
            "2416" : 379,
            "2448" : 347,
            "2480" : 321,
            "2512" : 274,
            "2544" : 287,
            "2576" : 245,
            "2608" : 186,
            "2640" : 218,
            "2672" : 160,
            "2704" : 161,
            "2736" : 152,
            "2768" : 145,
            "2800" : 115,
            "2832" : 131,
            "2864" : 114,
            "2896" : 103,
            "2928" : 98,
            "2960" : 99,
            "2992" : 89,
            "3024" : 83,
            "3056" : 93,
            "3088" : 94,
            "3120" : 95,
            "3152" : 85,
            "3184" : 86,
            "3216" : 83,
            "3248" : 95,
            "3280" : 83,
            "3312" : 80,
            "3344" : 86,
            "3376" : 81,
            "3408" : 75,
            "3440" : 80,
            "3472" : 101,
            "3504" : 80,
            "3536" : 84,
            "3568" : 89,
            "3600" : 98,
            "3632" : 97,
            "3664" : 89,
            "3696" : 99,
            "3728" : 103,
            "3760" : 105,
            "3792" : 100,
            "3824" : 106,
            "3856" : 108,
            "3888" : 102,
            "3920" : 118,
            "3952" : 98,
            "3984" : 114,
            "4016" : 107,
            "4048" : 117,
            "4080" : 111,
            "4128" : 249,
            "4192" : 239,
            "4256" : 252,
            "4320" : 257,
            "4384" : 290,
            "4448" : 249,
            "4512" : 271,
            "4576" : 242,
            "4640" : 234,
            "4704" : 222,
            "4768" : 210,
            "4832" : 197,
            "4896" : 144,
            "4960" : 169,
            "5024" : 163,
            "5088" : 135,
            "5152" : 115,
            "5216" : 115,
            "5280" : 97,
            "5344" : 72,
            "5408" : 82,
            "5472" : 61,
            "5536" : 48,
            "5600" : 54,
            "5664" : 45,
            "5728" : 46,
            "5792" : 32,
            "5856" : 41,
            "5920" : 33,
            "5984" : 36,
            "6048" : 28,
            "6112" : 17,
            "6176" : 25,
            "6240" : 27,
            "6304" : 24,
            "6368" : 17,
            "6432" : 23,
            "6496" : 13,
            "6560" : 9,
            "6624" : 12,
            "6688" : 7,
            "6752" : 10,
            "6816" : 20,
            "6880" : 10,
            "6944" : 17,
            "7008" : 9,
            "7072" : 6,
            "7136" : 7,
            "7200" : 4,
            "7264" : 12,
            "7328" : 4,
            "7392" : 11,
            "7456" : 10,
            "7520" : 10,
            "7584" : 9,
            "7648" : 10,
            "7712" : 6,
            "7776" : 5,