{
  "fio version" : "fio-3.39-38-gf18c",
  "timestamp" : 1744242812,
  "timestamp_ms" : 1744242812157,
  "time" : "Wed Apr  9 23:53:32 2025",
  "global options" : {
    "kb_base" : "1024",
    "runtime" : "600"
  },
  "jobs" : [
    {
      "jobname" : "nfsv4-randwrite-4194304-blk65536-iod4",
      "groupid" : 0,
      "job_start" : 1744242812019,
      "error" : 0,
      "eta" : 2147483647,
      "elapsed" : 1,
      "job options" : {
        "stonewall" : "",
        "rw" : "randwrite",
        "size" : "4194304",
        "bs" : "65536",
        "iodepth" : "4",
        "filename" : "/scratch/adam/fsbench/nfsv4/nfsv4-randwrite-4194304-blk65536-iod4.bin"
      },
      "read" : {
        "io_bytes" : 0,
        "io_kbytes" : 0,
        "bw_bytes" : 0,
        "bw" : 0,
        "iops" : 0.000000,
        "runtime" : 0,
        "total_ios" : 0,
        "short_ios" : 0,
        "drop_ios" : 0,
        "slat_ns" : {
          "min" : 0,
          "max" : 0,
          "mean" : 0.000000,
          "stddev" : 0.000000,
          "N" : 0
        },
        "clat_ns" : {
          "min" : 0,
          "max" : 0,
          "mean" : 0.000000,
          "stddev" : 0.000000,
          "N" : 0
        },
        "lat_ns" : {
          "min" : 0,
          "max" : 0,
          "mean" : 0.000000,
          "stddev" : 0.000000,
          "N" : 0
        },
        "bw_min" : 0,
        "bw_max" : 0,
        "bw_agg" : 0.000000,
        "bw_mean" : 0.000000,
        "bw_dev" : 0.000000,
        "bw_samples" : 0,
        "iops_min" : 0,
        "iops_max" : 0,
        "iops_mean" : 0.000000,
        "iops_stddev" : 0.000000,
        "iops_samples" : 0
      },
      "write" : {
        "io_bytes" : 4194304,
        "io_kbytes" : 4096,
        "bw_bytes" : 1048576000,
        "bw" : 1024000,
        "iops" : 16000.000000,
        "runtime" : 4,
        "total_ios" : 64,
        "short_ios" : 0,
        "drop_ios" : 0,
        "slat_ns" : {
          "min" : 0,
          "max" : 0,
          "mean" : 0.000000,
          "stddev" : 0.000000,
          "N" : 0
        },
        "clat_ns" : {
          "min" : 25926,
          "max" : 63529,
          "mean" : 31561.046875,
          "stddev" : 7482.534630,
          "N" : 64,
          "percentile" : {
            "1.000000" : 25984,
            "5.000000" : 26496,
            "10.000000" : 27008,
            "20.000000" : 27264,
            "30.000000" : 27520,
            "40.000000" : 28032,
            "50.000000" : 28288,
            "60.000000" : 28800,
            "70.000000" : 32384,
            "80.000000" : 34048,
            "90.000000" : 37632,
            "95.000000" : 45312,
            "99.000000" : 63744,
            "99.500000" : 63744,
            "99.900000" : 63744,
            "99.950000" : 63744,
            "99.990000" : 63744
          },
          "bins" : {
            "25984" : 1,
            "26240" : 2,
            "26496" : 2,
            "26752" : 1,
            "27008" : 6,
            "27264" : 5,
            "27520" : 5,
            "27776" : 3,
            "28032" : 6,
            "28288" : 3,
            "28544" : 2,
            "28800" : 3,
            "29568" : 2,
            "30592" : 1,
            "31872" : 2,
            "32384" : 1,
            "33536" : 2,
            "34048" : 5,
            "35072" : 1,
            "36608" : 2,
            "37120" : 2,
            "37632" : 1,
            "39168" : 1,
            "40192" : 1,
            "45312" : 1,
            "55040" : 1,
            "59136" : 1,
            "63744" : 1
          }
        },
        "lat_ns" : {
          "min" : 26276,
          "max" : 70550,
          "mean" : 32091.843750,
          "stddev" : 8213.450270,
          "N" : 64
        },
        "bw_min" : 0,
        "bw_max" : 0,
        "bw_agg" : 0.000000,
        "bw_mean" : 0.000000,
        "bw_dev" : 0.000000,
        "bw_samples" : 0,
        "iops_min" : 0,
        "iops_max" : 0,
        "iops_mean" : 0.000000,
        "iops_stddev" : 0.000000,
        "iops_samples" : 0
      },
      "trim" : {
        "io_bytes" : 0,
        "io_kbytes" : 0,
        "bw_bytes" : 0,
        "bw" : 0,
        "iops" : 0.000000,
        "runtime" : 0,
        "total_ios" : 0,
        "short_ios" : 0,
        "drop_ios" : 0,
        "slat_ns" : {
          "min" : 0,
          "max" : 0,
          "mean" : 0.000000,
          "stddev" : 0.000000,
          "N" : 0
        },
        "clat_ns" : {
          "min" : 0,
          "max" : 0,
          "mean" : 0.000000,
          "stddev" : 0.000000,
          "N" : 0
        },
        "lat_ns" : {
          "min" : 0,
          "max" : 0,
          "mean" : 0.000000,
          "stddev" : 0.000000,
          "N" : 0
        },
        "bw_min" : 0,
        "bw_max" : 0,
        "bw_agg" : 0.000000,
        "bw_mean" : 0.000000,
        "bw_dev" : 0.000000,
        "bw_samples" : 0,
        "iops_min" : 0,
        "iops_max" : 0,
        "iops_mean" : 0.000000,
        "iops_stddev" : 0.000000,
        "iops_samples" : 0
      },
      "sync" : {
        "total_ios" : 0,
        "lat_ns" : {
          "min" : 0,
          "max" : 0,
          "mean" : 0.000000,
          "stddev" : 0.000000,
          "N" : 0
        }
      },
      "job_runtime" : 3,
      "usr_cpu" : 0.000000,
      "sys_cpu" : 33.333333,
      "ctx" : 1,
      "majf" : 0,
      "minf" : 7,
      "iodepth_level" : {
        "1" : 100.000000,
        "2" : 0.000000,
        "4" : 0.000000,
        "8" : 0.000000,
        "16" : 0.000000,
        "32" : 0.000000,
        ">=64" : 0.000000
      },
      "iodepth_submit" : {
        "0" : 0.000000,
        "4" : 100.000000,
        "8" : 0.000000,
        "16" : 0.000000,
        "32" : 0.000000,
        "64" : 0.000000,
        ">=64" : 0.000000
      },
      "iodepth_complete" : {
        "0" : 0.000000,
        "4" : 100.000000,
        "8" : 0.000000,
        "16" : 0.000000,
        "32" : 0.000000,
        "64" : 0.000000,
        ">=64" : 0.000000
      },
      "latency_ns" : {
        "2" : 0.000000,
        "4" : 0.000000,
        "10" : 0.000000,
        "20" : 0.000000,
        "50" : 0.000000,
        "100" : 0.000000,
        "250" : 0.000000,
        "500" : 0.000000,
        "750" : 0.000000,
        "1000" : 0.000000
      },
      "latency_us" : {
        "2" : 0.000000,
        "4" : 0.000000,
        "10" : 0.000000,
        "20" : 0.000000,
        "50" : 95.312500,
        "100" : 4.687500,
        "250" : 0.000000,
        "500" : 0.000000,
        "750" : 0.000000,
        "1000" : 0.000000
      },
      "latency_ms" : {
        "2" : 0.000000,
        "4" : 0.000000,
        "10" : 0.000000,
        "20" : 0.000000,
        "50" : 0.000000,
        "100" : 0.000000,
        "250" : 0.000000,
        "500" : 0.000000,
        "750" : 0.000000,
        "1000" : 0.000000,
        "2000" : 0.000000,
        ">=2000" : 0.000000
      },
      "latency_depth" : 4,
      "latency_target" : 0,
      "latency_percentile" : 100.000000,
      "latency_window" : 0
    }
  ]
}
