{
  "fio version" : "fio-3.39-38-gf18c",
  "timestamp" : 1744242785,
  "timestamp_ms" : 1744242785008,
  "time" : "Wed Apr  9 23:53:05 2025",
  "global options" : {
    "kb_base" : "1024",
    "runtime" : "600"
  },
  "jobs" : [
    {
      "jobname" : "nfsv3-randwrite-262144-blk256-iod1",
      "groupid" : 0,
      "job_start" : 1744242784867,
      "error" : 0,
      "eta" : 2147483647,
      "elapsed" : 1,
      "job options" : {
        "stonewall" : "",
        "rw" : "randwrite",
        "size" : "262144",
        "bs" : "256",
        "iodepth" : "1",
        "filename" : "/nfsv3/scratch/adam/fsbench/nfsv3/nfsv3-randwrite-262144-blk256-iod1.bin"
      },
      "read" : {
        "io_bytes" : 0,
        "io_kbytes" : 0,
        "bw_bytes" : 0,
        "bw" : 0,
        "iops" : 0.000000,
        "runtime" : 0,
        "total_ios" : 0,
        "short_ios" : 0,
        "drop_ios" : 0,
        "slat_ns" : {
          "min" : 0,
          "max" : 0,
          "mean" : 0.000000,
          "stddev" : 0.000000,
          "N" : 0
        },
        "clat_ns" : {
          "min" : 0,
          "max" : 0,
          "mean" : 0.000000,
          "stddev" : 0.000000,
          "N" : 0
        },
        "lat_ns" : {
          "min" : 0,
          "max" : 0,
          "mean" : 0.000000,
          "stddev" : 0.000000,
          "N" : 0
        },
        "bw_min" : 0,
        "bw_max" : 0,
        "bw_agg" : 0.000000,
        "bw_mean" : 0.000000,
        "bw_dev" : 0.000000,
        "bw_samples" : 0,
        "iops_min" : 0,
        "iops_max" : 0,
        "iops_mean" : 0.000000,
        "iops_stddev" : 0.000000,
        "iops_samples" : 0
      },
      "write" : {
        "io_bytes" : 262144,
        "io_kbytes" : 256,
        "bw_bytes" : 3640888,
        "bw" : 3555,
        "iops" : 14222.222222,
        "runtime" : 72,
        "total_ios" : 1024,
        "short_ios" : 0,
        "drop_ios" : 0,
        "slat_ns" : {
          "min" : 0,
          "max" : 0,
          "mean" : 0.000000,
          "stddev" : 0.000000,
          "N" : 0
        },
        "clat_ns" : {
          "min" : 857,
          "max" : 1895912,
          "mean" : 67459.481445,
          "stddev" : 263834.160808,
          "N" : 1024,
          "percentile" : {
            "1.000000" : 908,
            "5.000000" : 924,
            "10.000000" : 932,
            "20.000000" : 948,
            "30.000000" : 972,
            "40.000000" : 980,
            "50.000000" : 996,
            "60.000000" : 1020,
            "70.000000" : 1160,
            "80.000000" : 1352,
            "90.000000" : 2224,
            "95.000000" : 995328,
            "99.000000" : 1204224,
            "99.500000" : 1236992,
            "99.900000" : 1548288,
            "99.950000" : 1892352,
            "99.990000" : 1892352
          },
          "bins" : {
            "860" : 3,
            "868" : 2,
            "876" : 1,
            "892" : 1,
            "900" : 1,
            "908" : 15,
            "916" : 20,
            "924" : 47,
            "932" : 55,
            "940" : 46,
            "948" : 33,
            "956" : 29,
            "964" : 36,
            "972" : 63,
            "980" : 60,
            "988" : 67,
            "996" : 54,
            "1004" : 47,
            "1012" : 31,
            "1020" : 15,
            "1032" : 12,
            "1048" : 18,
            "1064" : 10,
            "1080" : 11,
            "1096" : 7,
            "1112" : 11,
            "1128" : 9,
            "1144" : 6,
            "1160" : 13,
            "1176" : 8,
            "1192" : 6,
            "1208" : 15,
            "1224" : 12,
            "1240" : 10,
            "1256" : 7,
            "1272" : 10,
            "1288" : 10,
            "1304" : 6,
            "1320" : 8,
            "1336" : 1,
            "1352" : 7,
            "1368" : 2,
            "1384" : 3,
            "1400" : 5,
            "1416" : 4,
            "1432" : 3,
            "1448" : 3,
            "1464" : 7,
            "1480" : 2,
            "1496" : 5,
            "1512" : 2,
            "1528" : 5,
            "1544" : 2,
            "1560" : 2,
            "1576" : 1,
            "1592" : 2,
            "1624" : 1,
            "1640" : 2,
            "1656" : 1,
            "1672" : 4,
            "1688" : 1,
            "1704" : 2,
            "1720" : 3,
            "1736" : 1,
            "1752" : 2,
            "1768" : 2,
            "1784" : 5,
            "1800" : 1,
            "1832" : 2,
            "1848" : 1,
            "1880" : 1,
            "1912" : 2,
            "1928" : 1,
            "1960" : 1,
            "1976" : 1,
            "1992" : 2,
            "2008" : 1,
            "2024" : 1,
            "2064" : 1,
            "2096" : 3,
            "2128" : 3,
            "2160" : 2,
            "2224" : 4,
            "2768" : 1,
            "2832" : 1,
            "2992" : 2,
            "3120" : 1,
            "3152" : 1,
            "3408" : 1,
            "3440" : 2,
            "3472" : 1,
            "3536" : 2,
            "3696" : 1,
            "3728" : 2,
            "3760" : 1,
            "3824" : 1,
            "4016" : 1,
            "4048" : 1,
            "4080" : 1,
            "4128" : 3,
            "4192" : 1,
            "4256" : 2,
            "4384" : 1,
            "4512" : 2,
            "4576" : 1,
            "4640" : 2,
            "4768" : 1,
            "4960" : 1,
            "5472" : 1,
            "5792" : 1,
            "8512" : 1,
            "9152" : 1,
            "14016" : 1,
            "24960" : 1,
            "962560" : 1,
            "970752" : 4,
            "978944" : 2,
            "987136" : 2,
            "995328" : 6,
            "1003520" : 3,
            "1011712" : 3,
            "1019904" : 4,
            "1028096" : 3,
            "1036288" : 5,
            "1056768" : 7,
            "1073152" : 2,
            "1089536" : 1,
            "1105920" : 2,
            "1122304" : 2,
            "1138688" : 1,
            "1171456" : 1,
            "1187840" : 2,
            "1204224" : 3,
            "1220608" : 2,
            "1236992" : 1,
            "1335296" : 1,
            "1417216" : 1,
            "1466368" : 1,
            "1548288" : 1,
            "1892352" : 1
          }
        },
        "lat_ns" : {
          "min" : 889,
          "max" : 1896386,
          "mean" : 67531.322266,
          "stddev" : 263921.518015,
          "N" : 1024
        },
        "bw_min" : 0,
        "bw_max" : 0,
        "bw_agg" : 0.000000,
        "bw_mean" : 0.000000,
        "bw_dev" : 0.000000,
        "bw_samples" : 0,
        "iops_min" : 0,
        "iops_max" : 0,
        "iops_mean" : 0.000000,
        "iops_stddev" : 0.000000,
        "iops_samples" : 0
      },
      "trim" : {
        "io_bytes" : 0,
        "io_kbytes" : 0,
        "bw_bytes" : 0,
        "bw" : 0,
        "iops" : 0.000000,
        "runtime" : 0,
        "total_ios" : 0,
        "short_ios" : 0,
        "drop_ios" : 0,
        "slat_ns" : {
          "min" : 0,
          "max" : 0,
          "mean" : 0.000000,
          "stddev" : 0.000000,
          "N" : 0
        },
        "clat_ns" : {
          "min" : 0,
          "max" : 0,
          "mean" : 0.000000,
          "stddev" : 0.000000,
          "N" : 0
        },
        "lat_ns" : {
          "min" : 0,
          "max" : 0,
          "mean" : 0.000000,
          "stddev" : 0.000000,
          "N" : 0
        },
        "bw_min" : 0,
        "bw_max" : 0,
        "bw_agg" : 0.000000,
        "bw_mean" : 0.000000,
        "bw_dev" : 0.000000,
        "bw_samples" : 0,
        "iops_min" : 0,
        "iops_max" : 0,
        "iops_mean" : 0.000000,
        "iops_stddev" : 0.000000,
        "iops_samples" : 0
      },
      "sync" : {
        "total_ios" : 0,
        "lat_ns" : {
          "min" : 0,
          "max" : 0,
          "mean" : 0.000000,
          "stddev" : 0.000000,
          "N" : 0
        }
      },