{
  "fio version" : "fio-3.39-38-gf18c",
  "timestamp" : 1744245037,
  "timestamp_ms" : 1744245037755,
  "time" : "Thu Apr 10 00:30:37 2025",
  "global options" : {
    "kb_base" : "1024",
    "runtime" : "600"
  },
  "jobs" : [
    {
      "jobname" : "nfsv4-randwrite-1073741824-blk65536-iod4",
      "groupid" : 0,
      "job_start" : 1744245029618,
      "error" : 0,
      "eta" : 0,
      "elapsed" : 9,
      "job options" : {
        "stonewall" : "",
        "rw" : "randwrite",
        "size" : "1073741824",
        "bs" : "65536",
        "iodepth" : "4",
        "filename" : "/scratch/adam/fsbench/nfsv4/nfsv4-randwrite-1073741824-blk65536-iod4.bin"
      },
      "read" : {
        "io_bytes" : 0,
        "io_kbytes" : 0,
        "bw_bytes" : 0,
        "bw" : 0,
        "iops" : 0.000000,
        "runtime" : 0,
        "total_ios" : 0,
        "short_ios" : 0,
        "drop_ios" : 0,
        "slat_ns" : {
          "min" : 0,
          "max" : 0,
          "mean" : 0.000000,
          "stddev" : 0.000000,
          "N" : 0
        },
        "clat_ns" : {
          "min" : 0,
          "max" : 0,
          "mean" : 0.000000,
          "stddev" : 0.000000,
          "N" : 0
        },
        "lat_ns" : {
          "min" : 0,
          "max" : 0,
          "mean" : 0.000000,
          "stddev" : 0.000000,
          "N" : 0
        },
        "bw_min" : 0,
        "bw_max" : 0,
        "bw_agg" : 0.000000,
        "bw_mean" : 0.000000,
        "bw_dev" : 0.000000,
        "bw_samples" : 0,
        "iops_min" : 0,
        "iops_max" : 0,
        "iops_mean" : 0.000000,
        "iops_stddev" : 0.000000,
        "iops_samples" : 0
      },
      "write" : {
        "io_bytes" : 1073741824,
        "io_kbytes" : 1048576,
        "bw_bytes" : 2209345316,
        "bw" : 2157563,
        "iops" : 33711.934156,
        "runtime" : 486,
        "total_ios" : 16384,
        "short_ios" : 0,
        "drop_ios" : 0,
        "slat_ns" : {
          "min" : 0,
          "max" : 0,
          "mean" : 0.000000,
          "stddev" : 0.000000,
          "N" : 0
        },
        "clat_ns" : {
          "min" : 24231,
          "max" : 162398,
          "mean" : 28945.953552,
          "stddev" : 4428.341204,
          "N" : 16384,
          "percentile" : {
            "1.000000" : 24960,
            "5.000000" : 25472,
            "10.000000" : 25728,
            "20.000000" : 25984,
            "30.000000" : 26496,
            "40.000000" : 26752,
            "50.000000" : 27264,
            "60.000000" : 27776,
            "70.000000" : 29568,
            "80.000000" : 31616,
            "90.000000" : 34048,
            "95.000000" : 37120,
            "99.000000" : 45312,
            "99.500000" : 48896,
            "99.900000" : 59136,
            "99.950000" : 62208,
            "99.990000" : 71168
          },
          "bins" : {
            "24192" : 4,
            "24448" : 16,
            "24704" : 52,
            "24960" : 158,
            "25216" : 400,
            "25472" : 633,
            "25728" : 978,
            "25984" : 1079,
            "26240" : 1277,
            "26496" : 1245,
            "26752" : 1205,
            "27008" : 1010,
            "27264" : 769,
            "27520" : 626,
            "27776" : 450,
            "28032" : 318,
            "28288" : 258,
            "28544" : 199,
            "28800" : 170,
            "29056" : 230,
            "29312" : 265,
            "29568" : 286,
            "29824" : 306,
            "30080" : 290,
            "30336" : 243,
            "30592" : 208,
            "30848" : 161,
            "31104" : 127,
            "31360" : 118,
            "31616" : 90,
            "31872" : 122,
            "32128" : 159,
            "32384" : 188,
            "32640" : 189,
            "33024" : 412,
            "33536" : 385,
            "34048" : 253,
            "34560" : 202,
            "35072" : 137,
            "35584" : 115,
            "36096" : 86,
            "36608" : 85,
            "37120" : 77,
            "37632" : 74,
            "38144" : 62,
            "38656" : 57,
            "39168" : 58,
            "39680" : 53,
            "40192" : 47,
            "40704" : 38,
            "41216" : 38,
            "41728" : 28,
            "42240" : 33,
            "42752" : 34,
            "43264" : 23,
            "43776" : 32,
            "44288" : 25,
            "44800" : 20,
            "45312" : 19,
            "45824" : 25,
            "46336" : 11,
            "46848" : 9,
            "47360" : 10,
            "47872" : 10,
            "48384" : 7,
            "48896" : 10,
            "49408" : 6,
            "49920" : 7,
            "50432" : 8,
            "50944" : 2,
            "51456" : 1,
            "51968" : 10,
            "52480" : 2,
            "52992" : 5,
            "53504" : 3,
            "54016" : 3,
            "54528" : 1,
            "55040" : 3,
            "55552" : 3,
            "56064" : 1,
            "56576" : 1,
            "57088" : 3,
            "58112" : 2,
            "58624" : 1,
            "59136" : 2,
            "59648" : 1,
            "60160" : 2,
            "61184" : 1,
            "61696" : 1,
            "62208" : 3,
            "62720" : 1,
            "64256" : 2,
            "64768" : 1,
            "65280" : 1,
            "70144" : 1,
            "71168" : 1,
            "162816" : 1
          }
        },
        "lat_ns" : {
          "min" : 24526,
          "max" : 162757,
          "mean" : 29285.242004,
          "stddev" : 4450.722987,
          "N" : 16384
        },
        "bw_min" : 2097152,
        "bw_max" : 2097152,
        "bw_agg" : 97.200000,
        "bw_mean" : 2097152.000000,
        "bw_dev" : 0.000000,
        "bw_samples" : 1,
        "iops_min" : 32768,
        "iops_max" : 32768,
        "iops_mean" : 32768.000000,
        "iops_stddev" : 0.000000,
        "iops_samples" : 1
      },
      "trim" : {
        "io_bytes" : 0,
        "io_kbytes" : 0,
        "bw_bytes" : 0,
        "bw" : 0,
        "iops" : 0.000000,
        "runtime" : 0,
        "total_ios" : 0,
        "short_ios" : 0,
        "drop_ios" : 0,
        "slat_ns" : {
          "min" : 0,
          "max" : 0,
          "mean" : 0.000000,
          "stddev" : 0.000000,
          "N" : 0
        },
        "clat_ns" : {
          "min" : 0,
          "max" : 0,
          "mean" : 0.000000,
          "stddev" : 0.000000,
          "N" : 0
        },
        "lat_ns" : {
          "min" : 0,
          "max" : 0,
          "mean" : 0.000000,
          "stddev" : 0.000000,
          "N" : 0
        },
        "bw_min" : 0,
        "bw_max" : 0,
        "bw_agg" : 0.000000,
        "bw_mean" : 0.000000,
        "bw_dev" : 0.000000,
        "bw_samples" : 0,
        "iops_min" : 0,
        "iops_max" : 0,
        "iops_mean" : 0.000000,
        "iops_stddev" : 0.000000,
        "iops_samples" : 0
      },
      "sync" : {
        "total_ios" : 0,
        "lat_ns" : {
          "min" : 0,
          "max" : 0,
          "mean" : 0.000000,
          "stddev" : 0.000000,
          "N" : 0
        }
      },
      "job_runtime" : 485,
      "usr_cpu" : 3.092784,
      "sys_cpu" : 96.494845,
      "ctx" : 2,
      "majf" : 0,
      "minf" : 7,
      "iodepth_level" : {
        "1" : 100.000000,
        "2" : 0.000000,
        "4" : 0.000000,
        "8" : 0.000000,
        "16" : 0.000000,
        "32" : 0.000000,
        ">=64" : 0.000000
      },
      "iodepth_submit" : {
        "0" : 0.000000,
        "4" : 100.000000,
        "8" : 0.000000,
        "16" : 0.000000,
        "32" : 0.000000,
        "64" : 0.000000,
        ">=64" : 0.000000
      },
      "iodepth_complete" : {
        "0" : 0.000000,
        "4" : 100.000000,
        "8" : 0.000000,
        "16" : 0.000000,
        "32" : 0.000000,
        "64" : 0.000000,
        ">=64" : 0.000000
      },
      "latency_ns" : {
        "2" : 0.000000,
        "4" : 0.000000,