{
  "fio version" : "fio-3.39-38-gf18c",
  "timestamp" : 1744238146,
  "timestamp_ms" : 1744238146795,
  "time" : "Wed Apr  9 22:35:46 2025",
  "global options" : {
    "kb_base" : "1024",
    "runtime" : "600"
  },
  "jobs" : [
    {
      "jobname" : "nfsv3-write-262144-blk256-iod4",
      "groupid" : 0,
      "job_start" : 1744238146654,
      "error" : 0,
      "eta" : 2147483647,
      "elapsed" : 1,
      "job options" : {
        "stonewall" : "",
        "rw" : "write",
        "size" : "262144",
        "bs" : "256",
        "iodepth" : "4",
        "filename" : "/nfsv3/scratch/adam/fsbench/nfsv3/nfsv3-write-262144-blk256-iod4.bin"
      },
      "read" : {
        "io_bytes" : 0,
        "io_kbytes" : 0,
        "bw_bytes" : 0,
        "bw" : 0,
        "iops" : 0.000000,
        "runtime" : 0,
        "total_ios" : 0,
        "short_ios" : 0,
        "drop_ios" : 0,
        "slat_ns" : {
          "min" : 0,
          "max" : 0,
          "mean" : 0.000000,
          "stddev" : 0.000000,
          "N" : 0
        },
        "clat_ns" : {
          "min" : 0,
          "max" : 0,
          "mean" : 0.000000,
          "stddev" : 0.000000,
          "N" : 0
        },
        "lat_ns" : {
          "min" : 0,
          "max" : 0,
          "mean" : 0.000000,
          "stddev" : 0.000000,
          "N" : 0
        },
        "bw_min" : 0,
        "bw_max" : 0,
        "bw_agg" : 0.000000,
        "bw_mean" : 0.000000,
        "bw_dev" : 0.000000,
        "bw_samples" : 0,
        "iops_min" : 0,
        "iops_max" : 0,
        "iops_mean" : 0.000000,
        "iops_stddev" : 0.000000,
        "iops_samples" : 0
      },
      "write" : {
        "io_bytes" : 262144,
        "io_kbytes" : 256,
        "bw_bytes" : 65536000,
        "bw" : 64000,
        "iops" : 256000.000000,
        "runtime" : 4,
        "total_ios" : 1024,
        "short_ios" : 0,
        "drop_ios" : 0,
        "slat_ns" : {
          "min" : 0,
          "max" : 0,
          "mean" : 0.000000,
          "stddev" : 0.000000,
          "N" : 0
        },
        "clat_ns" : {
          "min" : 770,
          "max" : 28915,
          "mean" : 948.984375,
          "stddev" : 1046.703053,
          "N" : 1024,
          "percentile" : {
            "1.000000" : 772,
            "5.000000" : 780,
            "10.000000" : 780,
            "20.000000" : 780,
            "30.000000" : 788,
            "40.000000" : 820,
            "50.000000" : 828,
            "60.000000" : 836,
            "70.000000" : 836,
            "80.000000" : 844,
            "90.000000" : 900,
            "95.000000" : 1816,
            "99.000000" : 2704,
            "99.500000" : 3280,
            "99.900000" : 11712,
            "99.950000" : 28800,
            "99.990000" : 28800
          },
          "bins" : {
            "772" : 29,
            "780" : 246,
            "788" : 56,
            "796" : 14,
            "804" : 26,
            "812" : 31,
            "820" : 24,
            "828" : 101,
            "836" : 254,
            "844" : 77,
            "852" : 10,
            "860" : 3,
            "868" : 2,
            "876" : 1,
            "884" : 1,
            "892" : 28,
            "900" : 40,
            "908" : 11,
            "916" : 1,
            "932" : 1,
            "972" : 1,
            "1560" : 1,
            "1672" : 1,
            "1688" : 1,
            "1704" : 1,
            "1720" : 1,
            "1736" : 4,
            "1752" : 1,
            "1768" : 3,
            "1784" : 1,
            "1800" : 1,
            "1816" : 1,
            "1848" : 3,
            "1864" : 1,
            "1880" : 4,
            "1896" : 2,
            "1912" : 2,
            "1928" : 2,
            "1944" : 2,
            "1960" : 2,
            "1976" : 1,
            "1992" : 3,
            "2008" : 1,
            "2064" : 4,
            "2096" : 1,
            "2128" : 2,
            "2160" : 1,
            "2192" : 2,
            "2224" : 1,
            "2288" : 1,
            "2320" : 1,
            "2448" : 1,
            "2512" : 1,
            "2608" : 1,
            "2640" : 1,
            "2704" : 1,
            "2768" : 1,
            "2960" : 1,
            "3056" : 1,
            "3216" : 1,
            "3280" : 1,
            "3312" : 1,
            "4640" : 1,
            "10944" : 1,
            "11712" : 1,
            "28800" : 1
          }
        },
        "lat_ns" : {
          "min" : 800,
          "max" : 31136,
          "mean" : 985.249023,
          "stddev" : 1104.455166,
          "N" : 1024
        },
        "bw_min" : 0,
        "bw_max" : 0,
        "bw_agg" : 0.000000,
        "bw_mean" : 0.000000,
        "bw_dev" : 0.000000,
        "bw_samples" : 0,
        "iops_min" : 0,
        "iops_max" : 0,
        "iops_mean" : 0.000000,
        "iops_stddev" : 0.000000,
        "iops_samples" : 0
      },
      "trim" : {
        "io_bytes" : 0,
        "io_kbytes" : 0,
        "bw_bytes" : 0,
        "bw" : 0,
        "iops" : 0.000000,
        "runtime" : 0,
        "total_ios" : 0,
        "short_ios" : 0,
        "drop_ios" : 0,
        "slat_ns" : {
          "min" : 0,
          "max" : 0,
          "mean" : 0.000000,
          "stddev" : 0.000000,
          "N" : 0
        },
        "clat_ns" : {
          "min" : 0,
          "max" : 0,
          "mean" : 0.000000,
          "stddev" : 0.000000,
          "N" : 0
        },
        "lat_ns" : {
          "min" : 0,
          "max" : 0,
          "mean" : 0.000000,
          "stddev" : 0.000000,
          "N" : 0
        },
        "bw_min" : 0,
        "bw_max" : 0,
        "bw_agg" : 0.000000,
        "bw_mean" : 0.000000,
        "bw_dev" : 0.000000,
        "bw_samples" : 0,
        "iops_min" : 0,
        "iops_max" : 0,
        "iops_mean" : 0.000000,
        "iops_stddev" : 0.000000,
        "iops_samples" : 0
      },
      "sync" : {
        "total_ios" : 0,
        "lat_ns" : {
          "min" : 0,
          "max" : 0,
          "mean" : 0.000000,
          "stddev" : 0.000000,
          "N" : 0
        }
      },
      "job_runtime" : 3,
      "usr_cpu" : 0.000000,
      "sys_cpu" : 0.000000,
      "ctx" : 2,
      "majf" : 0,
      "minf" : 7,
      "iodepth_level" : {
        "1" : 100.000000,
        "2" : 0.000000,
        "4" : 0.000000,
        "8" : 0.000000,
        "16" : 0.000000,
        "32" : 0.000000,
        ">=64" : 0.000000
      },
      "iodepth_submit" : {
        "0" : 0.000000,
        "4" : 100.000000,
        "8" : 0.000000,
        "16" : 0.000000,
        "32" : 0.000000,
        "64" : 0.000000,
        ">=64" : 0.000000
      },
      "iodepth_complete" : {
        "0" : 0.000000,
        "4" : 100.000000,
        "8" : 0.000000,
        "16" : 0.000000,
        "32" : 0.000000,
        "64" : 0.000000,
        ">=64" : 0.000000
      },
      "latency_ns" : {
        "2" : 0.000000,
        "4" : 0.000000,
        "10" : 0.000000,
        "20" : 0.000000,
        "50" : 0.000000,
        "100" : 0.000000,
        "250" : 0.000000,
        "500" : 0.000000,
        "750" : 0.000000,
        "1000" : 93.457031
      },
      "latency_us" : {
        "2" : 3.710938,
        "4" : 2.441406,
        "10" : 0.097656,
        "20" : 0.195312,
        "50" : 0.097656,
        "100" : 0.000000,
        "250" : 0.000000,
        "500" : 0.000000,
        "750" : 0.000000,
        "1000" : 0.000000
      },
      "latency_ms" : {
        "2" : 0.000000,
        "4" : 0.000000,
        "10" : 0.000000,
        "20" : 0.000000,
        "50" : 0.000000,
        "100" : 0.000000,
        "250" : 0.000000,
        "500" : 0.000000,
        "750" : 0.000000,
        "1000" : 0.000000,
        "2000" : 0.000000,
        ">=2000" : 0.000000
      },
      "latency_depth" : 4,
      "latency_target" : 0,
      "latency_percentile" : 100.000000,
      "latency_window" : 0
    }
  ]
}
