{
  "fio version" : "fio-3.39-38-gf18c",
  "timestamp" : 1744238208,
  "timestamp_ms" : 1744238208995,
  "time" : "Wed Apr  9 22:36:48 2025",
  "global options" : {
    "kb_base" : "1024",
    "runtime" : "600"
  },
  "jobs" : [
    {
      "jobname" : "nfsv4-write-1073741824-blk256-iod1",
      "groupid" : 0,
      "job_start" : 1744238196358,
      "error" : 0,
      "eta" : 0,
      "elapsed" : 13,
      "job options" : {
        "stonewall" : "",
        "rw" : "write",
        "size" : "1073741824",
        "bs" : "256",
        "iodepth" : "1",
        "filename" : "/scratch/adam/fsbench/nfsv4/nfsv4-write-1073741824-blk256-iod1.bin"
      },
      "read" : {
        "io_bytes" : 0,
        "io_kbytes" : 0,
        "bw_bytes" : 0,
        "bw" : 0,
        "iops" : 0.000000,
        "runtime" : 0,
        "total_ios" : 0,
        "short_ios" : 0,
        "drop_ios" : 0,
        "slat_ns" : {
          "min" : 0,
          "max" : 0,
          "mean" : 0.000000,
          "stddev" : 0.000000,
          "N" : 0
        },
        "clat_ns" : {
          "min" : 0,
          "max" : 0,
          "mean" : 0.000000,
          "stddev" : 0.000000,
          "N" : 0
        },
        "lat_ns" : {
          "min" : 0,
          "max" : 0,
          "mean" : 0.000000,
          "stddev" : 0.000000,
          "N" : 0
        },
        "bw_min" : 0,
        "bw_max" : 0,
        "bw_agg" : 0.000000,
        "bw_mean" : 0.000000,
        "bw_dev" : 0.000000,
        "bw_samples" : 0,
        "iops_min" : 0,
        "iops_max" : 0,
        "iops_mean" : 0.000000,
        "iops_stddev" : 0.000000,
        "iops_samples" : 0
      },
      "write" : {
        "io_bytes" : 1073741824,
        "io_kbytes" : 1048576,
        "bw_bytes" : 211034163,
        "bw" : 206088,
        "iops" : 824352.201258,
        "runtime" : 5088,
        "total_ios" : 4194304,
        "short_ios" : 0,
        "drop_ios" : 0,
        "slat_ns" : {
          "min" : 0,
          "max" : 0,
          "mean" : 0.000000,
          "stddev" : 0.000000,
          "N" : 0
        },
        "clat_ns" : {
          "min" : 757,
          "max" : 184730,
          "mean" : 991.292274,
          "stddev" : 721.750894,
          "N" : 4194304,
          "percentile" : {
            "1.000000" : 780,
            "5.000000" : 780,
            "10.000000" : 788,
            "20.000000" : 804,
            "30.000000" : 820,
            "40.000000" : 852,
            "50.000000" : 876,
            "60.000000" : 884,
            "70.000000" : 900,
            "80.000000" : 924,
            "90.000000" : 1240,
            "95.000000" : 1912,
            "99.000000" : 2896,
            "99.500000" : 3600,
            "99.900000" : 8640,
            "99.950000" : 10816,
            "99.990000" : 18304
          },
          "bins" : {
            "756" : 18,
            "764" : 1724,
            "772" : 36660,
            "780" : 247388,
            "788" : 306762,
            "796" : 246278,
            "804" : 297467,
            "812" : 112394,
            "820" : 135730,
            "828" : 87213,
            "836" : 56962,
            "844" : 99320,
            "852" : 100223,
            "860" : 133837,
            "868" : 198945,
            "876" : 239923,
            "884" : 317996,
            "892" : 254375,
            "900" : 226603,
            "908" : 136738,
            "916" : 99078,
            "924" : 69365,
            "932" : 44476,
            "940" : 46341,
            "948" : 48324,
            "956" : 41212,
            "964" : 34925,
            "972" : 19840,
            "980" : 15287,
            "988" : 9174,
            "996" : 5129,
            "1004" : 4011,
            "1012" : 3731,
            "1020" : 3727,
            "1032" : 7299,
            "1048" : 5600,
            "1064" : 3580,
            "1080" : 2991,
            "1096" : 3455,
            "1112" : 3746,
            "1128" : 4481,
            "1144" : 5270,
            "1160" : 6270,
            "1176" : 7196,
            "1192" : 8873,
            "1208" : 15705,
            "1224" : 17792,
            "1240" : 12475,
            "1256" : 10225,
            "1272" : 10128,
            "1288" : 11909,
            "1304" : 14341,
            "1320" : 13744,
            "1336" : 10726,
            "1352" : 7518,
            "1368" : 5783,
            "1384" : 4914,
            "1400" : 4586,
            "1416" : 4267,
            "1432" : 3779,
            "1448" : 3131,
            "1464" : 2828,
            "1480" : 2370,
            "1496" : 2166,
            "1512" : 1828,
            "1528" : 1684,
            "1544" : 1473,
            "1560" : 1338,
            "1576" : 1352,
            "1592" : 1614,
            "1608" : 1903,
            "1624" : 2272,
            "1640" : 2486,
            "1656" : 2658,
            "1672" : 2896,
            "1688" : 3041,
            "1704" : 2892,
            "1720" : 3099,
            "1736" : 3381,
            "1752" : 3892,
            "1768" : 4328,
            "1784" : 4705,
            "1800" : 4982,
            "1816" : 5218,
            "1832" : 5068,
            "1848" : 5084,
            "1864" : 5139,
            "1880" : 5001,
            "1896" : 5096,
            "1912" : 5289,
            "1928" : 5574,
            "1944" : 5598,
            "1960" : 5813,
            "1976" : 5896,
            "1992" : 5691,
            "2008" : 5787,
            "2024" : 5435,
            "2040" : 5587,
            "2064" : 10427,
            "2096" : 10189,
            "2128" : 9679,
            "2160" : 8864,
            "2192" : 8213,
            "2224" : 7516,
            "2256" : 6938,
            "2288" : 6261,
            "2320" : 5529,
            "2352" : 4764,
            "2384" : 4358,
            "2416" : 3946,
            "2448" : 3450,
            "2480" : 3158,
            "2512" : 2887,
            "2544" : 2556,
            "2576" : 2513,
            "2608" : 2368,
            "2640" : 2228,
            "2672" : 2134,
            "2704" : 2109,
            "2736" : 1965,
            "2768" : 1923,
            "2800" : 1852,
            "2832" : 1860,
            "2864" : 1778,
            "2896" : 1650,
            "2928" : 1649,
            "2960" : 1613,
            "2992" : 1541,
            "3024" : 1378,
            "3056" : 1355,
            "3088" : 1260,
            "3120" : 1228,
            "3152" : 1172,
            "3184" : 1053,
            "3216" : 992,
            "3248" : 971,
            "3280" : 852,
            "3312" : 759,
            "3344" : 755,
            "3376" : 688,
            "3408" : 678,
            "3440" : 577,
            "3472" : 548,
            "3504" : 510,
            "3536" : 463,
            "3568" : 401,
            "3600" : 357,
            "3632" : 367,
            "3664" : 340,
            "3696" : 311,
            "3728" : 290,
            "3760" : 278,
            "3792" : 258,
            "3824" : 208,
            "3856" : 219,
            "3888" : 209,
            "3920" : 187,
            "3952" : 175,
            "3984" : 196,
            "4016" : 183,
            "4048" : 162,
            "4080" : 177,
            "4128" : 344,
            "4192" : 301,
            "4256" : 281,
            "4320" : 324,
            "4384" : 306,
            "4448" : 311,
            "4512" : 289,
            "4576" : 259,
            "4640" : 271,
            "4704" : 280,
            "4768" : 252,
            "4832" : 264,
            "4896" : 253,
            "4960" : 279,
            "5024" : 241,
            "5088" : 235,
            "5152" : 214,
            "5216" : 198,
            "5280" : 245,
            "5344" : 219,
            "5408" : 222,
            "5472" : 243,
            "5536" : 233,
            "5600" : 240,
            "5664" : 243,
            "5728" : 233,
            "5792" : 218,
            "5856" : 217,
            "5920" : 182,
            "5984" : 191,