{
  "fio version" : "fio-3.39-38-gf18c",
  "timestamp" : 1744242935,
  "timestamp_ms" : 1744242935236,
  "time" : "Wed Apr  9 23:55:35 2025",
  "global options" : {
    "kb_base" : "1024",
    "runtime" : "600"
  },
  "jobs" : [
    {
      "jobname" : "nfsv3-randwrite-67108864-blk4096-iod1",
      "groupid" : 0,
      "job_start" : 1744242934846,
      "error" : 0,
      "eta" : 2147483647,
      "elapsed" : 1,
      "job options" : {
        "stonewall" : "",
        "rw" : "randwrite",
        "size" : "67108864",
        "bs" : "4096",
        "iodepth" : "1",
        "filename" : "/nfsv3/scratch/adam/fsbench/nfsv3/nfsv3-randwrite-67108864-blk4096-iod1.bin"
      },
      "read" : {
        "io_bytes" : 0,
        "io_kbytes" : 0,
        "bw_bytes" : 0,
        "bw" : 0,
        "iops" : 0.000000,
        "runtime" : 0,
        "total_ios" : 0,
        "short_ios" : 0,
        "drop_ios" : 0,
        "slat_ns" : {
          "min" : 0,
          "max" : 0,
          "mean" : 0.000000,
          "stddev" : 0.000000,
          "N" : 0
        },
        "clat_ns" : {
          "min" : 0,
          "max" : 0,
          "mean" : 0.000000,
          "stddev" : 0.000000,
          "N" : 0
        },
        "lat_ns" : {
          "min" : 0,
          "max" : 0,
          "mean" : 0.000000,
          "stddev" : 0.000000,
          "N" : 0
        },
        "bw_min" : 0,
        "bw_max" : 0,
        "bw_agg" : 0.000000,
        "bw_mean" : 0.000000,
        "bw_dev" : 0.000000,
        "bw_samples" : 0,
        "iops_min" : 0,
        "iops_max" : 0,
        "iops_mean" : 0.000000,
        "iops_stddev" : 0.000000,
        "iops_samples" : 0
      },
      "write" : {
        "io_bytes" : 67108864,
        "io_kbytes" : 65536,
        "bw_bytes" : 1290555076,
        "bw" : 1260307,
        "iops" : 315076.923077,
        "runtime" : 52,
        "total_ios" : 16384,
        "short_ios" : 0,
        "drop_ios" : 0,
        "slat_ns" : {
          "min" : 0,
          "max" : 0,
          "mean" : 0.000000,
          "stddev" : 0.000000,
          "N" : 0
        },
        "clat_ns" : {
          "min" : 1812,
          "max" : 195108,
          "mean" : 2677.277588,
          "stddev" : 2684.336052,
          "N" : 16384,
          "percentile" : {
            "1.000000" : 1944,
            "5.000000" : 2008,
            "10.000000" : 2040,
            "20.000000" : 2096,
            "30.000000" : 2160,
            "40.000000" : 2192,
            "50.000000" : 2256,
            "60.000000" : 2352,
            "70.000000" : 2544,
            "80.000000" : 2960,
            "90.000000" : 3248,
            "95.000000" : 3728,
            "99.000000" : 9024,
            "99.500000" : 11072,
            "99.900000" : 21632,
            "99.950000" : 35584,
            "99.990000" : 177152
          },
          "bins" : {
            "1816" : 1,
            "1848" : 1,
            "1864" : 3,
            "1880" : 9,
            "1896" : 25,
            "1912" : 60,
            "1928" : 60,
            "1944" : 78,
            "1960" : 87,
            "1976" : 163,
            "1992" : 262,
            "2008" : 286,
            "2024" : 290,
            "2040" : 349,
            "2064" : 823,
            "2096" : 1127,
            "2128" : 1023,
            "2160" : 1132,
            "2192" : 1004,
            "2224" : 882,
            "2256" : 825,
            "2288" : 633,
            "2320" : 585,
            "2352" : 423,
            "2384" : 365,
            "2416" : 286,
            "2448" : 227,
            "2480" : 198,
            "2512" : 173,
            "2544" : 140,
            "2576" : 123,
            "2608" : 119,
            "2640" : 83,
            "2672" : 85,
            "2704" : 95,
            "2736" : 89,
            "2768" : 116,
            "2800" : 129,
            "2832" : 143,
            "2864" : 165,
            "2896" : 193,
            "2928" : 201,
            "2960" : 215,
            "2992" : 204,
            "3024" : 191,
            "3056" : 217,
            "3088" : 172,
            "3120" : 161,
            "3152" : 148,
            "3184" : 152,
            "3216" : 136,
            "3248" : 112,
            "3280" : 99,
            "3312" : 107,
            "3344" : 95,
            "3376" : 70,
            "3408" : 61,
            "3440" : 54,
            "3472" : 47,
            "3504" : 45,
            "3536" : 41,
            "3568" : 35,
            "3600" : 30,
            "3632" : 23,
            "3664" : 36,
            "3696" : 26,
            "3728" : 29,
            "3760" : 16,
            "3792" : 21,
            "3824" : 20,
            "3856" : 10,
            "3888" : 17,
            "3920" : 10,
            "3952" : 12,
            "3984" : 8,
            "4016" : 7,
            "4048" : 8,
            "4080" : 13,
            "4128" : 22,
            "4192" : 22,
            "4256" : 30,
            "4320" : 29,
            "4384" : 19,
            "4448" : 22,
            "4512" : 13,
            "4576" : 21,
            "4640" : 15,
            "4704" : 18,
            "4768" : 15,
            "4832" : 11,
            "4896" : 13,
            "4960" : 8,
            "5024" : 1,
            "5088" : 3,
            "5152" : 3,
            "5280" : 2,
            "5344" : 3,
            "5408" : 1,
            "5472" : 4,
            "5536" : 4,
            "5600" : 1,
            "5664" : 1,
            "5728" : 1,
            "5792" : 1,
            "5856" : 1,
            "5920" : 1,
            "5984" : 3,
            "6112" : 2,
            "6176" : 1,
            "6240" : 1,
            "6368" : 1,
            "6432" : 3,
            "6496" : 4,
            "6560" : 2,
            "6624" : 2,
            "6688" : 1,
            "6752" : 1,
            "6816" : 1,
            "6880" : 1,
            "6944" : 1,
            "7008" : 4,
            "7200" : 1,
            "7264" : 2,
            "7328" : 1,
            "7392" : 6,
            "7456" : 6,
            "7520" : 2,
            "7584" : 3,
            "7648" : 8,
            "7712" : 11,
            "7776" : 4,
            "7840" : 5,
            "7904" : 11,
            "7968" : 10,
            "8032" : 6,
            "8096" : 9,
            "8160" : 9,
            "8256" : 20,
            "8384" : 19,
            "8512" : 17,
            "8640" : 11,
            "8768" : 17,
            "8896" : 14,
            "9024" : 11,
            "9152" : 16,
            "9280" : 8,
            "9408" : 11,
            "9536" : 7,
            "9664" : 4,
            "9792" : 3,
            "9920" : 6,
            "10048" : 3,
            "10176" : 5,
            "10304" : 4,
            "10432" : 2,
            "10560" : 1,
            "10688" : 1,
            "10816" : 3,
            "10944" : 1,
            "11072" : 3,
            "11200" : 1,
            "11328" : 2,
            "11456" : 3,
            "11584" : 1,
            "11712" : 3,
            "11840" : 3,
            "11968" : 3,
            "12096" : 3,
            "12480" : 3,
            "12608" : 1,
            "12736" : 2,
            "12864" : 2,
            "12992" : 2,
            "13120" : 2,
            "13248" : 2,
            "13632" : 2,
            "13888" : 1,
            "14016" : 1,
            "14400" : 2,
            "14528" : 2,
            "14784" : 2,
            "15040" : 2,
            "15168" : 1,
            "15296" : 1,
            "15552" : 1,
            "15680" : 1,
            "15808" : 1,
            "16064" : 1,
            "16192" : 1,
            "17024" : 1,
            "17280" : 1,
            "17536" : 1,
            "18048" : 2,
            "18304" : 1,
            "18560" : 1,
            "18816" : 2,
            "19328" : 2,
            "20352" : 1,
            "21632" : 1,
            "22656" : 2,
            "23424" : 1,
            "26752" : 1,
            "28800" : 1,
            "30080" : 1,
            "31360" : 1,