{
  "fio version" : "fio-3.39-38-gf18c",
  "timestamp" : 1744245057,
  "timestamp_ms" : 1744245057935,
  "time" : "Thu Apr 10 00:30:57 2025",
  "global options" : {
    "kb_base" : "1024",
    "runtime" : "600"
  },
  "jobs" : [
    {
      "jobname" : "nfsv4-randwrite-1073741824-blk65536-iod16",
      "groupid" : 0,
      "job_start" : 1744245049798,
      "error" : 0,
      "eta" : 0,
      "elapsed" : 9,
      "job options" : {
        "stonewall" : "",
        "rw" : "randwrite",
        "size" : "1073741824",
        "bs" : "65536",
        "iodepth" : "16",
        "filename" : "/scratch/adam/fsbench/nfsv4/nfsv4-randwrite-1073741824-blk65536-iod16.bin"
      },
      "read" : {
        "io_bytes" : 0,
        "io_kbytes" : 0,
        "bw_bytes" : 0,
        "bw" : 0,
        "iops" : 0.000000,
        "runtime" : 0,
        "total_ios" : 0,
        "short_ios" : 0,
        "drop_ios" : 0,
        "slat_ns" : {
          "min" : 0,
          "max" : 0,
          "mean" : 0.000000,
          "stddev" : 0.000000,
          "N" : 0
        },
        "clat_ns" : {
          "min" : 0,
          "max" : 0,
          "mean" : 0.000000,
          "stddev" : 0.000000,
          "N" : 0
        },
        "lat_ns" : {
          "min" : 0,
          "max" : 0,
          "mean" : 0.000000,
          "stddev" : 0.000000,
          "N" : 0
        },
        "bw_min" : 0,
        "bw_max" : 0,
        "bw_agg" : 0.000000,
        "bw_mean" : 0.000000,
        "bw_dev" : 0.000000,
        "bw_samples" : 0,
        "iops_min" : 0,
        "iops_max" : 0,
        "iops_mean" : 0.000000,
        "iops_stddev" : 0.000000,
        "iops_samples" : 0
      },
      "write" : {
        "io_bytes" : 1073741824,
        "io_kbytes" : 1048576,
        "bw_bytes" : 2191309844,
        "bw" : 2139951,
        "iops" : 33436.734694,
        "runtime" : 490,
        "total_ios" : 16384,
        "short_ios" : 0,
        "drop_ios" : 0,
        "slat_ns" : {
          "min" : 0,
          "max" : 0,
          "mean" : 0.000000,
          "stddev" : 0.000000,
          "N" : 0
        },
        "clat_ns" : {
          "min" : 24255,
          "max" : 150007,
          "mean" : 29126.583984,
          "stddev" : 4940.711407,
          "N" : 16384,
          "percentile" : {
            "1.000000" : 24960,
            "5.000000" : 25472,
            "10.000000" : 25728,
            "20.000000" : 26240,
            "30.000000" : 26496,
            "40.000000" : 26752,
            "50.000000" : 27264,
            "60.000000" : 28032,
            "70.000000" : 29824,
            "80.000000" : 31616,
            "90.000000" : 34048,
            "95.000000" : 37120,
            "99.000000" : 47360,
            "99.500000" : 51968,
            "99.900000" : 69120,
            "99.950000" : 89600,
            "99.990000" : 136192
          },
          "bins" : {
            "24192" : 3,
            "24448" : 7,
            "24704" : 48,
            "24960" : 107,
            "25216" : 269,
            "25472" : 478,
            "25728" : 830,
            "25984" : 1059,
            "26240" : 1322,
            "26496" : 1230,
            "26752" : 1238,
            "27008" : 1085,
            "27264" : 828,
            "27520" : 654,
            "27776" : 457,
            "28032" : 299,
            "28288" : 261,
            "28544" : 202,
            "28800" : 187,
            "29056" : 191,
            "29312" : 281,
            "29568" : 290,
            "29824" : 287,
            "30080" : 316,
            "30336" : 301,
            "30592" : 255,
            "30848" : 205,
            "31104" : 191,
            "31360" : 155,
            "31616" : 159,
            "31872" : 171,
            "32128" : 159,
            "32384" : 184,
            "32640" : 229,
            "33024" : 426,
            "33536" : 362,
            "34048" : 269,
            "34560" : 160,
            "35072" : 128,
            "35584" : 103,
            "36096" : 75,
            "36608" : 78,
            "37120" : 56,
            "37632" : 56,
            "38144" : 45,
            "38656" : 46,
            "39168" : 40,
            "39680" : 41,
            "40192" : 28,
            "40704" : 39,
            "41216" : 35,
            "41728" : 41,
            "42240" : 31,
            "42752" : 34,
            "43264" : 32,
            "43776" : 22,
            "44288" : 30,
            "44800" : 25,
            "45312" : 29,
            "45824" : 22,
            "46336" : 11,
            "46848" : 16,
            "47360" : 16,
            "47872" : 10,
            "48384" : 10,
            "48896" : 7,
            "49408" : 10,
            "49920" : 10,
            "50432" : 4,
            "50944" : 6,
            "51456" : 6,
            "51968" : 7,
            "52480" : 5,
            "52992" : 5,
            "53504" : 8,
            "54016" : 9,
            "54528" : 4,
            "55040" : 4,
            "55552" : 4,
            "56064" : 2,
            "56576" : 2,
            "57088" : 3,
            "57600" : 1,
            "58112" : 2,
            "58624" : 1,
            "59136" : 1,
            "59648" : 1,
            "60160" : 1,
            "60672" : 3,
            "62720" : 1,
            "63232" : 1,
            "63744" : 1,
            "64256" : 2,
            "65280" : 1,
            "69120" : 2,
            "70144" : 1,
            "71168" : 1,
            "72192" : 1,
            "74240" : 1,
            "78336" : 1,
            "86528" : 2,
            "89600" : 1,
            "99840" : 1,
            "107008" : 2,
            "113152" : 1,
            "120320" : 1,
            "132096" : 1,
            "136192" : 1,
            "150528" : 1
          }
        },
        "lat_ns" : {
          "min" : 24569,
          "max" : 150274,
          "mean" : 29465.844055,
          "stddev" : 4963.141023,
          "N" : 16384
        },
        "bw_min" : 2097152,
        "bw_max" : 2097152,
        "bw_agg" : 98.000000,
        "bw_mean" : 2097152.000000,
        "bw_dev" : 0.000000,
        "bw_samples" : 1,
        "iops_min" : 32768,
        "iops_max" : 32768,
        "iops_mean" : 32768.000000,
        "iops_stddev" : 0.000000,
        "iops_samples" : 1
      },
      "trim" : {
        "io_bytes" : 0,
        "io_kbytes" : 0,
        "bw_bytes" : 0,
        "bw" : 0,
        "iops" : 0.000000,
        "runtime" : 0,
        "total_ios" : 0,
        "short_ios" : 0,
        "drop_ios" : 0,
        "slat_ns" : {
          "min" : 0,
          "max" : 0,
          "mean" : 0.000000,
          "stddev" : 0.000000,
          "N" : 0
        },
        "clat_ns" : {
          "min" : 0,
          "max" : 0,
          "mean" : 0.000000,
          "stddev" : 0.000000,
          "N" : 0
        },
        "lat_ns" : {
          "min" : 0,
          "max" : 0,
          "mean" : 0.000000,
          "stddev" : 0.000000,
          "N" : 0
        },
        "bw_min" : 0,
        "bw_max" : 0,
        "bw_agg" : 0.000000,
        "bw_mean" : 0.000000,
        "bw_dev" : 0.000000,
        "bw_samples" : 0,
        "iops_min" : 0,
        "iops_max" : 0,
        "iops_mean" : 0.000000,
        "iops_stddev" : 0.000000,
        "iops_samples" : 0
      },
      "sync" : {
        "total_ios" : 0,
        "lat_ns" : {
          "min" : 0,
          "max" : 0,
          "mean" : 0.000000,
          "stddev" : 0.000000,
          "N" : 0
        }
      },
      "job_runtime" : 489,
      "usr_cpu" : 2.044990,
      "sys_cpu" : 97.341513,
      "ctx" : 31,
      "majf" : 0,
      "minf" : 7,
      "iodepth_level" : {
        "1" : 100.000000,
        "2" : 0.000000,
        "4" : 0.000000,
        "8" : 0.000000,
        "16" : 0.000000,
        "32" : 0.000000,
        ">=64" : 0.000000
      },
      "iodepth_submit" : {
        "0" : 0.000000,
        "4" : 100.000000,
        "8" : 0.000000,
        "16" : 0.000000,
        "32" : 0.000000,
        "64" : 0.000000,