{
  "fio version" : "fio-3.39-38-gf18c",
  "timestamp" : 1744242930,
  "timestamp_ms" : 1744242930276,
  "time" : "Wed Apr  9 23:55:30 2025",
  "global options" : {
    "kb_base" : "1024",
    "runtime" : "600"
  },
  "jobs" : [
    {
      "jobname" : "nfsv3-randwrite-67108864-blk256-iod16",
      "groupid" : 0,
      "job_start" : 1744242913637,
      "error" : 0,
      "eta" : 0,
      "elapsed" : 17,
      "job options" : {
        "stonewall" : "",
        "rw" : "randwrite",
        "size" : "67108864",
        "bs" : "256",
        "iodepth" : "16",
        "filename" : "/nfsv3/scratch/adam/fsbench/nfsv3/nfsv3-randwrite-67108864-blk256-iod16.bin"
      },
      "read" : {
        "io_bytes" : 0,
        "io_kbytes" : 0,
        "bw_bytes" : 0,
        "bw" : 0,
        "iops" : 0.000000,
        "runtime" : 0,
        "total_ios" : 0,
        "short_ios" : 0,
        "drop_ios" : 0,
        "slat_ns" : {
          "min" : 0,
          "max" : 0,
          "mean" : 0.000000,
          "stddev" : 0.000000,
          "N" : 0
        },
        "clat_ns" : {
          "min" : 0,
          "max" : 0,
          "mean" : 0.000000,
          "stddev" : 0.000000,
          "N" : 0
        },
        "lat_ns" : {
          "min" : 0,
          "max" : 0,
          "mean" : 0.000000,
          "stddev" : 0.000000,
          "N" : 0
        },
        "bw_min" : 0,
        "bw_max" : 0,
        "bw_agg" : 0.000000,
        "bw_mean" : 0.000000,
        "bw_dev" : 0.000000,
        "bw_samples" : 0,
        "iops_min" : 0,
        "iops_max" : 0,
        "iops_mean" : 0.000000,
        "iops_stddev" : 0.000000,
        "iops_samples" : 0
      },
      "write" : {
        "io_bytes" : 67108864,
        "io_kbytes" : 65536,
        "bw_bytes" : 4084283,
        "bw" : 3988,
        "iops" : 15954.232853,
        "runtime" : 16431,
        "total_ios" : 262144,
        "short_ios" : 0,
        "drop_ios" : 0,
        "slat_ns" : {
          "min" : 0,
          "max" : 0,
          "mean" : 0.000000,
          "stddev" : 0.000000,
          "N" : 0
        },
        "clat_ns" : {
          "min" : 866,
          "max" : 48567962,
          "mean" : 62196.761719,
          "stddev" : 255414.910795,
          "N" : 262144,
          "percentile" : {
            "1.000000" : 980,
            "5.000000" : 1048,
            "10.000000" : 1160,
            "20.000000" : 1256,
            "30.000000" : 1304,
            "40.000000" : 1352,
            "50.000000" : 1416,
            "60.000000" : 1512,
            "70.000000" : 1656,
            "80.000000" : 1848,
            "90.000000" : 2544,
            "95.000000" : 929792,
            "99.000000" : 1003520,
            "99.500000" : 1028096,
            "99.900000" : 1073152,
            "99.950000" : 1105920,
            "99.990000" : 1433600
          },
          "bins" : {
            "868" : 1,
            "900" : 2,
            "916" : 1,
            "940" : 1,
            "948" : 14,
            "956" : 109,
            "964" : 400,
            "972" : 957,
            "980" : 1310,
            "988" : 1271,
            "996" : 1154,
            "1004" : 887,
            "1012" : 858,
            "1020" : 1158,
            "1032" : 3377,
            "1048" : 3071,
            "1064" : 1968,
            "1080" : 1582,
            "1096" : 1597,
            "1112" : 1534,
            "1128" : 1472,
            "1144" : 1567,
            "1160" : 2271,
            "1176" : 3285,
            "1192" : 4135,
            "1208" : 4562,
            "1224" : 5012,
            "1240" : 6305,
            "1256" : 7709,
            "1272" : 8043,
            "1288" : 7998,
            "1304" : 7993,
            "1320" : 8850,
            "1336" : 8941,
            "1352" : 7984,
            "1368" : 7065,
            "1384" : 6785,
            "1400" : 6646,
            "1416" : 6198,
            "1432" : 5240,
            "1448" : 4691,
            "1464" : 4371,
            "1480" : 4140,
            "1496" : 3903,
            "1512" : 3476,
            "1528" : 3259,
            "1544" : 3149,
            "1560" : 3128,
            "1576" : 2954,
            "1592" : 2853,
            "1608" : 2809,
            "1624" : 2670,
            "1640" : 2637,
            "1656" : 2686,
            "1672" : 2517,
            "1688" : 2534,
            "1704" : 2384,
            "1720" : 2294,
            "1736" : 2169,
            "1752" : 2119,
            "1768" : 2124,
            "1784" : 1961,
            "1800" : 1822,
            "1816" : 1859,
            "1832" : 1585,
            "1848" : 1677,
            "1864" : 1501,
            "1880" : 1503,
            "1896" : 1321,
            "1912" : 1262,
            "1928" : 1166,
            "1944" : 1098,
            "1960" : 1083,
            "1976" : 1009,
            "1992" : 932,
            "2008" : 881,
            "2024" : 852,
            "2040" : 817,
            "2064" : 1451,
            "2096" : 1265,
            "2128" : 1187,
            "2160" : 1093,
            "2192" : 951,
            "2224" : 856,
            "2256" : 745,
            "2288" : 656,
            "2320" : 602,
            "2352" : 519,
            "2384" : 478,
            "2416" : 464,
            "2448" : 404,
            "2480" : 389,
            "2512" : 325,
            "2544" : 302,
            "2576" : 279,
            "2608" : 284,
            "2640" : 244,
            "2672" : 208,
            "2704" : 215,
            "2736" : 195,
            "2768" : 203,
            "2800" : 162,
            "2832" : 174,
            "2864" : 141,
            "2896" : 133,
            "2928" : 143,
            "2960" : 140,
            "2992" : 130,
            "3024" : 121,
            "3056" : 130,
            "3088" : 122,
            "3120" : 114,
            "3152" : 127,
            "3184" : 108,
            "3216" : 118,
            "3248" : 111,
            "3280" : 105,
            "3312" : 97,
            "3344" : 108,
            "3376" : 103,
            "3408" : 110,
            "3440" : 89,
            "3472" : 100,
            "3504" : 96,
            "3536" : 100,
            "3568" : 111,
            "3600" : 110,
            "3632" : 83,
            "3664" : 100,
            "3696" : 97,
            "3728" : 87,
            "3760" : 104,
            "3792" : 90,
            "3824" : 84,
            "3856" : 100,
            "3888" : 91,
            "3920" : 85,
            "3952" : 90,
            "3984" : 69,
            "4016" : 74,
            "4048" : 94,
            "4080" : 95,
            "4128" : 171,
            "4192" : 174,
            "4256" : 135,
            "4320" : 150,
            "4384" : 154,
            "4448" : 143,
            "4512" : 149,
            "4576" : 130,
            "4640" : 124,
            "4704" : 119,
            "4768" : 107,
            "4832" : 103,
            "4896" : 103,
            "4960" : 75,
            "5024" : 81,
            "5088" : 69,
            "5152" : 65,
            "5216" : 55,
            "5280" : 59,
            "5344" : 64,
            "5408" : 52,
            "5472" : 46,
            "5536" : 44,
            "5600" : 29,
            "5664" : 32,
            "5728" : 26,
            "5792" : 23,
            "5856" : 19,
            "5920" : 23,
            "5984" : 15,
            "6048" : 16,
            "6112" : 16,
            "6176" : 16,
            "6240" : 14,
            "6304" : 10,
            "6368" : 9,
            "6432" : 6,
            "6496" : 16,
            "6560" : 7,
            "6624" : 8,
            "6688" : 3,
            "6752" : 11,
            "6816" : 5,
            "6880" : 9,
            "6944" : 8,
            "7008" : 7,
            "7072" : 5,
            "7136" : 5,
            "7200" : 8,
            "7264" : 12,
            "7328" : 2,
            "7392" : 1,
            "7456" : 8,
            "7520" : 5,
            "7584" : 5,
            "7648" : 16,