{
  "fio version" : "fio-3.39-38-gf18c",
  "timestamp" : 1744242934,
  "timestamp_ms" : 1744242934521,
  "time" : "Wed Apr  9 23:55:34 2025",
  "global options" : {
    "kb_base" : "1024",
    "runtime" : "600"
  },
  "jobs" : [
    {
      "jobname" : "nfsv4-randwrite-67108864-blk4096-iod1",
      "groupid" : 0,
      "job_start" : 1744242934134,
      "error" : 0,
      "eta" : 2147483647,
      "elapsed" : 1,
      "job options" : {
        "stonewall" : "",
        "rw" : "randwrite",
        "size" : "67108864",
        "bs" : "4096",
        "iodepth" : "1",
        "filename" : "/scratch/adam/fsbench/nfsv4/nfsv4-randwrite-67108864-blk4096-iod1.bin"
      },
      "read" : {
        "io_bytes" : 0,
        "io_kbytes" : 0,
        "bw_bytes" : 0,
        "bw" : 0,
        "iops" : 0.000000,
        "runtime" : 0,
        "total_ios" : 0,
        "short_ios" : 0,
        "drop_ios" : 0,
        "slat_ns" : {
          "min" : 0,
          "max" : 0,
          "mean" : 0.000000,
          "stddev" : 0.000000,
          "N" : 0
        },
        "clat_ns" : {
          "min" : 0,
          "max" : 0,
          "mean" : 0.000000,
          "stddev" : 0.000000,
          "N" : 0
        },
        "lat_ns" : {
          "min" : 0,
          "max" : 0,
          "mean" : 0.000000,
          "stddev" : 0.000000,
          "N" : 0
        },
        "bw_min" : 0,
        "bw_max" : 0,
        "bw_agg" : 0.000000,
        "bw_mean" : 0.000000,
        "bw_dev" : 0.000000,
        "bw_samples" : 0,
        "iops_min" : 0,
        "iops_max" : 0,
        "iops_mean" : 0.000000,
        "iops_stddev" : 0.000000,
        "iops_samples" : 0
      },
      "write" : {
        "io_bytes" : 67108864,
        "io_kbytes" : 65536,
        "bw_bytes" : 1427848170,
        "bw" : 1394382,
        "iops" : 348595.744681,
        "runtime" : 47,
        "total_ios" : 16384,
        "short_ios" : 0,
        "drop_ios" : 0,
        "slat_ns" : {
          "min" : 0,
          "max" : 0,
          "mean" : 0.000000,
          "stddev" : 0.000000,
          "N" : 0
        },
        "clat_ns" : {
          "min" : 1886,
          "max" : 59271,
          "mean" : 2443.797119,
          "stddev" : 1202.514014,
          "N" : 16384,
          "percentile" : {
            "1.000000" : 1944,
            "5.000000" : 2008,
            "10.000000" : 2024,
            "20.000000" : 2096,
            "30.000000" : 2128,
            "40.000000" : 2160,
            "50.000000" : 2192,
            "60.000000" : 2256,
            "70.000000" : 2320,
            "80.000000" : 2448,
            "90.000000" : 2928,
            "95.000000" : 3152,
            "99.000000" : 8384,
            "99.500000" : 9024,
            "99.900000" : 14784,
            "99.950000" : 17024,
            "99.990000" : 47872
          },
          "bins" : {
            "1880" : 1,
            "1896" : 14,
            "1912" : 29,
            "1928" : 96,
            "1944" : 162,
            "1960" : 150,
            "1976" : 151,
            "1992" : 178,
            "2008" : 363,
            "2024" : 500,
            "2040" : 507,
            "2064" : 911,
            "2096" : 1376,
            "2128" : 1387,
            "2160" : 1243,
            "2192" : 1425,
            "2224" : 1074,
            "2256" : 1008,
            "2288" : 819,
            "2320" : 561,
            "2352" : 522,
            "2384" : 358,
            "2416" : 263,
            "2448" : 256,
            "2480" : 183,
            "2512" : 154,
            "2544" : 120,
            "2576" : 107,
            "2608" : 77,
            "2640" : 77,
            "2672" : 60,
            "2704" : 51,
            "2736" : 61,
            "2768" : 46,
            "2800" : 79,
            "2832" : 93,
            "2864" : 103,
            "2896" : 108,
            "2928" : 144,
            "2960" : 143,
            "2992" : 141,
            "3024" : 119,
            "3056" : 125,
            "3088" : 91,
            "3120" : 76,
            "3152" : 67,
            "3184" : 57,
            "3216" : 41,
            "3248" : 44,
            "3280" : 31,
            "3312" : 32,
            "3344" : 29,
            "3376" : 24,
            "3408" : 27,
            "3440" : 18,
            "3472" : 9,
            "3504" : 12,
            "3536" : 4,
            "3568" : 8,
            "3600" : 6,
            "3632" : 9,
            "3664" : 8,
            "3696" : 5,
            "3728" : 6,
            "3760" : 5,
            "3792" : 4,
            "3824" : 6,
            "3856" : 3,
            "3888" : 3,
            "3920" : 3,
            "3952" : 4,
            "3984" : 3,
            "4016" : 2,
            "4048" : 2,
            "4080" : 3,
            "4128" : 4,
            "4192" : 7,
            "4256" : 7,
            "4320" : 1,
            "4384" : 3,
            "4448" : 2,
            "4576" : 3,
            "4640" : 3,
            "4704" : 2,
            "4768" : 1,
            "4960" : 2,
            "5024" : 1,
            "5088" : 2,
            "5216" : 2,
            "5280" : 1,
            "5472" : 1,
            "5536" : 2,
            "5600" : 3,
            "5664" : 3,
            "5728" : 2,
            "5792" : 3,
            "5856" : 1,
            "5984" : 1,
            "6048" : 2,
            "6112" : 1,
            "6240" : 1,
            "6304" : 1,
            "6368" : 1,
            "6432" : 3,
            "6496" : 1,
            "6688" : 1,
            "6752" : 3,
            "6816" : 2,
            "6880" : 1,
            "6944" : 3,
            "7008" : 1,
            "7072" : 2,
            "7200" : 3,
            "7264" : 3,
            "7392" : 2,
            "7456" : 2,
            "7520" : 5,
            "7584" : 4,
            "7648" : 7,
            "7712" : 9,
            "7776" : 17,
            "7840" : 7,
            "7904" : 14,
            "7968" : 6,
            "8032" : 15,
            "8096" : 16,
            "8160" : 12,
            "8256" : 25,
            "8384" : 19,
            "8512" : 18,
            "8640" : 10,
            "8768" : 14,
            "8896" : 19,
            "9024" : 11,
            "9152" : 7,
            "9280" : 9,
            "9408" : 7,
            "9536" : 4,
            "9664" : 4,
            "9920" : 2,
            "10048" : 1,
            "10304" : 1,
            "10432" : 4,
            "10560" : 1,
            "10688" : 1,
            "10816" : 2,
            "10944" : 1,
            "11072" : 2,
            "11200" : 3,
            "11328" : 1,
            "11968" : 1,
            "12352" : 1,
            "12480" : 1,
            "12608" : 2,
            "12736" : 1,
            "12992" : 1,
            "13248" : 1,
            "13376" : 1,
            "13888" : 2,
            "14272" : 1,
            "14784" : 1,
            "15040" : 3,
            "15680" : 1,
            "15808" : 2,
            "15936" : 1,
            "17024" : 1,
            "18048" : 1,
            "18560" : 1,
            "19584" : 1,
            "20352" : 1,
            "22144" : 1,
            "25984" : 1,
            "47872" : 1,
            "59136" : 1
          }
        },
        "lat_ns" : {
          "min" : 1928,
          "max" : 59313,
          "mean" : 2487.417175,
          "stddev" : 1209.527952,
          "N" : 16384
        },
        "bw_min" : 0,
        "bw_max" : 0,
        "bw_agg" : 0.000000,
        "bw_mean" : 0.000000,
        "bw_dev" : 0.000000,
        "bw_samples" : 0,
        "iops_min" : 0,
        "iops_max" : 0,
        "iops_mean" : 0.000000,
        "iops_stddev" : 0.000000,
        "iops_samples" : 0
      },
      "trim" : {
        "io_bytes" : 0,
        "io_kbytes" : 0,
        "bw_bytes" : 0,
        "bw" : 0,
        "iops" : 0.000000,
        "runtime" : 0,
        "total_ios" : 0,
        "short_ios" : 0,
        "drop_ios" : 0,
        "slat_ns" : {
          "min" : 0,
          "max" : 0,
          "mean" : 0.000000,