{
  "fio version" : "fio-3.39-38-gf18c",
  "timestamp" : 1744238175,
  "timestamp_ms" : 1744238175221,
  "time" : "Wed Apr  9 22:36:15 2025",
  "global options" : {
    "kb_base" : "1024",
    "runtime" : "600"
  },
  "jobs" : [
    {
      "jobname" : "nfsv4-write-67108864-blk256-iod4",
      "groupid" : 0,
      "job_start" : 1744238174721,
      "error" : 0,
      "eta" : 2147483647,
      "elapsed" : 1,
      "job options" : {
        "stonewall" : "",
        "rw" : "write",
        "size" : "67108864",
        "bs" : "256",
        "iodepth" : "4",
        "filename" : "/scratch/adam/fsbench/nfsv4/nfsv4-write-67108864-blk256-iod4.bin"
      },
      "read" : {
        "io_bytes" : 0,
        "io_kbytes" : 0,
        "bw_bytes" : 0,
        "bw" : 0,
        "iops" : 0.000000,
        "runtime" : 0,
        "total_ios" : 0,
        "short_ios" : 0,
        "drop_ios" : 0,
        "slat_ns" : {
          "min" : 0,
          "max" : 0,
          "mean" : 0.000000,
          "stddev" : 0.000000,
          "N" : 0
        },
        "clat_ns" : {
          "min" : 0,
          "max" : 0,
          "mean" : 0.000000,
          "stddev" : 0.000000,
          "N" : 0
        },
        "lat_ns" : {
          "min" : 0,
          "max" : 0,
          "mean" : 0.000000,
          "stddev" : 0.000000,
          "N" : 0
        },
        "bw_min" : 0,
        "bw_max" : 0,
        "bw_agg" : 0.000000,
        "bw_mean" : 0.000000,
        "bw_dev" : 0.000000,
        "bw_samples" : 0,
        "iops_min" : 0,
        "iops_max" : 0,
        "iops_mean" : 0.000000,
        "iops_stddev" : 0.000000,
        "iops_samples" : 0
      },
      "write" : {
        "io_bytes" : 67108864,
        "io_kbytes" : 65536,
        "bw_bytes" : 212369822,
        "bw" : 207392,
        "iops" : 829569.620253,
        "runtime" : 316,
        "total_ios" : 262144,
        "short_ios" : 0,
        "drop_ios" : 0,
        "slat_ns" : {
          "min" : 0,
          "max" : 0,
          "mean" : 0.000000,
          "stddev" : 0.000000,
          "N" : 0
        },
        "clat_ns" : {
          "min" : 748,
          "max" : 226988,
          "mean" : 980.741779,
          "stddev" : 841.085770,
          "N" : 262144,
          "percentile" : {
            "1.000000" : 756,
            "5.000000" : 764,
            "10.000000" : 772,
            "20.000000" : 788,
            "30.000000" : 812,
            "40.000000" : 836,
            "50.000000" : 860,
            "60.000000" : 876,
            "70.000000" : 892,
            "80.000000" : 916,
            "90.000000" : 1224,
            "95.000000" : 1896,
            "99.000000" : 2864,
            "99.500000" : 3440,
            "99.900000" : 9280,
            "99.950000" : 11456,
            "99.990000" : 16768
          },
          "bins" : {
            "748" : 48,
            "756" : 4146,
            "764" : 10662,
            "772" : 14870,
            "780" : 15048,
            "788" : 10904,
            "796" : 10531,
            "804" : 8453,
            "812" : 11542,
            "820" : 7177,
            "828" : 4949,
            "836" : 6633,
            "844" : 9640,
            "852" : 12825,
            "860" : 13136,
            "868" : 15107,
            "876" : 13915,
            "884" : 11351,
            "892" : 11377,
            "900" : 6679,
            "908" : 9338,
            "916" : 5155,
            "924" : 3180,
            "932" : 2724,
            "940" : 2046,
            "948" : 2232,
            "956" : 1821,
            "964" : 1213,
            "972" : 1322,
            "980" : 580,
            "988" : 297,
            "996" : 185,
            "1004" : 180,
            "1012" : 121,
            "1020" : 89,
            "1032" : 141,
            "1048" : 130,
            "1064" : 136,
            "1080" : 242,
            "1096" : 264,
            "1112" : 364,
            "1128" : 446,
            "1144" : 512,
            "1160" : 505,
            "1176" : 635,
            "1192" : 884,
            "1208" : 1251,
            "1224" : 950,
            "1240" : 804,
            "1256" : 731,
            "1272" : 719,
            "1288" : 895,
            "1304" : 983,
            "1320" : 892,
            "1336" : 629,
            "1352" : 390,
            "1368" : 359,
            "1384" : 320,
            "1400" : 330,
            "1416" : 278,
            "1432" : 221,
            "1448" : 212,
            "1464" : 192,
            "1480" : 139,
            "1496" : 152,
            "1512" : 108,
            "1528" : 111,
            "1544" : 91,
            "1560" : 75,
            "1576" : 66,
            "1592" : 54,
            "1608" : 78,
            "1624" : 75,
            "1640" : 72,
            "1656" : 74,
            "1672" : 76,
            "1688" : 82,
            "1704" : 148,
            "1720" : 158,
            "1736" : 189,
            "1752" : 212,
            "1768" : 255,
            "1784" : 271,
            "1800" : 337,
            "1816" : 335,
            "1832" : 383,
            "1848" : 412,
            "1864" : 416,
            "1880" : 430,
            "1896" : 421,
            "1912" : 456,
            "1928" : 429,
            "1944" : 441,
            "1960" : 422,
            "1976" : 414,
            "1992" : 416,
            "2008" : 436,
            "2024" : 401,
            "2040" : 399,
            "2064" : 712,
            "2096" : 654,
            "2128" : 562,
            "2160" : 512,
            "2192" : 470,
            "2224" : 407,
            "2256" : 345,
            "2288" : 313,
            "2320" : 269,
            "2352" : 233,
            "2384" : 202,
            "2416" : 202,
            "2448" : 189,
            "2480" : 117,
            "2512" : 130,
            "2544" : 115,
            "2576" : 130,
            "2608" : 111,
            "2640" : 118,
            "2672" : 135,
            "2704" : 111,
            "2736" : 140,
            "2768" : 128,
            "2800" : 119,
            "2832" : 138,
            "2864" : 119,
            "2896" : 120,
            "2928" : 107,
            "2960" : 106,
            "2992" : 101,
            "3024" : 105,
            "3056" : 80,
            "3088" : 86,
            "3120" : 56,
            "3152" : 58,
            "3184" : 55,
            "3216" : 61,
            "3248" : 58,
            "3280" : 53,
            "3312" : 50,
            "3344" : 48,
            "3376" : 35,
            "3408" : 42,
            "3440" : 29,
            "3472" : 29,
            "3504" : 33,
            "3536" : 22,
            "3568" : 26,
            "3600" : 19,
            "3632" : 22,
            "3664" : 20,
            "3696" : 17,
            "3728" : 13,
            "3760" : 8,
            "3792" : 13,
            "3824" : 11,
            "3856" : 8,
            "3888" : 7,
            "3920" : 6,
            "3952" : 9,
            "3984" : 14,
            "4016" : 9,
            "4048" : 8,
            "4080" : 8,
            "4128" : 19,
            "4192" : 16,
            "4256" : 7,
            "4320" : 19,
            "4384" : 12,
            "4448" : 22,
            "4512" : 20,
            "4576" : 12,
            "4640" : 17,
            "4704" : 18,
            "4768" : 13,
            "4832" : 11,
            "4896" : 12,
            "4960" : 11,
            "5024" : 14,
            "5088" : 14,
            "5152" : 7,
            "5216" : 5,
            "5280" : 11,
            "5344" : 9,
            "5408" : 13,
            "5472" : 8,
            "5536" : 5,
            "5600" : 8,
            "5664" : 3,
            "5728" : 7,
            "5792" : 7,
            "5856" : 5,
            "5920" : 8,
            "5984" : 6,
            "6048" : 4,
            "6112" : 1,
            "6176" : 4,
            "6240" : 5,
            "6304" : 3,
            "6368" : 2,
            "6432" : 3,
            "6496" : 2,
            "6560" : 9,