{
  "fio version" : "fio-3.39-38-gf18c",
  "timestamp" : 1744333844,
  "timestamp_ms" : 1744333844971,
  "time" : "Fri Apr 11 01:10:44 2025",
  "global options" : {
    "kb_base" : "1024",
    "runtime" : "600"
  },
  "jobs" : [
    {
      "jobname" : "nfsv3-write-17179869184-blk65536-iod4",
      "groupid" : 0,
      "job_start" : 1744333716081,
      "error" : 0,
      "eta" : 0,
      "elapsed" : 129,
      "job options" : {
        "stonewall" : "",
        "rw" : "write",
        "size" : "17179869184",
        "bs" : "65536",
        "iodepth" : "4",
        "filename" : "/nfsv3/scratch/adam/fsbench/nfsv3/nfsv3-write-17179869184-blk65536-iod4.bin"
      },
      "read" : {
        "io_bytes" : 0,
        "io_kbytes" : 0,
        "bw_bytes" : 0,
        "bw" : 0,
        "iops" : 0.000000,
        "runtime" : 0,
        "total_ios" : 0,
        "short_ios" : 0,
        "drop_ios" : 0,
        "slat_ns" : {
          "min" : 0,
          "max" : 0,
          "mean" : 0.000000,
          "stddev" : 0.000000,
          "N" : 0
        },
        "clat_ns" : {
          "min" : 0,
          "max" : 0,
          "mean" : 0.000000,
          "stddev" : 0.000000,
          "N" : 0
        },
        "lat_ns" : {
          "min" : 0,
          "max" : 0,
          "mean" : 0.000000,
          "stddev" : 0.000000,
          "N" : 0
        },
        "bw_min" : 0,
        "bw_max" : 0,
        "bw_agg" : 0.000000,
        "bw_mean" : 0.000000,
        "bw_dev" : 0.000000,
        "bw_samples" : 0,
        "iops_min" : 0,
        "iops_max" : 0,
        "iops_mean" : 0.000000,
        "iops_stddev" : 0.000000,
        "iops_samples" : 0
      },
      "write" : {
        "io_bytes" : 17179869184,
        "io_kbytes" : 16777216,
        "bw_bytes" : 171932799,
        "bw" : 167903,
        "iops" : 2623.486319,
        "runtime" : 99922,
        "total_ios" : 262144,
        "short_ios" : 0,
        "drop_ios" : 0,
        "slat_ns" : {
          "min" : 0,
          "max" : 0,
          "mean" : 0.000000,
          "stddev" : 0.000000,
          "N" : 0
        },
        "clat_ns" : {
          "min" : 17824,
          "max" : 33957288,
          "mean" : 380167.507233,
          "stddev" : 1930313.690167,
          "N" : 262144,
          "percentile" : {
            "1.000000" : 24192,
            "5.000000" : 25472,
            "10.000000" : 26496,
            "20.000000" : 27776,
            "30.000000" : 29056,
            "40.000000" : 31104,
            "50.000000" : 35584,
            "60.000000" : 38656,
            "70.000000" : 41216,
            "80.000000" : 44800,
            "90.000000" : 55040,
            "95.000000" : 74240,
            "99.000000" : 10289152,
            "99.500000" : 15007744,
            "99.900000" : 16580608,
            "99.950000" : 16711680,
            "99.990000" : 27131904
          },
          "bins" : {
            "17792" : 1,
            "18048" : 1,
            "18304" : 1,
            "18816" : 2,
            "19072" : 1,
            "19328" : 1,
            "19840" : 3,
            "20096" : 3,
            "21120" : 1,
            "21376" : 1,
            "21632" : 4,
            "21888" : 2,
            "22144" : 4,
            "22400" : 3,
            "22656" : 13,
            "22912" : 43,
            "23168" : 99,
            "23424" : 233,
            "23680" : 620,
            "23936" : 1150,
            "24192" : 1559,
            "24448" : 1892,
            "24704" : 1983,
            "24960" : 2134,
            "25216" : 2403,
            "25472" : 2723,
            "25728" : 3267,
            "25984" : 3518,
            "26240" : 3988,
            "26496" : 4363,
            "26752" : 4657,
            "27008" : 4789,
            "27264" : 4823,
            "27520" : 5177,
            "27776" : 5099,
            "28032" : 5114,
            "28288" : 5109,
            "28544" : 4896,
            "28800" : 4772,
            "29056" : 4481,
            "29312" : 4276,
            "29568" : 4147,
            "29824" : 3783,
            "30080" : 3563,
            "30336" : 3275,
            "30592" : 2816,
            "30848" : 2440,
            "31104" : 2146,
            "31360" : 1889,
            "31616" : 1733,
            "31872" : 1506,
            "32128" : 1446,
            "32384" : 1346,
            "32640" : 1380,
            "33024" : 2967,
            "33536" : 3134,
            "34048" : 3339,
            "34560" : 3390,
            "35072" : 3280,
            "35584" : 3394,
            "36096" : 3398,
            "36608" : 3583,
            "37120" : 3960,
            "37632" : 4768,
            "38144" : 5383,
            "38656" : 5624,
            "39168" : 5188,
            "39680" : 4743,
            "40192" : 4497,
            "40704" : 4484,
            "41216" : 4427,
            "41728" : 4300,
            "42240" : 4108,
            "42752" : 4027,
            "43264" : 4111,
            "43776" : 4220,
            "44288" : 4234,
            "44800" : 4251,
            "45312" : 3675,
            "45824" : 3103,
            "46336" : 2488,
            "46848" : 1858,
            "47360" : 1545,
            "47872" : 1299,
            "48384" : 1044,
            "48896" : 851,
            "49408" : 822,
            "49920" : 766,
            "50432" : 655,
            "50944" : 589,
            "51456" : 573,
            "51968" : 535,
            "52480" : 509,
            "52992" : 484,
            "53504" : 469,
            "54016" : 477,
            "54528" : 426,
            "55040" : 461,
            "55552" : 436,
            "56064" : 427,
            "56576" : 437,
            "57088" : 450,
            "57600" : 437,
            "58112" : 405,
            "58624" : 399,
            "59136" : 401,
            "59648" : 427,
            "60160" : 430,
            "60672" : 380,
            "61184" : 436,
            "61696" : 454,
            "62208" : 485,
            "62720" : 445,
            "63232" : 467,
            "63744" : 422,
            "64256" : 436,
            "64768" : 444,
            "65280" : 382,
            "66048" : 817,
            "67072" : 651,
            "68096" : 566,
            "69120" : 519,
            "70144" : 467,
            "71168" : 413,
            "72192" : 345,
            "73216" : 383,
            "74240" : 336,
            "75264" : 311,
            "76288" : 305,
            "77312" : 272,
            "78336" : 248,
            "79360" : 233,
            "80384" : 242,
            "81408" : 209,
            "82432" : 188,
            "83456" : 133,
            "84480" : 158,
            "85504" : 141,
            "86528" : 98,
            "87552" : 106,
            "88576" : 90,
            "89600" : 65,
            "90624" : 81,
            "91648" : 75,
            "92672" : 65,
            "93696" : 58,
            "94720" : 68,
            "95744" : 53,
            "96768" : 59,
            "97792" : 50,
            "98816" : 59,
            "99840" : 39,
            "100864" : 50,
            "101888" : 39,
            "102912" : 40,
            "103936" : 37,
            "104960" : 29,
            "105984" : 28,
            "107008" : 31,
            "108032" : 23,
            "109056" : 36,
            "110080" : 18,
            "111104" : 18,
            "112128" : 15,
            "113152" : 13,
            "114176" : 14,
            "115200" : 12,
            "116224" : 15,
            "117248" : 10,
            "118272" : 11,
            "119296" : 15,
            "120320" : 12,
            "121344" : 9,
            "122368" : 7,
            "123392" : 6,
            "124416" : 7,
            "125440" : 5,
            "126464" : 6,
            "127488" : 5,
            "128512" : 7,
            "129536" : 6,
            "130560" : 5,
            "132096" : 7,
            "134144" : 10,
            "136192" : 5,
            "138240" : 6,
            "140288" : 10,
            "142336" : 4,