{
  "fio version" : "fio-3.39-38-gf18c",
  "timestamp" : 1744238326,
  "timestamp_ms" : 1744238326295,
  "time" : "Wed Apr  9 22:38:46 2025",
  "global options" : {
    "kb_base" : "1024",
    "runtime" : "600"
  },
  "jobs" : [
    {
      "jobname" : "nfsv4-write-1073741824-blk4096-iod4",
      "groupid" : 0,
      "job_start" : 1744238317911,
      "error" : 0,
      "eta" : 0,
      "elapsed" : 9,
      "job options" : {
        "stonewall" : "",
        "rw" : "write",
        "size" : "1073741824",
        "bs" : "4096",
        "iodepth" : "4",
        "filename" : "/scratch/adam/fsbench/nfsv4/nfsv4-write-1073741824-blk4096-iod4.bin"
      },
      "read" : {
        "io_bytes" : 0,
        "io_kbytes" : 0,
        "bw_bytes" : 0,
        "bw" : 0,
        "iops" : 0.000000,
        "runtime" : 0,
        "total_ios" : 0,
        "short_ios" : 0,
        "drop_ios" : 0,
        "slat_ns" : {
          "min" : 0,
          "max" : 0,
          "mean" : 0.000000,
          "stddev" : 0.000000,
          "N" : 0
        },
        "clat_ns" : {
          "min" : 0,
          "max" : 0,
          "mean" : 0.000000,
          "stddev" : 0.000000,
          "N" : 0
        },
        "lat_ns" : {
          "min" : 0,
          "max" : 0,
          "mean" : 0.000000,
          "stddev" : 0.000000,
          "N" : 0
        },
        "bw_min" : 0,
        "bw_max" : 0,
        "bw_agg" : 0.000000,
        "bw_mean" : 0.000000,
        "bw_dev" : 0.000000,
        "bw_samples" : 0,
        "iops_min" : 0,
        "iops_max" : 0,
        "iops_mean" : 0.000000,
        "iops_stddev" : 0.000000,
        "iops_samples" : 0
      },
      "write" : {
        "io_bytes" : 1073741824,
        "io_kbytes" : 1048576,
        "bw_bytes" : 1562942975,
        "bw" : 1526311,
        "iops" : 381577.874818,
        "runtime" : 687,
        "total_ios" : 262144,
        "short_ios" : 0,
        "drop_ios" : 0,
        "slat_ns" : {
          "min" : 0,
          "max" : 0,
          "mean" : 0.000000,
          "stddev" : 0.000000,
          "N" : 0
        },
        "clat_ns" : {
          "min" : 1776,
          "max" : 95270,
          "mean" : 2367.652409,
          "stddev" : 1115.499611,
          "N" : 262144,
          "percentile" : {
            "1.000000" : 1880,
            "5.000000" : 1912,
            "10.000000" : 1944,
            "20.000000" : 1992,
            "30.000000" : 2024,
            "40.000000" : 2064,
            "50.000000" : 2096,
            "60.000000" : 2160,
            "70.000000" : 2224,
            "80.000000" : 2384,
            "90.000000" : 2864,
            "95.000000" : 3280,
            "99.000000" : 7520,
            "99.500000" : 8512,
            "99.900000" : 13376,
            "99.950000" : 16512,
            "99.990000" : 33024
          },
          "bins" : {
            "1784" : 1,
            "1816" : 2,
            "1848" : 33,
            "1864" : 507,
            "1880" : 2637,
            "1896" : 5655,
            "1912" : 6748,
            "1928" : 5994,
            "1944" : 6158,
            "1960" : 9143,
            "1976" : 12328,
            "1992" : 12434,
            "2008" : 11233,
            "2024" : 9632,
            "2040" : 10291,
            "2064" : 23751,
            "2096" : 19632,
            "2128" : 15987,
            "2160" : 15205,
            "2192" : 10689,
            "2224" : 8528,
            "2256" : 6782,
            "2288" : 5306,
            "2320" : 4532,
            "2352" : 3656,
            "2384" : 3140,
            "2416" : 2653,
            "2448" : 2313,
            "2480" : 2048,
            "2512" : 1693,
            "2544" : 1542,
            "2576" : 1392,
            "2608" : 1198,
            "2640" : 1090,
            "2672" : 1197,
            "2704" : 1378,
            "2736" : 1625,
            "2768" : 1724,
            "2800" : 2131,
            "2832" : 2122,
            "2864" : 2152,
            "2896" : 2074,
            "2928" : 1943,
            "2960" : 1654,
            "2992" : 1527,
            "3024" : 1160,
            "3056" : 1031,
            "3088" : 813,
            "3120" : 693,
            "3152" : 549,
            "3184" : 508,
            "3216" : 423,
            "3248" : 392,
            "3280" : 359,
            "3312" : 322,
            "3344" : 254,
            "3376" : 223,
            "3408" : 201,
            "3440" : 157,
            "3472" : 155,
            "3504" : 129,
            "3536" : 121,
            "3568" : 102,
            "3600" : 90,
            "3632" : 82,
            "3664" : 72,
            "3696" : 74,
            "3728" : 67,
            "3760" : 68,
            "3792" : 60,
            "3824" : 61,
            "3856" : 63,
            "3888" : 54,
            "3920" : 56,
            "3952" : 50,
            "3984" : 65,
            "4016" : 79,
            "4048" : 75,
            "4080" : 84,
            "4128" : 243,
            "4192" : 290,
            "4256" : 332,
            "4320" : 400,
            "4384" : 348,
            "4448" : 316,
            "4512" : 304,
            "4576" : 284,
            "4640" : 234,
            "4704" : 202,
            "4768" : 145,
            "4832" : 150,
            "4896" : 124,
            "4960" : 81,
            "5024" : 81,
            "5088" : 70,
            "5152" : 81,
            "5216" : 74,
            "5280" : 98,
            "5344" : 106,
            "5408" : 139,
            "5472" : 134,
            "5536" : 167,
            "5600" : 151,
            "5664" : 158,
            "5728" : 180,
            "5792" : 178,
            "5856" : 151,
            "5920" : 158,
            "5984" : 146,
            "6048" : 160,
            "6112" : 142,
            "6176" : 141,
            "6240" : 111,
            "6304" : 110,
            "6368" : 128,
            "6432" : 106,
            "6496" : 93,
            "6560" : 82,
            "6624" : 95,
            "6688" : 70,
            "6752" : 58,
            "6816" : 65,
            "6880" : 57,
            "6944" : 44,
            "7008" : 43,
            "7072" : 27,
            "7136" : 29,
            "7200" : 37,
            "7264" : 44,
            "7328" : 48,
            "7392" : 41,
            "7456" : 51,
            "7520" : 68,
            "7584" : 79,
            "7648" : 81,
            "7712" : 103,
            "7776" : 103,
            "7840" : 97,
            "7904" : 108,
            "7968" : 104,
            "8032" : 83,
            "8096" : 90,
            "8160" : 90,
            "8256" : 172,
            "8384" : 147,
            "8512" : 124,
            "8640" : 91,
            "8768" : 83,
            "8896" : 73,
            "9024" : 60,
            "9152" : 49,
            "9280" : 41,
            "9408" : 39,
            "9536" : 42,
            "9664" : 31,
            "9792" : 33,
            "9920" : 17,
            "10048" : 23,
            "10176" : 26,
            "10304" : 18,
            "10432" : 28,
            "10560" : 16,
            "10688" : 17,
            "10816" : 17,
            "10944" : 21,
            "11072" : 17,
            "11200" : 21,
            "11328" : 21,
            "11456" : 13,
            "11584" : 16,
            "11712" : 16,
            "11840" : 13,
            "11968" : 15,
            "12096" : 10,
            "12224" : 14,
            "12352" : 13,
            "12480" : 13,
            "12608" : 17,
            "12736" : 8,
            "12864" : 12,
            "12992" : 8,
            "13120" : 6,
            "13248" : 15,
            "13376" : 10,
            "13504" : 5,
            "13632" : 4,
            "13760" : 9,
            "13888" : 6,
            "14016" : 6,
            "14144" : 5,
            "14272" : 1,
            "14400" : 6,
            "14528" : 8,
            "14656" : 2,
            "14784" : 3,
            "14912" : 8,
            "15040" : 3,
            "15168" : 4,
            "15296" : 3,