{
  "fio version" : "fio-3.39-38-gf18c",
  "timestamp" : 1744414968,
  "timestamp_ms" : 1744414968701,
  "time" : "Fri Apr 11 23:42:48 2025",
  "global options" : {
    "kb_base" : "1024",
    "runtime" : "600s"
  },
  "jobs" : [
    {
      "jobname" : "nfsv4-randwrite-17179869184-blk65536-iod16",
      "groupid" : 0,
      "job_start" : 1744414839813,
      "error" : 0,
      "eta" : 0,
      "elapsed" : 129,
      "job options" : {
        "stonewall" : "",
        "rw" : "randwrite",
        "size" : "17179869184",
        "bs" : "65536",
        "iodepth" : "16",
        "filename" : "/scratch/adam/fsbench/nfsv4/nfsv4-randwrite-17179869184-blk65536-iod16.bin"
      },
      "read" : {
        "io_bytes" : 0,
        "io_kbytes" : 0,
        "bw_bytes" : 0,
        "bw" : 0,
        "iops" : 0.000000,
        "runtime" : 0,
        "total_ios" : 0,
        "short_ios" : 0,
        "drop_ios" : 0,
        "slat_ns" : {
          "min" : 0,
          "max" : 0,
          "mean" : 0.000000,
          "stddev" : 0.000000,
          "N" : 0
        },
        "clat_ns" : {
          "min" : 0,
          "max" : 0,
          "mean" : 0.000000,
          "stddev" : 0.000000,
          "N" : 0
        },
        "lat_ns" : {
          "min" : 0,
          "max" : 0,
          "mean" : 0.000000,
          "stddev" : 0.000000,
          "N" : 0
        },
        "bw_min" : 0,
        "bw_max" : 0,
        "bw_agg" : 0.000000,
        "bw_mean" : 0.000000,
        "bw_dev" : 0.000000,
        "bw_samples" : 0,
        "iops_min" : 0,
        "iops_max" : 0,
        "iops_mean" : 0.000000,
        "iops_stddev" : 0.000000,
        "iops_samples" : 0
      },
      "write" : {
        "io_bytes" : 17179869184,
        "io_kbytes" : 16777216,
        "bw_bytes" : 178761450,
        "bw" : 174571,
        "iops" : 2727.683263,
        "runtime" : 96105,
        "total_ios" : 262144,
        "short_ios" : 0,
        "drop_ios" : 0,
        "slat_ns" : {
          "min" : 0,
          "max" : 0,
          "mean" : 0.000000,
          "stddev" : 0.000000,
          "N" : 0
        },
        "clat_ns" : {
          "min" : 20215,
          "max" : 34959149,
          "mean" : 365461.544525,
          "stddev" : 1925203.941931,
          "N" : 262144,
          "percentile" : {
            "1.000000" : 24960,
            "5.000000" : 25472,
            "10.000000" : 25984,
            "20.000000" : 27264,
            "30.000000" : 28032,
            "40.000000" : 29568,
            "50.000000" : 31872,
            "60.000000" : 36608,
            "70.000000" : 42240,
            "80.000000" : 47360,
            "90.000000" : 62208,
            "95.000000" : 82432,
            "99.000000" : 9240576,
            "99.500000" : 13959168,
            "99.900000" : 15925248,
            "99.950000" : 23461888,
            "99.990000" : 33161216
          },
          "bins" : {
            "20096" : 1,
            "20864" : 2,
            "21120" : 3,
            "21376" : 2,
            "21632" : 2,
            "21888" : 3,
            "22144" : 2,
            "22400" : 2,
            "22656" : 3,
            "22912" : 2,
            "23168" : 4,
            "23424" : 9,
            "23680" : 26,
            "23936" : 79,
            "24192" : 208,
            "24448" : 621,
            "24704" : 1596,
            "24960" : 3183,
            "25216" : 4428,
            "25472" : 5504,
            "25728" : 6037,
            "25984" : 6113,
            "26240" : 5926,
            "26496" : 5913,
            "26752" : 6278,
            "27008" : 6477,
            "27264" : 6793,
            "27520" : 6809,
            "27776" : 6796,
            "28032" : 6625,
            "28288" : 6032,
            "28544" : 5470,
            "28800" : 4866,
            "29056" : 4549,
            "29312" : 4146,
            "29568" : 3836,
            "29824" : 3625,
            "30080" : 3515,
            "30336" : 3188,
            "30592" : 2852,
            "30848" : 2678,
            "31104" : 2392,
            "31360" : 2149,
            "31616" : 1991,
            "31872" : 1788,
            "32128" : 1709,
            "32384" : 1651,
            "32640" : 1669,
            "33024" : 3170,
            "33536" : 2997,
            "34048" : 2681,
            "34560" : 2492,
            "35072" : 2328,
            "35584" : 2245,
            "36096" : 2146,
            "36608" : 2088,
            "37120" : 2022,
            "37632" : 1988,
            "38144" : 1930,
            "38656" : 1913,
            "39168" : 1808,
            "39680" : 1918,
            "40192" : 2343,
            "40704" : 3126,
            "41216" : 3824,
            "41728" : 4254,
            "42240" : 3961,
            "42752" : 3656,
            "43264" : 3223,
            "43776" : 2934,
            "44288" : 2697,
            "44800" : 2412,
            "45312" : 2290,
            "45824" : 2090,
            "46336" : 1928,
            "46848" : 1697,
            "47360" : 1557,
            "47872" : 1523,
            "48384" : 1349,
            "48896" : 1208,
            "49408" : 1147,
            "49920" : 1143,
            "50432" : 1102,
            "50944" : 1106,
            "51456" : 1003,
            "51968" : 1015,
            "52480" : 965,
            "52992" : 874,
            "53504" : 858,
            "54016" : 856,
            "54528" : 823,
            "55040" : 792,
            "55552" : 766,
            "56064" : 682,
            "56576" : 720,
            "57088" : 695,
            "57600" : 656,
            "58112" : 663,
            "58624" : 665,
            "59136" : 668,
            "59648" : 604,
            "60160" : 613,
            "60672" : 573,
            "61184" : 551,
            "61696" : 562,
            "62208" : 562,
            "62720" : 548,
            "63232" : 518,
            "63744" : 476,
            "64256" : 498,
            "64768" : 497,
            "65280" : 432,
            "66048" : 889,
            "67072" : 822,
            "68096" : 823,
            "69120" : 764,
            "70144" : 723,
            "71168" : 669,
            "72192" : 655,
            "73216" : 684,
            "74240" : 583,
            "75264" : 625,
            "76288" : 536,
            "77312" : 490,
            "78336" : 451,
            "79360" : 426,
            "80384" : 358,
            "81408" : 364,
            "82432" : 343,
            "83456" : 304,
            "84480" : 284,
            "85504" : 256,
            "86528" : 228,
            "87552" : 202,
            "88576" : 202,
            "89600" : 203,
            "90624" : 184,
            "91648" : 165,
            "92672" : 132,
            "93696" : 131,
            "94720" : 143,
            "95744" : 141,
            "96768" : 129,
            "97792" : 112,
            "98816" : 110,
            "99840" : 103,
            "100864" : 101,
            "101888" : 82,
            "102912" : 68,
            "103936" : 72,
            "104960" : 59,
            "105984" : 67,
            "107008" : 56,
            "108032" : 57,
            "109056" : 35,
            "110080" : 40,
            "111104" : 63,
            "112128" : 41,
            "113152" : 46,
            "114176" : 49,
            "115200" : 32,
            "116224" : 19,
            "117248" : 23,
            "118272" : 21,
            "119296" : 26,
            "120320" : 25,
            "121344" : 22,
            "122368" : 28,
            "123392" : 26,
            "124416" : 12,
            "125440" : 15,
            "126464" : 9,
            "127488" : 13,
            "128512" : 16,
            "129536" : 15,
            "130560" : 13,
            "132096" : 28,
            "134144" : 17,
            "136192" : 23,
            "138240" : 21,
            "140288" : 11,
            "142336" : 15,
            "144384" : 22,
            "146432" : 12,
            "148480" : 12,
            "150528" : 16,