{
  "fio version" : "fio-3.39-38-gf18c",
  "timestamp" : 1744245026,
  "timestamp_ms" : 1744245026304,
  "time" : "Thu Apr 10 00:30:26 2025",
  "global options" : {
    "kb_base" : "1024",
    "runtime" : "600"
  },
  "jobs" : [
    {
      "jobname" : "nfsv3-randwrite-1073741824-blk65536-iod1",
      "groupid" : 0,
      "job_start" : 1744245018165,
      "error" : 0,
      "eta" : 0,
      "elapsed" : 9,
      "job options" : {
        "stonewall" : "",
        "rw" : "randwrite",
        "size" : "1073741824",
        "bs" : "65536",
        "iodepth" : "1",
        "filename" : "/nfsv3/scratch/adam/fsbench/nfsv3/nfsv3-randwrite-1073741824-blk65536-iod1.bin"
      },
      "read" : {
        "io_bytes" : 0,
        "io_kbytes" : 0,
        "bw_bytes" : 0,
        "bw" : 0,
        "iops" : 0.000000,
        "runtime" : 0,
        "total_ios" : 0,
        "short_ios" : 0,
        "drop_ios" : 0,
        "slat_ns" : {
          "min" : 0,
          "max" : 0,
          "mean" : 0.000000,
          "stddev" : 0.000000,
          "N" : 0
        },
        "clat_ns" : {
          "min" : 0,
          "max" : 0,
          "mean" : 0.000000,
          "stddev" : 0.000000,
          "N" : 0
        },
        "lat_ns" : {
          "min" : 0,
          "max" : 0,
          "mean" : 0.000000,
          "stddev" : 0.000000,
          "N" : 0
        },
        "bw_min" : 0,
        "bw_max" : 0,
        "bw_agg" : 0.000000,
        "bw_mean" : 0.000000,
        "bw_dev" : 0.000000,
        "bw_samples" : 0,
        "iops_min" : 0,
        "iops_max" : 0,
        "iops_mean" : 0.000000,
        "iops_stddev" : 0.000000,
        "iops_samples" : 0
      },
      "write" : {
        "io_bytes" : 1073741824,
        "io_kbytes" : 1048576,
        "bw_bytes" : 2213900668,
        "bw" : 2162012,
        "iops" : 33781.443299,
        "runtime" : 485,
        "total_ios" : 16384,
        "short_ios" : 0,
        "drop_ios" : 0,
        "slat_ns" : {
          "min" : 0,
          "max" : 0,
          "mean" : 0.000000,
          "stddev" : 0.000000,
          "N" : 0
        },
        "clat_ns" : {
          "min" : 24122,
          "max" : 150495,
          "mean" : 28816.063049,
          "stddev" : 4168.220732,
          "N" : 16384,
          "percentile" : {
            "1.000000" : 25216,
            "5.000000" : 25728,
            "10.000000" : 25984,
            "20.000000" : 26240,
            "30.000000" : 26496,
            "40.000000" : 26752,
            "50.000000" : 27264,
            "60.000000" : 27776,
            "70.000000" : 29824,
            "80.000000" : 31360,
            "90.000000" : 33024,
            "95.000000" : 35584,
            "99.000000" : 42240,
            "99.500000" : 45312,
            "99.900000" : 59136,
            "99.950000" : 81408,
            "99.990000" : 148480
          },
          "bins" : {
            "24192" : 1,
            "24448" : 3,
            "24704" : 19,
            "24960" : 46,
            "25216" : 167,
            "25472" : 360,
            "25728" : 706,
            "25984" : 1054,
            "26240" : 1278,
            "26496" : 1474,
            "26752" : 1465,
            "27008" : 1272,
            "27264" : 985,
            "27520" : 784,
            "27776" : 525,
            "28032" : 324,
            "28288" : 195,
            "28544" : 151,
            "28800" : 115,
            "29056" : 94,
            "29312" : 137,
            "29568" : 200,
            "29824" : 230,
            "30080" : 245,
            "30336" : 294,
            "30592" : 293,
            "30848" : 291,
            "31104" : 279,
            "31360" : 260,
            "31616" : 257,
            "31872" : 267,
            "32128" : 291,
            "32384" : 278,
            "32640" : 252,
            "33024" : 345,
            "33536" : 221,
            "34048" : 131,
            "34560" : 106,
            "35072" : 107,
            "35584" : 106,
            "36096" : 82,
            "36608" : 73,
            "37120" : 72,
            "37632" : 66,
            "38144" : 47,
            "38656" : 45,
            "39168" : 23,
            "39680" : 40,
            "40192" : 33,
            "40704" : 40,
            "41216" : 36,
            "41728" : 40,
            "42240" : 24,
            "42752" : 12,
            "43264" : 17,
            "43776" : 11,
            "44288" : 17,
            "44800" : 14,
            "45312" : 5,
            "45824" : 6,
            "46336" : 6,
            "46848" : 5,
            "47360" : 1,
            "47872" : 7,
            "48384" : 2,
            "48896" : 5,
            "49408" : 3,
            "49920" : 5,
            "50432" : 4,
            "50944" : 1,
            "51456" : 1,
            "51968" : 2,
            "52480" : 1,
            "52992" : 2,
            "53504" : 3,
            "54528" : 1,
            "55040" : 1,
            "56064" : 1,
            "56576" : 2,
            "57088" : 1,
            "58112" : 1,
            "58624" : 1,
            "59136" : 1,
            "61696" : 1,
            "62208" : 1,
            "68096" : 2,
            "71168" : 1,
            "73216" : 1,
            "80384" : 1,
            "81408" : 1,
            "91648" : 1,
            "93696" : 1,
            "96768" : 1,
            "97792" : 1,
            "110080" : 1,
            "113152" : 1,
            "148480" : 1,
            "150528" : 1
          }
        },
        "lat_ns" : {
          "min" : 24528,
          "max" : 150812,
          "mean" : 29162.686218,
          "stddev" : 4188.008568,
          "N" : 16384
        },
        "bw_min" : 2097152,
        "bw_max" : 2097152,
        "bw_agg" : 97.000000,
        "bw_mean" : 2097152.000000,
        "bw_dev" : 0.000000,
        "bw_samples" : 1,
        "iops_min" : 32768,
        "iops_max" : 32768,
        "iops_mean" : 32768.000000,
        "iops_stddev" : 0.000000,
        "iops_samples" : 1
      },
      "trim" : {
        "io_bytes" : 0,
        "io_kbytes" : 0,
        "bw_bytes" : 0,
        "bw" : 0,
        "iops" : 0.000000,
        "runtime" : 0,
        "total_ios" : 0,
        "short_ios" : 0,
        "drop_ios" : 0,
        "slat_ns" : {
          "min" : 0,
          "max" : 0,
          "mean" : 0.000000,
          "stddev" : 0.000000,
          "N" : 0
        },
        "clat_ns" : {
          "min" : 0,
          "max" : 0,
          "mean" : 0.000000,
          "stddev" : 0.000000,
          "N" : 0
        },
        "lat_ns" : {
          "min" : 0,
          "max" : 0,
          "mean" : 0.000000,
          "stddev" : 0.000000,
          "N" : 0
        },
        "bw_min" : 0,
        "bw_max" : 0,
        "bw_agg" : 0.000000,
        "bw_mean" : 0.000000,
        "bw_dev" : 0.000000,
        "bw_samples" : 0,
        "iops_min" : 0,
        "iops_max" : 0,
        "iops_mean" : 0.000000,
        "iops_stddev" : 0.000000,
        "iops_samples" : 0
      },
      "sync" : {
        "total_ios" : 0,
        "lat_ns" : {
          "min" : 0,
          "max" : 0,
          "mean" : 0.000000,
          "stddev" : 0.000000,
          "N" : 0
        }
      },
      "job_runtime" : 484,
      "usr_cpu" : 2.892562,
      "sys_cpu" : 96.487603,
      "ctx" : 3,
      "majf" : 0,
      "minf" : 8,
      "iodepth_level" : {
        "1" : 100.000000,
        "2" : 0.000000,
        "4" : 0.000000,
        "8" : 0.000000,
        "16" : 0.000000,
        "32" : 0.000000,
        ">=64" : 0.000000
      },
      "iodepth_submit" : {
        "0" : 0.000000,
        "4" : 100.000000,
        "8" : 0.000000,
        "16" : 0.000000,
        "32" : 0.000000,
        "64" : 0.000000,
        ">=64" : 0.000000
      },
      "iodepth_complete" : {
        "0" : 0.000000,
        "4" : 100.000000,
        "8" : 0.000000,
        "16" : 0.000000,
        "32" : 0.000000,
        "64" : 0.000000,
        ">=64" : 0.000000
      },
      "latency_ns" : {
        "2" : 0.000000,