{
  "fio version" : "fio-3.39-38-gf18c",
  "timestamp" : 1744238255,
  "timestamp_ms" : 1744238255067,
  "time" : "Wed Apr  9 22:37:35 2025",
  "global options" : {
    "kb_base" : "1024",
    "runtime" : "600"
  },
  "jobs" : [
    {
      "jobname" : "nfsv3-write-1073741824-blk256-iod4",
      "groupid" : 0,
      "job_start" : 1744238242428,
      "error" : 0,
      "eta" : 0,
      "elapsed" : 13,
      "job options" : {
        "stonewall" : "",
        "rw" : "write",
        "size" : "1073741824",
        "bs" : "256",
        "iodepth" : "4",
        "filename" : "/nfsv3/scratch/adam/fsbench/nfsv3/nfsv3-write-1073741824-blk256-iod4.bin"
      },
      "read" : {
        "io_bytes" : 0,
        "io_kbytes" : 0,
        "bw_bytes" : 0,
        "bw" : 0,
        "iops" : 0.000000,
        "runtime" : 0,
        "total_ios" : 0,
        "short_ios" : 0,
        "drop_ios" : 0,
        "slat_ns" : {
          "min" : 0,
          "max" : 0,
          "mean" : 0.000000,
          "stddev" : 0.000000,
          "N" : 0
        },
        "clat_ns" : {
          "min" : 0,
          "max" : 0,
          "mean" : 0.000000,
          "stddev" : 0.000000,
          "N" : 0
        },
        "lat_ns" : {
          "min" : 0,
          "max" : 0,
          "mean" : 0.000000,
          "stddev" : 0.000000,
          "N" : 0
        },
        "bw_min" : 0,
        "bw_max" : 0,
        "bw_agg" : 0.000000,
        "bw_mean" : 0.000000,
        "bw_dev" : 0.000000,
        "bw_samples" : 0,
        "iops_min" : 0,
        "iops_max" : 0,
        "iops_mean" : 0.000000,
        "iops_stddev" : 0.000000,
        "iops_samples" : 0
      },
      "write" : {
        "io_bytes" : 1073741824,
        "io_kbytes" : 1048576,
        "bw_bytes" : 213255575,
        "bw" : 208257,
        "iops" : 833029.592850,
        "runtime" : 5035,
        "total_ios" : 4194304,
        "short_ios" : 0,
        "drop_ios" : 0,
        "slat_ns" : {
          "min" : 0,
          "max" : 0,
          "mean" : 0.000000,
          "stddev" : 0.000000,
          "N" : 0
        },
        "clat_ns" : {
          "min" : 761,
          "max" : 124611,
          "mean" : 962.290267,
          "stddev" : 602.270916,
          "N" : 4194304,
          "percentile" : {
            "1.000000" : 772,
            "5.000000" : 780,
            "10.000000" : 788,
            "20.000000" : 804,
            "30.000000" : 812,
            "40.000000" : 844,
            "50.000000" : 868,
            "60.000000" : 876,
            "70.000000" : 892,
            "80.000000" : 908,
            "90.000000" : 972,
            "95.000000" : 1832,
            "99.000000" : 2672,
            "99.500000" : 3216,
            "99.900000" : 8384,
            "99.950000" : 9920,
            "99.990000" : 15168
          },
          "bins" : {
            "764" : 716,
            "772" : 55717,
            "780" : 264558,
            "788" : 294576,
            "796" : 197782,
            "804" : 276180,
            "812" : 271425,
            "820" : 124003,
            "828" : 58442,
            "836" : 62207,
            "844" : 96396,
            "852" : 124226,
            "860" : 166528,
            "868" : 268858,
            "876" : 296348,
            "884" : 296882,
            "892" : 279159,
            "900" : 219057,
            "908" : 123487,
            "916" : 59585,
            "924" : 37586,
            "932" : 39704,
            "940" : 41650,
            "948" : 44702,
            "956" : 41251,
            "964" : 33659,
            "972" : 19914,
            "980" : 9242,
            "988" : 4484,
            "996" : 2811,
            "1004" : 2159,
            "1012" : 1926,
            "1020" : 1625,
            "1032" : 2858,
            "1048" : 2466,
            "1064" : 2500,
            "1080" : 2668,
            "1096" : 3105,
            "1112" : 3343,
            "1128" : 3827,
            "1144" : 4133,
            "1160" : 4467,
            "1176" : 5474,
            "1192" : 6852,
            "1208" : 6244,
            "1224" : 4921,
            "1240" : 4755,
            "1256" : 4696,
            "1272" : 4943,
            "1288" : 5449,
            "1304" : 4771,
            "1320" : 3524,
            "1336" : 2701,
            "1352" : 2247,
            "1368" : 1999,
            "1384" : 1996,
            "1400" : 1775,
            "1416" : 1559,
            "1432" : 1325,
            "1448" : 1242,
            "1464" : 1077,
            "1480" : 897,
            "1496" : 896,
            "1512" : 737,
            "1528" : 693,
            "1544" : 652,
            "1560" : 770,
            "1576" : 1038,
            "1592" : 1523,
            "1608" : 2053,
            "1624" : 2480,
            "1640" : 2973,
            "1656" : 3167,
            "1672" : 3304,
            "1688" : 3431,
            "1704" : 3509,
            "1720" : 3755,
            "1736" : 4223,
            "1752" : 4744,
            "1768" : 5357,
            "1784" : 5722,
            "1800" : 6102,
            "1816" : 6232,
            "1832" : 6600,
            "1848" : 6636,
            "1864" : 6717,
            "1880" : 6752,
            "1896" : 6761,
            "1912" : 6879,
            "1928" : 6841,
            "1944" : 6491,
            "1960" : 6477,
            "1976" : 6397,
            "1992" : 6245,
            "2008" : 5933,
            "2024" : 5602,
            "2040" : 5490,
            "2064" : 10208,
            "2096" : 9227,
            "2128" : 8491,
            "2160" : 7216,
            "2192" : 6403,
            "2224" : 5704,
            "2256" : 5098,
            "2288" : 4482,
            "2320" : 3962,
            "2352" : 3293,
            "2384" : 2994,
            "2416" : 2670,
            "2448" : 2486,
            "2480" : 2231,
            "2512" : 2107,
            "2544" : 1961,
            "2576" : 1991,
            "2608" : 1786,
            "2640" : 1746,
            "2672" : 1848,
            "2704" : 1770,
            "2736" : 1723,
            "2768" : 1609,
            "2800" : 1563,
            "2832" : 1447,
            "2864" : 1348,
            "2896" : 1391,
            "2928" : 1221,
            "2960" : 1148,
            "2992" : 1162,
            "3024" : 1045,
            "3056" : 911,
            "3088" : 941,
            "3120" : 786,
            "3152" : 704,
            "3184" : 723,
            "3216" : 595,
            "3248" : 541,
            "3280" : 500,
            "3312" : 430,
            "3344" : 427,
            "3376" : 370,
            "3408" : 362,
            "3440" : 310,
            "3472" : 271,
            "3504" : 276,
            "3536" : 215,
            "3568" : 211,
            "3600" : 204,
            "3632" : 178,
            "3664" : 170,
            "3696" : 156,
            "3728" : 132,
            "3760" : 132,
            "3792" : 149,
            "3824" : 121,
            "3856" : 104,
            "3888" : 117,
            "3920" : 101,
            "3952" : 120,
            "3984" : 99,
            "4016" : 107,
            "4048" : 107,
            "4080" : 103,
            "4128" : 175,
            "4192" : 180,
            "4256" : 215,
            "4320" : 182,
            "4384" : 185,
            "4448" : 198,
            "4512" : 190,
            "4576" : 190,
            "4640" : 199,
            "4704" : 203,
            "4768" : 190,
            "4832" : 155,
            "4896" : 155,
            "4960" : 177,
            "5024" : 154,
            "5088" : 171,
            "5152" : 167,
            "5216" : 166,
            "5280" : 159,
            "5344" : 178,
            "5408" : 186,
            "5472" : 190,
            "5536" : 207,
            "5600" : 220,
            "5664" : 189,
            "5728" : 189,
            "5792" : 171,
            "5856" : 174,
            "5920" : 179,
            "5984" : 149,
            "6048" : 166,
            "6112" : 150,