{
  "fio version" : "fio-3.39-38-gf18c",
  "timestamp" : 1744414383,
  "timestamp_ms" : 1744414383023,
  "time" : "Fri Apr 11 23:33:03 2025",
  "global options" : {
    "kb_base" : "1024",
    "runtime" : "600s"
  },
  "jobs" : [
    {
      "jobname" : "nfsv4-randwrite-17179869184-blk65536-iod1",
      "groupid" : 0,
      "job_start" : 1744414254134,
      "error" : 0,
      "eta" : 0,
      "elapsed" : 129,
      "job options" : {
        "stonewall" : "",
        "rw" : "randwrite",
        "size" : "17179869184",
        "bs" : "65536",
        "iodepth" : "1",
        "filename" : "/scratch/adam/fsbench/nfsv4/nfsv4-randwrite-17179869184-blk65536-iod1.bin"
      },
      "read" : {
        "io_bytes" : 0,
        "io_kbytes" : 0,
        "bw_bytes" : 0,
        "bw" : 0,
        "iops" : 0.000000,
        "runtime" : 0,
        "total_ios" : 0,
        "short_ios" : 0,
        "drop_ios" : 0,
        "slat_ns" : {
          "min" : 0,
          "max" : 0,
          "mean" : 0.000000,
          "stddev" : 0.000000,
          "N" : 0
        },
        "clat_ns" : {
          "min" : 0,
          "max" : 0,
          "mean" : 0.000000,
          "stddev" : 0.000000,
          "N" : 0
        },
        "lat_ns" : {
          "min" : 0,
          "max" : 0,
          "mean" : 0.000000,
          "stddev" : 0.000000,
          "N" : 0
        },
        "bw_min" : 0,
        "bw_max" : 0,
        "bw_agg" : 0.000000,
        "bw_mean" : 0.000000,
        "bw_dev" : 0.000000,
        "bw_samples" : 0,
        "iops_min" : 0,
        "iops_max" : 0,
        "iops_mean" : 0.000000,
        "iops_stddev" : 0.000000,
        "iops_samples" : 0
      },
      "write" : {
        "io_bytes" : 17179869184,
        "io_kbytes" : 16777216,
        "bw_bytes" : 179974954,
        "bw" : 175756,
        "iops" : 2746.199860,
        "runtime" : 95457,
        "total_ios" : 262144,
        "short_ios" : 0,
        "drop_ios" : 0,
        "slat_ns" : {
          "min" : 0,
          "max" : 0,
          "mean" : 0.000000,
          "stddev" : 0.000000,
          "N" : 0
        },
        "clat_ns" : {
          "min" : 20143,
          "max" : 26529803,
          "mean" : 363083.300083,
          "stddev" : 1858822.240211,
          "N" : 262144,
          "percentile" : {
            "1.000000" : 24704,
            "5.000000" : 25472,
            "10.000000" : 26240,
            "20.000000" : 27520,
            "30.000000" : 28288,
            "40.000000" : 29568,
            "50.000000" : 31360,
            "60.000000" : 35584,
            "70.000000" : 41216,
            "80.000000" : 46336,
            "90.000000" : 58112,
            "95.000000" : 76288,
            "99.000000" : 9371648,
            "99.500000" : 15007744,
            "99.900000" : 16580608,
            "99.950000" : 16580608,
            "99.990000" : 17432576
          },
          "bins" : {
            "20096" : 2,
            "20608" : 1,
            "20864" : 2,
            "21120" : 2,
            "21376" : 1,
            "22144" : 1,
            "22400" : 3,
            "22656" : 4,
            "22912" : 9,
            "23168" : 5,
            "23424" : 19,
            "23680" : 39,
            "23936" : 87,
            "24192" : 292,
            "24448" : 745,
            "24704" : 1584,
            "24960" : 2650,
            "25216" : 3615,
            "25472" : 4146,
            "25728" : 4439,
            "25984" : 4502,
            "26240" : 4544,
            "26496" : 4915,
            "26752" : 5664,
            "27008" : 6840,
            "27264" : 7609,
            "27520" : 8252,
            "27776" : 8348,
            "28032" : 7782,
            "28288" : 7187,
            "28544" : 6321,
            "28800" : 5579,
            "29056" : 4842,
            "29312" : 4518,
            "29568" : 4349,
            "29824" : 3970,
            "30080" : 3881,
            "30336" : 3746,
            "30592" : 3440,
            "30848" : 3178,
            "31104" : 2818,
            "31360" : 2565,
            "31616" : 2246,
            "31872" : 2059,
            "32128" : 1860,
            "32384" : 1619,
            "32640" : 1537,
            "33024" : 2928,
            "33536" : 3059,
            "34048" : 2921,
            "34560" : 2868,
            "35072" : 2704,
            "35584" : 2535,
            "36096" : 2250,
            "36608" : 2228,
            "37120" : 2113,
            "37632" : 2139,
            "38144" : 1976,
            "38656" : 1796,
            "39168" : 1648,
            "39680" : 1892,
            "40192" : 2397,
            "40704" : 3125,
            "41216" : 3662,
            "41728" : 3762,
            "42240" : 3541,
            "42752" : 3415,
            "43264" : 3041,
            "43776" : 2661,
            "44288" : 2478,
            "44800" : 2265,
            "45312" : 2122,
            "45824" : 1895,
            "46336" : 1739,
            "46848" : 1683,
            "47360" : 1610,
            "47872" : 1494,
            "48384" : 1466,
            "48896" : 1386,
            "49408" : 1359,
            "49920" : 1390,
            "50432" : 1310,
            "50944" : 1263,
            "51456" : 1206,
            "51968" : 1107,
            "52480" : 1041,
            "52992" : 960,
            "53504" : 910,
            "54016" : 939,
            "54528" : 846,
            "55040" : 753,
            "55552" : 825,
            "56064" : 800,
            "56576" : 747,
            "57088" : 705,
            "57600" : 624,
            "58112" : 673,
            "58624" : 591,
            "59136" : 629,
            "59648" : 607,
            "60160" : 571,
            "60672" : 570,
            "61184" : 542,
            "61696" : 478,
            "62208" : 477,
            "62720" : 476,
            "63232" : 458,
            "63744" : 422,
            "64256" : 406,
            "64768" : 409,
            "65280" : 429,
            "66048" : 719,
            "67072" : 726,
            "68096" : 618,
            "69120" : 594,
            "70144" : 584,
            "71168" : 537,
            "72192" : 531,
            "73216" : 408,
            "74240" : 463,
            "75264" : 416,
            "76288" : 364,
            "77312" : 351,
            "78336" : 330,
            "79360" : 276,
            "80384" : 252,
            "81408" : 265,
            "82432" : 216,
            "83456" : 206,
            "84480" : 177,
            "85504" : 172,
            "86528" : 163,
            "87552" : 152,
            "88576" : 129,
            "89600" : 132,
            "90624" : 115,
            "91648" : 96,
            "92672" : 89,
            "93696" : 92,
            "94720" : 82,
            "95744" : 76,
            "96768" : 67,
            "97792" : 81,
            "98816" : 62,
            "99840" : 68,
            "100864" : 52,
            "101888" : 33,
            "102912" : 42,
            "103936" : 42,
            "104960" : 37,
            "105984" : 38,
            "107008" : 31,
            "108032" : 35,
            "109056" : 32,
            "110080" : 30,
            "111104" : 22,
            "112128" : 17,
            "113152" : 22,
            "114176" : 24,
            "115200" : 21,
            "116224" : 20,
            "117248" : 23,
            "118272" : 17,
            "119296" : 17,
            "120320" : 7,
            "121344" : 11,
            "122368" : 14,
            "123392" : 7,
            "124416" : 14,
            "125440" : 13,
            "126464" : 9,
            "127488" : 8,
            "128512" : 6,
            "129536" : 10,
            "130560" : 2,
            "132096" : 12,
            "134144" : 10,
            "136192" : 13,
            "138240" : 7,
            "140288" : 14,
            "142336" : 10,
            "144384" : 12,
            "146432" : 4,
            "148480" : 5,
            "150528" : 11,
            "152576" : 5,
            "154624" : 5,