{
  "fio version" : "fio-3.39-38-gf18c",
  "timestamp" : 1744238221,
  "timestamp_ms" : 1744238221917,
  "time" : "Wed Apr  9 22:37:01 2025",
  "global options" : {
    "kb_base" : "1024",
    "runtime" : "600"
  },
  "jobs" : [
    {
      "jobname" : "nfsv3-write-1073741824-blk256-iod1",
      "groupid" : 0,
      "job_start" : 1744238209411,
      "error" : 0,
      "eta" : 0,
      "elapsed" : 13,
      "job options" : {
        "stonewall" : "",
        "rw" : "write",
        "size" : "1073741824",
        "bs" : "256",
        "iodepth" : "1",
        "filename" : "/nfsv3/scratch/adam/fsbench/nfsv3/nfsv3-write-1073741824-blk256-iod1.bin"
      },
      "read" : {
        "io_bytes" : 0,
        "io_kbytes" : 0,
        "bw_bytes" : 0,
        "bw" : 0,
        "iops" : 0.000000,
        "runtime" : 0,
        "total_ios" : 0,
        "short_ios" : 0,
        "drop_ios" : 0,
        "slat_ns" : {
          "min" : 0,
          "max" : 0,
          "mean" : 0.000000,
          "stddev" : 0.000000,
          "N" : 0
        },
        "clat_ns" : {
          "min" : 0,
          "max" : 0,
          "mean" : 0.000000,
          "stddev" : 0.000000,
          "N" : 0
        },
        "lat_ns" : {
          "min" : 0,
          "max" : 0,
          "mean" : 0.000000,
          "stddev" : 0.000000,
          "N" : 0
        },
        "bw_min" : 0,
        "bw_max" : 0,
        "bw_agg" : 0.000000,
        "bw_mean" : 0.000000,
        "bw_dev" : 0.000000,
        "bw_samples" : 0,
        "iops_min" : 0,
        "iops_max" : 0,
        "iops_mean" : 0.000000,
        "iops_stddev" : 0.000000,
        "iops_samples" : 0
      },
      "write" : {
        "io_bytes" : 1073741824,
        "io_kbytes" : 1048576,
        "bw_bytes" : 216175120,
        "bw" : 211108,
        "iops" : 844434.064828,
        "runtime" : 4967,
        "total_ios" : 4194304,
        "short_ios" : 0,
        "drop_ios" : 0,
        "slat_ns" : {
          "min" : 0,
          "max" : 0,
          "mean" : 0.000000,
          "stddev" : 0.000000,
          "N" : 0
        },
        "clat_ns" : {
          "min" : 759,
          "max" : 110497,
          "mean" : 966.921949,
          "stddev" : 632.387709,
          "N" : 4194304,
          "percentile" : {
            "1.000000" : 772,
            "5.000000" : 780,
            "10.000000" : 780,
            "20.000000" : 796,
            "30.000000" : 812,
            "40.000000" : 844,
            "50.000000" : 868,
            "60.000000" : 876,
            "70.000000" : 892,
            "80.000000" : 908,
            "90.000000" : 988,
            "95.000000" : 1848,
            "99.000000" : 2736,
            "99.500000" : 3376,
            "99.900000" : 8640,
            "99.950000" : 10688,
            "99.990000" : 16192
          },
          "bins" : {
            "756" : 2,
            "764" : 5431,
            "772" : 125074,
            "780" : 311536,
            "788" : 341469,
            "796" : 308356,
            "804" : 161671,
            "812" : 121456,
            "820" : 122379,
            "828" : 77790,
            "836" : 78502,
            "844" : 87030,
            "852" : 110074,
            "860" : 180469,
            "868" : 248401,
            "876" : 324808,
            "884" : 323889,
            "892" : 239965,
            "900" : 162218,
            "908" : 89497,
            "916" : 61454,
            "924" : 48327,
            "932" : 42791,
            "940" : 54105,
            "948" : 50794,
            "956" : 40053,
            "964" : 27359,
            "972" : 16432,
            "980" : 12244,
            "988" : 8059,
            "996" : 5619,
            "1004" : 4594,
            "1012" : 3931,
            "1020" : 3096,
            "1032" : 4620,
            "1048" : 4025,
            "1064" : 3740,
            "1080" : 3982,
            "1096" : 3845,
            "1112" : 3892,
            "1128" : 4082,
            "1144" : 4381,
            "1160" : 5380,
            "1176" : 5921,
            "1192" : 5043,
            "1208" : 4576,
            "1224" : 4248,
            "1240" : 4367,
            "1256" : 4409,
            "1272" : 4215,
            "1288" : 4070,
            "1304" : 3166,
            "1320" : 2392,
            "1336" : 2219,
            "1352" : 2004,
            "1368" : 1779,
            "1384" : 1713,
            "1400" : 1548,
            "1416" : 1340,
            "1432" : 1169,
            "1448" : 1102,
            "1464" : 1087,
            "1480" : 1067,
            "1496" : 1030,
            "1512" : 1053,
            "1528" : 1158,
            "1544" : 1250,
            "1560" : 1747,
            "1576" : 2372,
            "1592" : 3023,
            "1608" : 3703,
            "1624" : 4299,
            "1640" : 4833,
            "1656" : 4683,
            "1672" : 4366,
            "1688" : 4543,
            "1704" : 4726,
            "1720" : 5104,
            "1736" : 5169,
            "1752" : 5340,
            "1768" : 5804,
            "1784" : 5913,
            "1800" : 6102,
            "1816" : 6188,
            "1832" : 6176,
            "1848" : 6117,
            "1864" : 6018,
            "1880" : 5966,
            "1896" : 5962,
            "1912" : 5956,
            "1928" : 5942,
            "1944" : 5688,
            "1960" : 5756,
            "1976" : 5548,
            "1992" : 5368,
            "2008" : 5283,
            "2024" : 5058,
            "2040" : 4949,
            "2064" : 9667,
            "2096" : 9078,
            "2128" : 8347,
            "2160" : 7745,
            "2192" : 7008,
            "2224" : 6321,
            "2256" : 5767,
            "2288" : 5051,
            "2320" : 4608,
            "2352" : 3921,
            "2384" : 3453,
            "2416" : 3236,
            "2448" : 2940,
            "2480" : 2725,
            "2512" : 2508,
            "2544" : 2305,
            "2576" : 2164,
            "2608" : 2140,
            "2640" : 1967,
            "2672" : 1858,
            "2704" : 1869,
            "2736" : 1780,
            "2768" : 1742,
            "2800" : 1539,
            "2832" : 1608,
            "2864" : 1535,
            "2896" : 1409,
            "2928" : 1367,
            "2960" : 1334,
            "2992" : 1207,
            "3024" : 1112,
            "3056" : 999,
            "3088" : 927,
            "3120" : 919,
            "3152" : 804,
            "3184" : 765,
            "3216" : 704,
            "3248" : 633,
            "3280" : 592,
            "3312" : 529,
            "3344" : 504,
            "3376" : 460,
            "3408" : 428,
            "3440" : 423,
            "3472" : 367,
            "3504" : 333,
            "3536" : 304,
            "3568" : 275,
            "3600" : 266,
            "3632" : 240,
            "3664" : 215,
            "3696" : 214,
            "3728" : 191,
            "3760" : 188,
            "3792" : 148,
            "3824" : 164,
            "3856" : 157,
            "3888" : 142,
            "3920" : 146,
            "3952" : 144,
            "3984" : 151,
            "4016" : 156,
            "4048" : 136,
            "4080" : 158,
            "4128" : 323,
            "4192" : 322,
            "4256" : 330,
            "4320" : 304,
            "4384" : 293,
            "4448" : 262,
            "4512" : 255,
            "4576" : 239,
            "4640" : 238,
            "4704" : 211,
            "4768" : 196,
            "4832" : 213,
            "4896" : 190,
            "4960" : 202,
            "5024" : 168,
            "5088" : 180,
            "5152" : 197,
            "5216" : 195,
            "5280" : 207,
            "5344" : 236,
            "5408" : 225,
            "5472" : 238,
            "5536" : 250,
            "5600" : 265,
            "5664" : 257,
            "5728" : 211,
            "5792" : 210,
            "5856" : 205,
            "5920" : 206,
            "5984" : 187,
            "6048" : 159,