{
  "fio version" : "fio-3.39-38-gf18c",
  "timestamp" : 1744245046,
  "timestamp_ms" : 1744245046340,
  "time" : "Thu Apr 10 00:30:46 2025",
  "global options" : {
    "kb_base" : "1024",
    "runtime" : "600"
  },
  "jobs" : [
    {
      "jobname" : "nfsv3-randwrite-1073741824-blk65536-iod4",
      "groupid" : 0,
      "job_start" : 1744245038201,
      "error" : 0,
      "eta" : 0,
      "elapsed" : 9,
      "job options" : {
        "stonewall" : "",
        "rw" : "randwrite",
        "size" : "1073741824",
        "bs" : "65536",
        "iodepth" : "4",
        "filename" : "/nfsv3/scratch/adam/fsbench/nfsv3/nfsv3-randwrite-1073741824-blk65536-iod4.bin"
      },
      "read" : {
        "io_bytes" : 0,
        "io_kbytes" : 0,
        "bw_bytes" : 0,
        "bw" : 0,
        "iops" : 0.000000,
        "runtime" : 0,
        "total_ios" : 0,
        "short_ios" : 0,
        "drop_ios" : 0,
        "slat_ns" : {
          "min" : 0,
          "max" : 0,
          "mean" : 0.000000,
          "stddev" : 0.000000,
          "N" : 0
        },
        "clat_ns" : {
          "min" : 0,
          "max" : 0,
          "mean" : 0.000000,
          "stddev" : 0.000000,
          "N" : 0
        },
        "lat_ns" : {
          "min" : 0,
          "max" : 0,
          "mean" : 0.000000,
          "stddev" : 0.000000,
          "N" : 0
        },
        "bw_min" : 0,
        "bw_max" : 0,
        "bw_agg" : 0.000000,
        "bw_mean" : 0.000000,
        "bw_dev" : 0.000000,
        "bw_samples" : 0,
        "iops_min" : 0,
        "iops_max" : 0,
        "iops_mean" : 0.000000,
        "iops_stddev" : 0.000000,
        "iops_samples" : 0
      },
      "write" : {
        "io_bytes" : 1073741824,
        "io_kbytes" : 1048576,
        "bw_bytes" : 2160446325,
        "bw" : 2109810,
        "iops" : 32965.794769,
        "runtime" : 497,
        "total_ios" : 16384,
        "short_ios" : 0,
        "drop_ios" : 0,
        "slat_ns" : {
          "min" : 0,
          "max" : 0,
          "mean" : 0.000000,
          "stddev" : 0.000000,
          "N" : 0
        },
        "clat_ns" : {
          "min" : 24133,
          "max" : 204148,
          "mean" : 29457.620422,
          "stddev" : 4967.357056,
          "N" : 16384,
          "percentile" : {
            "1.000000" : 25216,
            "5.000000" : 25728,
            "10.000000" : 25984,
            "20.000000" : 26496,
            "30.000000" : 27008,
            "40.000000" : 27264,
            "50.000000" : 27776,
            "60.000000" : 28544,
            "70.000000" : 30080,
            "80.000000" : 32128,
            "90.000000" : 34560,
            "95.000000" : 37120,
            "99.000000" : 45824,
            "99.500000" : 49920,
            "99.900000" : 70144,
            "99.950000" : 85504,
            "99.990000" : 164864
          },
          "bins" : {
            "24192" : 4,
            "24448" : 9,
            "24704" : 34,
            "24960" : 56,
            "25216" : 150,
            "25472" : 288,
            "25728" : 454,
            "25984" : 717,
            "26240" : 966,
            "26496" : 1027,
            "26752" : 1062,
            "27008" : 1174,
            "27264" : 1044,
            "27520" : 925,
            "27776" : 759,
            "28032" : 570,
            "28288" : 422,
            "28544" : 315,
            "28800" : 264,
            "29056" : 226,
            "29312" : 210,
            "29568" : 243,
            "29824" : 282,
            "30080" : 298,
            "30336" : 301,
            "30592" : 297,
            "30848" : 247,
            "31104" : 232,
            "31360" : 171,
            "31616" : 157,
            "31872" : 122,
            "32128" : 137,
            "32384" : 130,
            "32640" : 158,
            "33024" : 405,
            "33536" : 427,
            "34048" : 386,
            "34560" : 277,
            "35072" : 203,
            "35584" : 142,
            "36096" : 125,
            "36608" : 101,
            "37120" : 74,
            "37632" : 88,
            "38144" : 75,
            "38656" : 53,
            "39168" : 53,
            "39680" : 58,
            "40192" : 39,
            "40704" : 32,
            "41216" : 38,
            "41728" : 31,
            "42240" : 23,
            "42752" : 36,
            "43264" : 29,
            "43776" : 21,
            "44288" : 21,
            "44800" : 13,
            "45312" : 17,
            "45824" : 16,
            "46336" : 15,
            "46848" : 7,
            "47360" : 10,
            "47872" : 10,
            "48384" : 4,
            "48896" : 7,
            "49408" : 11,
            "49920" : 8,
            "50432" : 5,
            "50944" : 4,
            "51456" : 2,
            "51968" : 7,
            "52480" : 4,
            "52992" : 2,
            "53504" : 5,
            "54016" : 5,
            "54528" : 4,
            "55552" : 2,
            "56064" : 1,
            "56576" : 1,
            "57088" : 3,
            "57600" : 3,
            "58624" : 2,
            "59136" : 1,
            "60160" : 2,
            "60672" : 1,
            "61696" : 2,
            "62720" : 1,
            "64256" : 1,
            "67072" : 2,
            "69120" : 1,
            "70144" : 1,
            "71168" : 2,
            "72192" : 1,
            "76288" : 1,
            "78336" : 1,
            "79360" : 1,
            "82432" : 1,
            "85504" : 2,
            "110080" : 1,
            "114176" : 1,
            "117248" : 1,
            "144384" : 1,
            "156672" : 1,
            "164864" : 1,
            "203776" : 1
          }
        },
        "lat_ns" : {
          "min" : 24463,
          "max" : 204627,
          "mean" : 29799.283630,
          "stddev" : 4995.358928,
          "N" : 16384
        },
        "bw_min" : 2097152,
        "bw_max" : 2097152,
        "bw_agg" : 99.400000,
        "bw_mean" : 2097152.000000,
        "bw_dev" : 0.000000,
        "bw_samples" : 1,
        "iops_min" : 32768,
        "iops_max" : 32768,
        "iops_mean" : 32768.000000,
        "iops_stddev" : 0.000000,
        "iops_samples" : 1
      },
      "trim" : {
        "io_bytes" : 0,
        "io_kbytes" : 0,
        "bw_bytes" : 0,
        "bw" : 0,
        "iops" : 0.000000,
        "runtime" : 0,
        "total_ios" : 0,
        "short_ios" : 0,
        "drop_ios" : 0,
        "slat_ns" : {
          "min" : 0,
          "max" : 0,
          "mean" : 0.000000,
          "stddev" : 0.000000,
          "N" : 0
        },
        "clat_ns" : {
          "min" : 0,
          "max" : 0,
          "mean" : 0.000000,
          "stddev" : 0.000000,
          "N" : 0
        },
        "lat_ns" : {
          "min" : 0,
          "max" : 0,
          "mean" : 0.000000,
          "stddev" : 0.000000,
          "N" : 0
        },
        "bw_min" : 0,
        "bw_max" : 0,
        "bw_agg" : 0.000000,
        "bw_mean" : 0.000000,
        "bw_dev" : 0.000000,
        "bw_samples" : 0,
        "iops_min" : 0,
        "iops_max" : 0,
        "iops_mean" : 0.000000,
        "iops_stddev" : 0.000000,
        "iops_samples" : 0
      },
      "sync" : {
        "total_ios" : 0,
        "lat_ns" : {
          "min" : 0,
          "max" : 0,
          "mean" : 0.000000,
          "stddev" : 0.000000,
          "N" : 0
        }
      },
      "job_runtime" : 496,
      "usr_cpu" : 2.419355,
      "sys_cpu" : 96.774194,
      "ctx" : 2,
      "majf" : 0,
      "minf" : 7,
      "iodepth_level" : {
        "1" : 100.000000,
        "2" : 0.000000,
        "4" : 0.000000,
        "8" : 0.000000,
        "16" : 0.000000,
        "32" : 0.000000,
        ">=64" : 0.000000
      },
      "iodepth_submit" : {
        "0" : 0.000000,
        "4" : 100.000000,
        "8" : 0.000000,
        "16" : 0.000000,
        "32" : 0.000000,
        "64" : 0.000000,
        ">=64" : 0.000000
      },
      "iodepth_complete" : {
        "0" : 0.000000,