{
  "fio version" : "fio-3.39-38-gf18c",
  "timestamp" : 1744242942,
  "timestamp_ms" : 1744242942110,
  "time" : "Wed Apr  9 23:55:42 2025",
  "global options" : {
    "kb_base" : "1024",
    "runtime" : "600"
  },
  "jobs" : [
    {
      "jobname" : "nfsv4-randwrite-67108864-blk65536-iod4",
      "groupid" : 0,
      "job_start" : 1744242941723,
      "error" : 0,
      "eta" : 2147483647,
      "elapsed" : 1,
      "job options" : {
        "stonewall" : "",
        "rw" : "randwrite",
        "size" : "67108864",
        "bs" : "65536",
        "iodepth" : "4",
        "filename" : "/scratch/adam/fsbench/nfsv4/nfsv4-randwrite-67108864-blk65536-iod4.bin"
      },
      "read" : {
        "io_bytes" : 0,
        "io_kbytes" : 0,
        "bw_bytes" : 0,
        "bw" : 0,
        "iops" : 0.000000,
        "runtime" : 0,
        "total_ios" : 0,
        "short_ios" : 0,
        "drop_ios" : 0,
        "slat_ns" : {
          "min" : 0,
          "max" : 0,
          "mean" : 0.000000,
          "stddev" : 0.000000,
          "N" : 0
        },
        "clat_ns" : {
          "min" : 0,
          "max" : 0,
          "mean" : 0.000000,
          "stddev" : 0.000000,
          "N" : 0
        },
        "lat_ns" : {
          "min" : 0,
          "max" : 0,
          "mean" : 0.000000,
          "stddev" : 0.000000,
          "N" : 0
        },
        "bw_min" : 0,
        "bw_max" : 0,
        "bw_agg" : 0.000000,
        "bw_mean" : 0.000000,
        "bw_dev" : 0.000000,
        "bw_samples" : 0,
        "iops_min" : 0,
        "iops_max" : 0,
        "iops_mean" : 0.000000,
        "iops_stddev" : 0.000000,
        "iops_samples" : 0
      },
      "write" : {
        "io_bytes" : 67108864,
        "io_kbytes" : 65536,
        "bw_bytes" : 2033601939,
        "bw" : 1985939,
        "iops" : 31030.303030,
        "runtime" : 33,
        "total_ios" : 1024,
        "short_ios" : 0,
        "drop_ios" : 0,
        "slat_ns" : {
          "min" : 0,
          "max" : 0,
          "mean" : 0.000000,
          "stddev" : 0.000000,
          "N" : 0
        },
        "clat_ns" : {
          "min" : 25128,
          "max" : 189846,
          "mean" : 29990.521484,
          "stddev" : 7011.177763,
          "N" : 1024,
          "percentile" : {
            "1.000000" : 25728,
            "5.000000" : 25984,
            "10.000000" : 26240,
            "20.000000" : 26752,
            "30.000000" : 27008,
            "40.000000" : 27520,
            "50.000000" : 27776,
            "60.000000" : 28544,
            "70.000000" : 31360,
            "80.000000" : 33024,
            "90.000000" : 34560,
            "95.000000" : 38144,
            "99.000000" : 45824,
            "99.500000" : 54528,
            "99.900000" : 96768,
            "99.950000" : 189440,
            "99.990000" : 189440
          },
          "bins" : {
            "25216" : 2,
            "25472" : 4,
            "25728" : 15,
            "25984" : 37,
            "26240" : 47,
            "26496" : 66,
            "26752" : 79,
            "27008" : 83,
            "27264" : 59,
            "27520" : 73,
            "27776" : 63,
            "28032" : 37,
            "28288" : 30,
            "28544" : 27,
            "28800" : 27,
            "29056" : 6,
            "29312" : 11,
            "29568" : 3,
            "29824" : 8,
            "30080" : 8,
            "30336" : 4,
            "30592" : 7,
            "30848" : 4,
            "31104" : 12,
            "31360" : 10,
            "31616" : 12,
            "31872" : 15,
            "32128" : 13,
            "32384" : 24,
            "32640" : 21,
            "33024" : 34,
            "33536" : 38,
            "34048" : 33,
            "34560" : 16,
            "35072" : 11,
            "35584" : 11,
            "36096" : 8,
            "36608" : 5,
            "37120" : 2,
            "37632" : 6,
            "38144" : 3,
            "38656" : 3,
            "39168" : 6,
            "39680" : 5,
            "40192" : 2,
            "40704" : 3,
            "41216" : 4,
            "41728" : 1,
            "42240" : 2,
            "42752" : 4,
            "43264" : 3,
            "43776" : 3,
            "44288" : 2,
            "45312" : 1,
            "45824" : 1,
            "47360" : 1,
            "50944" : 1,
            "52480" : 1,
            "53504" : 1,
            "54528" : 1,
            "59136" : 1,
            "62720" : 2,
            "96768" : 1,
            "189440" : 1
          }
        },
        "lat_ns" : {
          "min" : 25400,
          "max" : 190183,
          "mean" : 30344.066406,
          "stddev" : 7056.035323,
          "N" : 1024
        },
        "bw_min" : 0,
        "bw_max" : 0,
        "bw_agg" : 0.000000,
        "bw_mean" : 0.000000,
        "bw_dev" : 0.000000,
        "bw_samples" : 0,
        "iops_min" : 0,
        "iops_max" : 0,
        "iops_mean" : 0.000000,
        "iops_stddev" : 0.000000,
        "iops_samples" : 0
      },
      "trim" : {
        "io_bytes" : 0,
        "io_kbytes" : 0,
        "bw_bytes" : 0,
        "bw" : 0,
        "iops" : 0.000000,
        "runtime" : 0,
        "total_ios" : 0,
        "short_ios" : 0,
        "drop_ios" : 0,
        "slat_ns" : {
          "min" : 0,
          "max" : 0,
          "mean" : 0.000000,
          "stddev" : 0.000000,
          "N" : 0
        },
        "clat_ns" : {
          "min" : 0,
          "max" : 0,
          "mean" : 0.000000,
          "stddev" : 0.000000,
          "N" : 0
        },
        "lat_ns" : {
          "min" : 0,
          "max" : 0,
          "mean" : 0.000000,
          "stddev" : 0.000000,
          "N" : 0
        },
        "bw_min" : 0,
        "bw_max" : 0,
        "bw_agg" : 0.000000,
        "bw_mean" : 0.000000,
        "bw_dev" : 0.000000,
        "bw_samples" : 0,
        "iops_min" : 0,
        "iops_max" : 0,
        "iops_mean" : 0.000000,
        "iops_stddev" : 0.000000,
        "iops_samples" : 0
      },
      "sync" : {
        "total_ios" : 0,
        "lat_ns" : {
          "min" : 0,
          "max" : 0,
          "mean" : 0.000000,
          "stddev" : 0.000000,
          "N" : 0
        }
      },
      "job_runtime" : 32,
      "usr_cpu" : 0.000000,
      "sys_cpu" : 93.750000,
      "ctx" : 1,
      "majf" : 0,
      "minf" : 7,
      "iodepth_level" : {
        "1" : 100.000000,
        "2" : 0.000000,
        "4" : 0.000000,
        "8" : 0.000000,
        "16" : 0.000000,
        "32" : 0.000000,
        ">=64" : 0.000000
      },
      "iodepth_submit" : {
        "0" : 0.000000,
        "4" : 100.000000,
        "8" : 0.000000,
        "16" : 0.000000,
        "32" : 0.000000,
        "64" : 0.000000,
        ">=64" : 0.000000
      },
      "iodepth_complete" : {
        "0" : 0.000000,
        "4" : 100.000000,
        "8" : 0.000000,
        "16" : 0.000000,
        "32" : 0.000000,
        "64" : 0.000000,
        ">=64" : 0.000000
      },
      "latency_ns" : {
        "2" : 0.000000,
        "4" : 0.000000,
        "10" : 0.000000,
        "20" : 0.000000,
        "50" : 0.000000,
        "100" : 0.000000,
        "250" : 0.000000,
        "500" : 0.000000,
        "750" : 0.000000,
        "1000" : 0.000000
      },
      "latency_us" : {
        "2" : 0.000000,
        "4" : 0.000000,
        "10" : 0.000000,
        "20" : 0.000000,
        "50" : 99.121094,
        "100" : 0.781250,
        "250" : 0.097656,
        "500" : 0.000000,
        "750" : 0.000000,
        "1000" : 0.000000
      },
      "latency_ms" : {
        "2" : 0.000000,
        "4" : 0.000000,
        "10" : 0.000000,
        "20" : 0.000000,
        "50" : 0.000000,
        "100" : 0.000000,
        "250" : 0.000000,
        "500" : 0.000000,
        "750" : 0.000000,
        "1000" : 0.000000,
        "2000" : 0.000000,
        ">=2000" : 0.000000
      },
      "latency_depth" : 4,
      "latency_target" : 0,
      "latency_percentile" : 100.000000,