{
  "fio version" : "fio-3.39-38-gf18c",
  "timestamp" : 1744415548,
  "timestamp_ms" : 1744415548683,
  "time" : "Fri Apr 11 23:52:28 2025",
  "global options" : {
    "kb_base" : "1024",
    "runtime" : "600s"
  },
  "jobs" : [
    {
      "jobname" : "nfsv4-randwrite-17179869184-blk1048576-iod4",
      "groupid" : 0,
      "job_start" : 1744415419796,
      "error" : 0,
      "eta" : 0,
      "elapsed" : 129,
      "job options" : {
        "stonewall" : "",
        "rw" : "randwrite",
        "size" : "17179869184",
        "bs" : "1048576",
        "iodepth" : "4",
        "filename" : "/scratch/adam/fsbench/nfsv4/nfsv4-randwrite-17179869184-blk1048576-iod4.bin"
      },
      "read" : {
        "io_bytes" : 0,
        "io_kbytes" : 0,
        "bw_bytes" : 0,
        "bw" : 0,
        "iops" : 0.000000,
        "runtime" : 0,
        "total_ios" : 0,
        "short_ios" : 0,
        "drop_ios" : 0,
        "slat_ns" : {
          "min" : 0,
          "max" : 0,
          "mean" : 0.000000,
          "stddev" : 0.000000,
          "N" : 0
        },
        "clat_ns" : {
          "min" : 0,
          "max" : 0,
          "mean" : 0.000000,
          "stddev" : 0.000000,
          "N" : 0
        },
        "lat_ns" : {
          "min" : 0,
          "max" : 0,
          "mean" : 0.000000,
          "stddev" : 0.000000,
          "N" : 0
        },
        "bw_min" : 0,
        "bw_max" : 0,
        "bw_agg" : 0.000000,
        "bw_mean" : 0.000000,
        "bw_dev" : 0.000000,
        "bw_samples" : 0,
        "iops_min" : 0,
        "iops_max" : 0,
        "iops_mean" : 0.000000,
        "iops_stddev" : 0.000000,
        "iops_samples" : 0
      },
      "write" : {
        "io_bytes" : 17179869184,
        "io_kbytes" : 16777216,
        "bw_bytes" : 178755870,
        "bw" : 174566,
        "iops" : 170.474882,
        "runtime" : 96108,
        "total_ios" : 16384,
        "short_ios" : 0,
        "drop_ios" : 0,
        "slat_ns" : {
          "min" : 0,
          "max" : 0,
          "mean" : 0.000000,
          "stddev" : 0.000000,
          "N" : 0
        },
        "clat_ns" : {
          "min" : 385638,
          "max" : 34167373,
          "mean" : 5834236.273254,
          "stddev" : 6141110.550574,
          "N" : 16384,
          "percentile" : {
            "1.000000" : 403456,
            "5.000000" : 415744,
            "10.000000" : 428032,
            "20.000000" : 448512,
            "30.000000" : 501760,
            "40.000000" : 593920,
            "50.000000" : 856064,
            "60.000000" : 8847360,
            "70.000000" : 8847360,
            "80.000000" : 9895936,
            "90.000000" : 15400960,
            "95.000000" : 16318464,
            "99.000000" : 18219008,
            "99.500000" : 32636928,
            "99.900000" : 33423360,
            "99.950000" : 33816576,
            "99.990000" : 34340864
          },
          "bins" : {
            "387072" : 4,
            "391168" : 8,
            "395264" : 25,
            "399360" : 82,
            "403456" : 119,
            "407552" : 204,
            "411648" : 236,
            "415744" : 275,
            "419840" : 292,
            "423936" : 343,
            "428032" : 337,
            "432128" : 314,
            "436224" : 333,
            "440320" : 258,
            "444416" : 240,
            "448512" : 216,
            "452608" : 211,
            "456704" : 183,
            "460800" : 207,
            "464896" : 165,
            "468992" : 161,
            "473088" : 133,
            "477184" : 123,
            "481280" : 107,
            "485376" : 101,
            "489472" : 99,
            "493568" : 67,
            "497664" : 60,
            "501760" : 49,
            "505856" : 44,
            "509952" : 37,
            "514048" : 34,
            "518144" : 32,
            "522240" : 36,
            "528384" : 84,
            "536576" : 108,
            "544768" : 160,
            "552960" : 182,
            "561152" : 190,
            "569344" : 209,
            "577536" : 176,
            "585728" : 178,
            "593920" : 158,
            "602112" : 155,
            "610304" : 156,
            "618496" : 132,
            "626688" : 143,
            "634880" : 109,
            "643072" : 101,
            "651264" : 79,
            "659456" : 68,
            "667648" : 56,
            "675840" : 57,
            "684032" : 49,
            "692224" : 40,
            "700416" : 47,
            "708608" : 34,
            "716800" : 36,
            "724992" : 17,
            "733184" : 25,
            "741376" : 28,
            "749568" : 28,
            "757760" : 29,
            "765952" : 35,
            "774144" : 28,
            "782336" : 23,
            "790528" : 18,
            "798720" : 21,
            "806912" : 14,
            "815104" : 23,
            "823296" : 9,
            "831488" : 9,
            "839680" : 15,
            "847872" : 14,
            "856064" : 18,
            "864256" : 28,
            "872448" : 16,
            "880640" : 10,
            "888832" : 12,
            "897024" : 11,
            "905216" : 7,
            "913408" : 5,
            "921600" : 9,
            "929792" : 8,
            "937984" : 5,
            "946176" : 5,
            "954368" : 4,
            "962560" : 7,
            "970752" : 4,
            "978944" : 5,
            "987136" : 3,
            "995328" : 3,
            "1003520" : 2,
            "1011712" : 7,
            "1019904" : 5,
            "1028096" : 4,
            "1036288" : 6,
            "1056768" : 4,
            "1073152" : 1,
            "1089536" : 4,
            "1105920" : 2,
            "1122304" : 1,
            "1138688" : 2,
            "1155072" : 2,
            "1171456" : 2,
            "1187840" : 3,
            "1236992" : 1,
            "1253376" : 2,
            "1286144" : 1,
            "1351680" : 1,
            "1384448" : 1,
            "1531904" : 1,
            "1613824" : 1,
            "1744896" : 1,
            "2441216" : 1,
            "6651904" : 1,
            "6717440" : 3,
            "6782976" : 6,
            "6848512" : 27,
            "6914048" : 25,
            "6979584" : 3,
            "7045120" : 1,
            "7372800" : 1,
            "7503872" : 2,
            "7569408" : 1,
            "7634944" : 14,
            "7700480" : 19,
            "7766016" : 70,
            "7831552" : 179,
            "7897088" : 134,
            "7962624" : 27,
            "8028160" : 11,
            "8093696" : 3,
            "8159232" : 3,
            "8224768" : 2,
            "8290304" : 2,
            "8355840" : 3,
            "8454144" : 22,
            "8585216" : 97,
            "8716288" : 529,
            "8847360" : 2743,
            "8978432" : 379,
            "9109504" : 40,
            "9240576" : 9,
            "9371648" : 6,
            "9502720" : 6,
            "9633792" : 26,
            "9764864" : 304,
            "9895936" : 380,
            "10027008" : 44,
            "10158080" : 3,
            "10289152" : 1,
            "10551296" : 2,
            "10682368" : 13,
            "10813440" : 33,
            "10944512" : 12,
            "11075584" : 2,
            "11337728" : 1,
            "11862016" : 7,
            "11993088" : 2,
            "12124160" : 9,
            "12255232" : 15,
            "12386304" : 37,
            "12517376" : 7,
            "12648448" : 1,
            "12779520" : 3,
            "12910592" : 6,
            "13041664" : 3,
            "13172736" : 24,
            "13303808" : 113,
            "13434880" : 253,
            "13565952" : 22,
            "13697024" : 3,
            "13828096" : 6,
            "13959168" : 14,
            "14090240" : 21,
            "14221312" : 34,
            "14352384" : 246,
            "14483456" : 120,
            "14614528" : 6,
            "14745600" : 11,
            "14876672" : 17,
            "15007744" : 28,