{
  "fio version" : "fio-3.39-38-gf18c",
  "timestamp" : 1744238145,
  "timestamp_ms" : 1744238145065,
  "time" : "Wed Apr  9 22:35:45 2025",
  "global options" : {
    "kb_base" : "1024",
    "runtime" : "600"
  },
  "jobs" : [
    {
      "jobname" : "nfsv4-write-262144-blk256-iod1",
      "groupid" : 0,
      "job_start" : 1744238144929,
      "error" : 0,
      "eta" : 2147483647,
      "elapsed" : 1,
      "job options" : {
        "stonewall" : "",
        "rw" : "write",
        "size" : "262144",
        "bs" : "256",
        "iodepth" : "1",
        "filename" : "/scratch/adam/fsbench/nfsv4/nfsv4-write-262144-blk256-iod1.bin"
      },
      "read" : {
        "io_bytes" : 0,
        "io_kbytes" : 0,
        "bw_bytes" : 0,
        "bw" : 0,
        "iops" : 0.000000,
        "runtime" : 0,
        "total_ios" : 0,
        "short_ios" : 0,
        "drop_ios" : 0,
        "slat_ns" : {
          "min" : 0,
          "max" : 0,
          "mean" : 0.000000,
          "stddev" : 0.000000,
          "N" : 0
        },
        "clat_ns" : {
          "min" : 0,
          "max" : 0,
          "mean" : 0.000000,
          "stddev" : 0.000000,
          "N" : 0
        },
        "lat_ns" : {
          "min" : 0,
          "max" : 0,
          "mean" : 0.000000,
          "stddev" : 0.000000,
          "N" : 0
        },
        "bw_min" : 0,
        "bw_max" : 0,
        "bw_agg" : 0.000000,
        "bw_mean" : 0.000000,
        "bw_dev" : 0.000000,
        "bw_samples" : 0,
        "iops_min" : 0,
        "iops_max" : 0,
        "iops_mean" : 0.000000,
        "iops_stddev" : 0.000000,
        "iops_samples" : 0
      },
      "write" : {
        "io_bytes" : 262144,
        "io_kbytes" : 256,
        "bw_bytes" : 87381333,
        "bw" : 85333,
        "iops" : 341333.333333,
        "runtime" : 3,
        "total_ios" : 1024,
        "short_ios" : 0,
        "drop_ios" : 0,
        "slat_ns" : {
          "min" : 0,
          "max" : 0,
          "mean" : 0.000000,
          "stddev" : 0.000000,
          "N" : 0
        },
        "clat_ns" : {
          "min" : 739,
          "max" : 24946,
          "mean" : 968.241211,
          "stddev" : 1075.433015,
          "N" : 1024,
          "percentile" : {
            "1.000000" : 748,
            "5.000000" : 748,
            "10.000000" : 748,
            "20.000000" : 756,
            "30.000000" : 764,
            "40.000000" : 804,
            "50.000000" : 812,
            "60.000000" : 844,
            "70.000000" : 852,
            "80.000000" : 860,
            "90.000000" : 908,
            "95.000000" : 1992,
            "99.000000" : 3120,
            "99.500000" : 4704,
            "99.900000" : 19328,
            "99.950000" : 24960,
            "99.990000" : 24960
          },
          "bins" : {
            "740" : 9,
            "748" : 166,
            "756" : 120,
            "764" : 52,
            "772" : 22,
            "780" : 9,
            "788" : 3,
            "796" : 24,
            "804" : 29,
            "812" : 83,
            "820" : 54,
            "828" : 10,
            "836" : 8,
            "844" : 79,
            "852" : 115,
            "860" : 53,
            "868" : 31,
            "876" : 28,
            "884" : 15,
            "892" : 5,
            "900" : 3,
            "908" : 5,
            "916" : 6,
            "924" : 2,
            "932" : 1,
            "940" : 1,
            "972" : 1,
            "996" : 1,
            "1080" : 2,
            "1144" : 1,
            "1160" : 2,
            "1192" : 1,
            "1224" : 4,
            "1240" : 2,
            "1288" : 1,
            "1352" : 1,
            "1432" : 1,
            "1464" : 1,
            "1528" : 1,
            "1544" : 1,
            "1672" : 1,
            "1720" : 1,
            "1736" : 1,
            "1752" : 2,
            "1800" : 1,
            "1832" : 4,
            "1864" : 1,
            "1896" : 3,
            "1912" : 1,
            "1928" : 1,
            "1944" : 2,
            "1976" : 1,
            "1992" : 3,
            "2008" : 3,
            "2040" : 1,
            "2064" : 1,
            "2096" : 3,
            "2128" : 1,
            "2160" : 1,
            "2192" : 2,
            "2224" : 5,
            "2256" : 3,
            "2288" : 1,
            "2320" : 5,
            "2352" : 1,
            "2384" : 2,
            "2416" : 2,
            "2480" : 3,
            "2576" : 1,
            "2864" : 2,
            "2992" : 1,
            "3120" : 1,
            "3216" : 1,
            "3312" : 1,
            "3536" : 1,
            "3632" : 1,
            "4704" : 1,
            "4768" : 1,
            "6432" : 1,
            "8896" : 1,
            "19328" : 1,
            "24960" : 1
          }
        },
        "lat_ns" : {
          "min" : 770,
          "max" : 25825,
          "mean" : 999.375000,
          "stddev" : 1094.550428,
          "N" : 1024
        },
        "bw_min" : 0,
        "bw_max" : 0,
        "bw_agg" : 0.000000,
        "bw_mean" : 0.000000,
        "bw_dev" : 0.000000,
        "bw_samples" : 0,
        "iops_min" : 0,
        "iops_max" : 0,
        "iops_mean" : 0.000000,
        "iops_stddev" : 0.000000,
        "iops_samples" : 0
      },
      "trim" : {
        "io_bytes" : 0,
        "io_kbytes" : 0,
        "bw_bytes" : 0,
        "bw" : 0,
        "iops" : 0.000000,
        "runtime" : 0,
        "total_ios" : 0,
        "short_ios" : 0,
        "drop_ios" : 0,
        "slat_ns" : {
          "min" : 0,
          "max" : 0,
          "mean" : 0.000000,
          "stddev" : 0.000000,
          "N" : 0
        },
        "clat_ns" : {
          "min" : 0,
          "max" : 0,
          "mean" : 0.000000,
          "stddev" : 0.000000,
          "N" : 0
        },
        "lat_ns" : {
          "min" : 0,
          "max" : 0,
          "mean" : 0.000000,
          "stddev" : 0.000000,
          "N" : 0
        },
        "bw_min" : 0,
        "bw_max" : 0,
        "bw_agg" : 0.000000,
        "bw_mean" : 0.000000,
        "bw_dev" : 0.000000,
        "bw_samples" : 0,
        "iops_min" : 0,
        "iops_max" : 0,
        "iops_mean" : 0.000000,
        "iops_stddev" : 0.000000,
        "iops_samples" : 0
      },
      "sync" : {
        "total_ios" : 0,
        "lat_ns" : {
          "min" : 0,
          "max" : 0,
          "mean" : 0.000000,
          "stddev" : 0.000000,
          "N" : 0
        }
      },
      "job_runtime" : 2,
      "usr_cpu" : 0.000000,
      "sys_cpu" : 0.000000,
      "ctx" : 1,
      "majf" : 0,
      "minf" : 8,
      "iodepth_level" : {
        "1" : 100.000000,
        "2" : 0.000000,
        "4" : 0.000000,
        "8" : 0.000000,
        "16" : 0.000000,
        "32" : 0.000000,
        ">=64" : 0.000000
      },
      "iodepth_submit" : {
        "0" : 0.000000,
        "4" : 100.000000,
        "8" : 0.000000,
        "16" : 0.000000,
        "32" : 0.000000,
        "64" : 0.000000,
        ">=64" : 0.000000
      },
      "iodepth_complete" : {
        "0" : 0.000000,
        "4" : 100.000000,
        "8" : 0.000000,
        "16" : 0.000000,
        "32" : 0.000000,
        "64" : 0.000000,
        ">=64" : 0.000000
      },
      "latency_ns" : {
        "2" : 0.000000,
        "4" : 0.000000,
        "10" : 0.000000,
        "20" : 0.000000,
        "50" : 0.000000,
        "100" : 0.000000,
        "250" : 0.000000,
        "500" : 0.000000,
        "750" : 12.304688,
        "1000" : 79.003906
      },
      "latency_us" : {
        "2" : 3.906250,
        "4" : 4.199219,
        "10" : 0.390625,
        "20" : 0.097656,
        "50" : 0.097656,
        "100" : 0.000000,
        "250" : 0.000000,
        "500" : 0.000000,
        "750" : 0.000000,
        "1000" : 0.000000
      },
      "latency_ms" : {
        "2" : 0.000000,
        "4" : 0.000000,
        "10" : 0.000000,
        "20" : 0.000000,
        "50" : 0.000000,
        "100" : 0.000000,