{
  "fio version" : "fio-3.39-38-gf18c",
  "timestamp" : 1744242812,
  "timestamp_ms" : 1744242812596,
  "time" : "Wed Apr  9 23:53:32 2025",
  "global options" : {
    "kb_base" : "1024",
    "runtime" : "600"
  },
  "jobs" : [
    {
      "jobname" : "nfsv3-randwrite-4194304-blk65536-iod4",
      "groupid" : 0,
      "job_start" : 1744242812456,
      "error" : 0,
      "eta" : 2147483647,
      "elapsed" : 1,
      "job options" : {
        "stonewall" : "",
        "rw" : "randwrite",
        "size" : "4194304",
        "bs" : "65536",
        "iodepth" : "4",
        "filename" : "/nfsv3/scratch/adam/fsbench/nfsv3/nfsv3-randwrite-4194304-blk65536-iod4.bin"
      },
      "read" : {
        "io_bytes" : 0,
        "io_kbytes" : 0,
        "bw_bytes" : 0,
        "bw" : 0,
        "iops" : 0.000000,
        "runtime" : 0,
        "total_ios" : 0,
        "short_ios" : 0,
        "drop_ios" : 0,
        "slat_ns" : {
          "min" : 0,
          "max" : 0,
          "mean" : 0.000000,
          "stddev" : 0.000000,
          "N" : 0
        },
        "clat_ns" : {
          "min" : 0,
          "max" : 0,
          "mean" : 0.000000,
          "stddev" : 0.000000,
          "N" : 0
        },
        "lat_ns" : {
          "min" : 0,
          "max" : 0,
          "mean" : 0.000000,
          "stddev" : 0.000000,
          "N" : 0
        },
        "bw_min" : 0,
        "bw_max" : 0,
        "bw_agg" : 0.000000,
        "bw_mean" : 0.000000,
        "bw_dev" : 0.000000,
        "bw_samples" : 0,
        "iops_min" : 0,
        "iops_max" : 0,
        "iops_mean" : 0.000000,
        "iops_stddev" : 0.000000,
        "iops_samples" : 0
      },
      "write" : {
        "io_bytes" : 4194304,
        "io_kbytes" : 4096,
        "bw_bytes" : 838860800,
        "bw" : 819200,
        "iops" : 12800.000000,
        "runtime" : 5,
        "total_ios" : 64,
        "short_ios" : 0,
        "drop_ios" : 0,
        "slat_ns" : {
          "min" : 0,
          "max" : 0,
          "mean" : 0.000000,
          "stddev" : 0.000000,
          "N" : 0
        },
        "clat_ns" : {
          "min" : 26080,
          "max" : 57337,
          "mean" : 30930.562500,
          "stddev" : 5322.270589,
          "N" : 64,
          "percentile" : {
            "1.000000" : 25984,
            "5.000000" : 26496,
            "10.000000" : 26496,
            "20.000000" : 27264,
            "30.000000" : 27776,
            "40.000000" : 28288,
            "50.000000" : 28800,
            "60.000000" : 30080,
            "70.000000" : 32384,
            "80.000000" : 34048,
            "90.000000" : 36608,
            "95.000000" : 38144,
            "99.000000" : 57088,
            "99.500000" : 57088,
            "99.900000" : 57088,
            "99.950000" : 57088,
            "99.990000" : 57088
          },
          "bins" : {
            "25984" : 2,
            "26240" : 1,
            "26496" : 5,
            "26752" : 2,
            "27008" : 2,
            "27264" : 2,
            "27520" : 3,
            "27776" : 4,
            "28032" : 3,
            "28288" : 4,
            "28544" : 1,
            "28800" : 3,
            "29568" : 3,
            "29824" : 1,
            "30080" : 3,
            "30336" : 1,
            "31104" : 2,
            "31616" : 1,
            "32128" : 1,
            "32384" : 2,
            "32640" : 1,
            "33024" : 2,
            "33536" : 2,
            "34048" : 1,
            "34560" : 1,
            "35072" : 3,
            "36096" : 1,
            "36608" : 1,
            "37120" : 2,
            "38144" : 1,
            "43264" : 1,
            "46336" : 1,
            "57088" : 1
          }
        },
        "lat_ns" : {
          "min" : 26433,
          "max" : 68986,
          "mean" : 31573.484375,
          "stddev" : 6436.456165,
          "N" : 64
        },
        "bw_min" : 0,
        "bw_max" : 0,
        "bw_agg" : 0.000000,
        "bw_mean" : 0.000000,
        "bw_dev" : 0.000000,
        "bw_samples" : 0,
        "iops_min" : 0,
        "iops_max" : 0,
        "iops_mean" : 0.000000,
        "iops_stddev" : 0.000000,
        "iops_samples" : 0
      },
      "trim" : {
        "io_bytes" : 0,
        "io_kbytes" : 0,
        "bw_bytes" : 0,
        "bw" : 0,
        "iops" : 0.000000,
        "runtime" : 0,
        "total_ios" : 0,
        "short_ios" : 0,
        "drop_ios" : 0,
        "slat_ns" : {
          "min" : 0,
          "max" : 0,
          "mean" : 0.000000,
          "stddev" : 0.000000,
          "N" : 0
        },
        "clat_ns" : {
          "min" : 0,
          "max" : 0,
          "mean" : 0.000000,
          "stddev" : 0.000000,
          "N" : 0
        },
        "lat_ns" : {
          "min" : 0,
          "max" : 0,
          "mean" : 0.000000,
          "stddev" : 0.000000,
          "N" : 0
        },
        "bw_min" : 0,
        "bw_max" : 0,
        "bw_agg" : 0.000000,
        "bw_mean" : 0.000000,
        "bw_dev" : 0.000000,
        "bw_samples" : 0,
        "iops_min" : 0,
        "iops_max" : 0,
        "iops_mean" : 0.000000,
        "iops_stddev" : 0.000000,
        "iops_samples" : 0
      },
      "sync" : {
        "total_ios" : 0,
        "lat_ns" : {
          "min" : 0,
          "max" : 0,
          "mean" : 0.000000,
          "stddev" : 0.000000,
          "N" : 0
        }
      },
      "job_runtime" : 4,
      "usr_cpu" : 0.000000,
      "sys_cpu" : 0.000000,
      "ctx" : 2,
      "majf" : 0,
      "minf" : 7,
      "iodepth_level" : {
        "1" : 100.000000,
        "2" : 0.000000,
        "4" : 0.000000,
        "8" : 0.000000,
        "16" : 0.000000,
        "32" : 0.000000,
        ">=64" : 0.000000
      },
      "iodepth_submit" : {
        "0" : 0.000000,
        "4" : 100.000000,
        "8" : 0.000000,
        "16" : 0.000000,
        "32" : 0.000000,
        "64" : 0.000000,
        ">=64" : 0.000000
      },
      "iodepth_complete" : {
        "0" : 0.000000,
        "4" : 100.000000,
        "8" : 0.000000,
        "16" : 0.000000,
        "32" : 0.000000,
        "64" : 0.000000,
        ">=64" : 0.000000
      },
      "latency_ns" : {
        "2" : 0.000000,
        "4" : 0.000000,
        "10" : 0.000000,
        "20" : 0.000000,
        "50" : 0.000000,
        "100" : 0.000000,
        "250" : 0.000000,
        "500" : 0.000000,
        "750" : 0.000000,
        "1000" : 0.000000
      },
      "latency_us" : {
        "2" : 0.000000,
        "4" : 0.000000,
        "10" : 0.000000,
        "20" : 0.000000,
        "50" : 98.437500,
        "100" : 1.562500,
        "250" : 0.000000,
        "500" : 0.000000,
        "750" : 0.000000,
        "1000" : 0.000000
      },
      "latency_ms" : {
        "2" : 0.000000,
        "4" : 0.000000,
        "10" : 0.000000,
        "20" : 0.000000,
        "50" : 0.000000,
        "100" : 0.000000,
        "250" : 0.000000,
        "500" : 0.000000,
        "750" : 0.000000,
        "1000" : 0.000000,
        "2000" : 0.000000,
        ">=2000" : 0.000000
      },
      "latency_depth" : 4,
      "latency_target" : 0,
      "latency_percentile" : 100.000000,
      "latency_window" : 0
    }
  ]
}
