{
  "fio version" : "fio-3.39-38-gf18c",
  "timestamp" : 1744242797,
  "timestamp_ms" : 1744242797248,
  "time" : "Wed Apr  9 23:53:17 2025",
  "global options" : {
    "kb_base" : "1024",
    "runtime" : "600"
  },
  "jobs" : [
    {
      "jobname" : "nfsv4-randwrite-4194304-blk256-iod1",
      "groupid" : 0,
      "job_start" : 1744242796110,
      "error" : 0,
      "eta" : 2147483647,
      "elapsed" : 2,
      "job options" : {
        "stonewall" : "",
        "rw" : "randwrite",
        "size" : "4194304",
        "bs" : "256",
        "iodepth" : "1",
        "filename" : "/scratch/adam/fsbench/nfsv4/nfsv4-randwrite-4194304-blk256-iod1.bin"
      },
      "read" : {
        "io_bytes" : 0,
        "io_kbytes" : 0,
        "bw_bytes" : 0,
        "bw" : 0,
        "iops" : 0.000000,
        "runtime" : 0,
        "total_ios" : 0,
        "short_ios" : 0,
        "drop_ios" : 0,
        "slat_ns" : {
          "min" : 0,
          "max" : 0,
          "mean" : 0.000000,
          "stddev" : 0.000000,
          "N" : 0
        },
        "clat_ns" : {
          "min" : 0,
          "max" : 0,
          "mean" : 0.000000,
          "stddev" : 0.000000,
          "N" : 0
        },
        "lat_ns" : {
          "min" : 0,
          "max" : 0,
          "mean" : 0.000000,
          "stddev" : 0.000000,
          "N" : 0
        },
        "bw_min" : 0,
        "bw_max" : 0,
        "bw_agg" : 0.000000,
        "bw_mean" : 0.000000,
        "bw_dev" : 0.000000,
        "bw_samples" : 0,
        "iops_min" : 0,
        "iops_max" : 0,
        "iops_mean" : 0.000000,
        "iops_stddev" : 0.000000,
        "iops_samples" : 0
      },
      "write" : {
        "io_bytes" : 4194304,
        "io_kbytes" : 4096,
        "bw_bytes" : 4156891,
        "bw" : 4059,
        "iops" : 16237.859267,
        "runtime" : 1009,
        "total_ios" : 16384,
        "short_ios" : 0,
        "drop_ios" : 0,
        "slat_ns" : {
          "min" : 0,
          "max" : 0,
          "mean" : 0.000000,
          "stddev" : 0.000000,
          "N" : 0
        },
        "clat_ns" : {
          "min" : 873,
          "max" : 1694317,
          "mean" : 61068.722229,
          "stddev" : 232761.243716,
          "N" : 16384,
          "percentile" : {
            "1.000000" : 948,
            "5.000000" : 964,
            "10.000000" : 972,
            "20.000000" : 1004,
            "30.000000" : 1020,
            "40.000000" : 1032,
            "50.000000" : 1080,
            "60.000000" : 1224,
            "70.000000" : 1336,
            "80.000000" : 1480,
            "90.000000" : 2008,
            "95.000000" : 929792,
            "99.000000" : 995328,
            "99.500000" : 1011712,
            "99.900000" : 1073152,
            "99.950000" : 1155072,
            "99.990000" : 1548288
          },
          "bins" : {
            "876" : 2,
            "884" : 3,
            "892" : 1,
            "900" : 1,
            "908" : 2,
            "916" : 1,
            "924" : 3,
            "932" : 3,
            "940" : 41,
            "948" : 167,
            "956" : 447,
            "964" : 645,
            "972" : 677,
            "980" : 563,
            "988" : 356,
            "996" : 361,
            "1004" : 524,
            "1012" : 696,
            "1020" : 837,
            "1032" : 1283,
            "1048" : 727,
            "1064" : 472,
            "1080" : 438,
            "1096" : 348,
            "1112" : 220,
            "1128" : 208,
            "1144" : 166,
            "1160" : 145,
            "1176" : 180,
            "1192" : 130,
            "1208" : 167,
            "1224" : 167,
            "1240" : 220,
            "1256" : 207,
            "1272" : 193,
            "1288" : 215,
            "1304" : 216,
            "1320" : 257,
            "1336" : 238,
            "1352" : 218,
            "1368" : 214,
            "1384" : 210,
            "1400" : 197,
            "1416" : 181,
            "1432" : 158,
            "1448" : 182,
            "1464" : 146,
            "1480" : 131,
            "1496" : 102,
            "1512" : 105,
            "1528" : 123,
            "1544" : 100,
            "1560" : 91,
            "1576" : 91,
            "1592" : 80,
            "1608" : 81,
            "1624" : 76,
            "1640" : 62,
            "1656" : 82,
            "1672" : 55,
            "1688" : 50,
            "1704" : 30,
            "1720" : 50,
            "1736" : 36,
            "1752" : 35,
            "1768" : 34,
            "1784" : 33,
            "1800" : 34,
            "1816" : 31,
            "1832" : 28,
            "1848" : 18,
            "1864" : 20,
            "1880" : 24,
            "1896" : 21,
            "1912" : 13,
            "1928" : 19,
            "1944" : 11,
            "1960" : 15,
            "1976" : 10,
            "1992" : 10,
            "2008" : 13,
            "2024" : 12,
            "2040" : 15,
            "2064" : 14,
            "2096" : 17,
            "2128" : 23,
            "2160" : 20,
            "2192" : 17,
            "2224" : 17,
            "2256" : 12,
            "2288" : 13,
            "2320" : 9,
            "2352" : 7,
            "2384" : 10,
            "2416" : 6,
            "2448" : 11,
            "2480" : 11,
            "2512" : 13,
            "2544" : 11,
            "2576" : 9,
            "2608" : 15,
            "2640" : 11,
            "2672" : 9,
            "2704" : 10,
            "2736" : 6,
            "2768" : 10,
            "2800" : 11,
            "2832" : 7,
            "2864" : 6,
            "2896" : 6,
            "2928" : 9,
            "2960" : 6,
            "2992" : 6,
            "3024" : 4,
            "3056" : 1,
            "3088" : 3,
            "3120" : 10,
            "3152" : 4,
            "3184" : 3,
            "3216" : 8,
            "3248" : 7,
            "3280" : 7,
            "3312" : 9,
            "3344" : 6,
            "3376" : 3,
            "3408" : 5,
            "3440" : 9,
            "3472" : 7,
            "3504" : 3,
            "3536" : 1,
            "3568" : 5,
            "3600" : 5,
            "3632" : 4,
            "3664" : 6,
            "3696" : 4,
            "3728" : 7,
            "3760" : 2,
            "3792" : 1,
            "3824" : 4,
            "3856" : 4,
            "3888" : 2,
            "3920" : 2,
            "3952" : 5,
            "3984" : 5,
            "4016" : 1,
            "4048" : 2,
            "4080" : 3,
            "4128" : 7,
            "4192" : 5,
            "4256" : 5,
            "4320" : 4,
            "4512" : 3,
            "4576" : 3,
            "4640" : 1,
            "4704" : 5,
            "4768" : 1,
            "4832" : 2,
            "4896" : 2,
            "4960" : 1,
            "5024" : 6,
            "5088" : 1,
            "5152" : 1,
            "5216" : 1,
            "5280" : 1,
            "5344" : 1,
            "5472" : 1,
            "5536" : 1,
            "5600" : 2,
            "5664" : 3,
            "5728" : 1,
            "5792" : 1,
            "5856" : 3,
            "5920" : 1,
            "5984" : 2,
            "6048" : 1,
            "6112" : 1,
            "6176" : 1,
            "6368" : 2,
            "6496" : 3,
            "6560" : 1,
            "6624" : 1,
            "6816" : 1,
            "6944" : 1,
            "7264" : 1,
            "7392" : 1,
            "7648" : 1,
            "7840" : 1,
            "8032" : 1,
            "8640" : 1,
            "8896" : 1,
            "9280" : 3,
            "9408" : 1,
            "9536" : 1,
            "9664" : 1,
            "9792" : 1,
            "9920" : 1,
            "10176" : 2,
            "10560" : 1,
            "10688" : 1,
            "10816" : 1,
            "10944" : 1,
            "11584" : 2,
            "11712" : 1,
            "12864" : 1,
            "13760" : 1,
            "15808" : 1,
            "16192" : 1,
            "16512" : 1,