{
  "fio version" : "fio-3.39-38-gf18c",
  "timestamp" : 1744238157,
  "timestamp_ms" : 1744238157183,
  "time" : "Wed Apr  9 22:35:57 2025",
  "global options" : {
    "kb_base" : "1024",
    "runtime" : "600"
  },
  "jobs" : [
    {
      "jobname" : "nfsv3-write-4194304-blk256-iod1",
      "groupid" : 0,
      "job_start" : 1744238157042,
      "error" : 0,
      "eta" : 2147483647,
      "elapsed" : 1,
      "job options" : {
        "stonewall" : "",
        "rw" : "write",
        "size" : "4194304",
        "bs" : "256",
        "iodepth" : "1",
        "filename" : "/nfsv3/scratch/adam/fsbench/nfsv3/nfsv3-write-4194304-blk256-iod1.bin"
      },
      "read" : {
        "io_bytes" : 0,
        "io_kbytes" : 0,
        "bw_bytes" : 0,
        "bw" : 0,
        "iops" : 0.000000,
        "runtime" : 0,
        "total_ios" : 0,
        "short_ios" : 0,
        "drop_ios" : 0,
        "slat_ns" : {
          "min" : 0,
          "max" : 0,
          "mean" : 0.000000,
          "stddev" : 0.000000,
          "N" : 0
        },
        "clat_ns" : {
          "min" : 0,
          "max" : 0,
          "mean" : 0.000000,
          "stddev" : 0.000000,
          "N" : 0
        },
        "lat_ns" : {
          "min" : 0,
          "max" : 0,
          "mean" : 0.000000,
          "stddev" : 0.000000,
          "N" : 0
        },
        "bw_min" : 0,
        "bw_max" : 0,
        "bw_agg" : 0.000000,
        "bw_mean" : 0.000000,
        "bw_dev" : 0.000000,
        "bw_samples" : 0,
        "iops_min" : 0,
        "iops_max" : 0,
        "iops_mean" : 0.000000,
        "iops_stddev" : 0.000000,
        "iops_samples" : 0
      },
      "write" : {
        "io_bytes" : 4194304,
        "io_kbytes" : 4096,
        "bw_bytes" : 199728761,
        "bw" : 195047,
        "iops" : 780190.476190,
        "runtime" : 21,
        "total_ios" : 16384,
        "short_ios" : 0,
        "drop_ios" : 0,
        "slat_ns" : {
          "min" : 0,
          "max" : 0,
          "mean" : 0.000000,
          "stddev" : 0.000000,
          "N" : 0
        },
        "clat_ns" : {
          "min" : 763,
          "max" : 26630,
          "mean" : 939.494324,
          "stddev" : 543.634188,
          "N" : 16384,
          "percentile" : {
            "1.000000" : 772,
            "5.000000" : 772,
            "10.000000" : 780,
            "20.000000" : 788,
            "30.000000" : 796,
            "40.000000" : 836,
            "50.000000" : 844,
            "60.000000" : 852,
            "70.000000" : 860,
            "80.000000" : 868,
            "90.000000" : 924,
            "95.000000" : 1960,
            "99.000000" : 2672,
            "99.500000" : 3216,
            "99.900000" : 7968,
            "99.950000" : 9408,
            "99.990000" : 17536
          },
          "bins" : {
            "764" : 14,
            "772" : 1493,
            "780" : 1479,
            "788" : 1064,
            "796" : 1578,
            "804" : 451,
            "812" : 197,
            "820" : 67,
            "828" : 115,
            "836" : 1180,
            "844" : 1996,
            "852" : 1363,
            "860" : 1982,
            "868" : 392,
            "876" : 288,
            "884" : 207,
            "892" : 68,
            "900" : 239,
            "908" : 229,
            "916" : 177,
            "924" : 194,
            "932" : 83,
            "940" : 93,
            "948" : 61,
            "956" : 13,
            "964" : 6,
            "972" : 10,
            "980" : 10,
            "988" : 9,
            "996" : 5,
            "1004" : 4,
            "1012" : 3,
            "1020" : 8,
            "1032" : 9,
            "1048" : 13,
            "1064" : 16,
            "1080" : 13,
            "1096" : 14,
            "1112" : 10,
            "1128" : 22,
            "1144" : 16,
            "1160" : 10,
            "1176" : 12,
            "1192" : 10,
            "1208" : 10,
            "1224" : 4,
            "1240" : 6,
            "1256" : 14,
            "1272" : 2,
            "1288" : 8,
            "1304" : 8,
            "1320" : 5,
            "1336" : 5,
            "1352" : 2,
            "1368" : 5,
            "1416" : 5,
            "1432" : 2,
            "1448" : 1,
            "1464" : 1,
            "1480" : 2,
            "1496" : 1,
            "1512" : 2,
            "1528" : 3,
            "1576" : 3,
            "1592" : 3,
            "1608" : 1,
            "1624" : 2,
            "1640" : 2,
            "1656" : 1,
            "1672" : 1,
            "1688" : 1,
            "1720" : 2,
            "1736" : 4,
            "1752" : 2,
            "1768" : 7,
            "1784" : 13,
            "1800" : 13,
            "1816" : 14,
            "1832" : 20,
            "1848" : 20,
            "1864" : 25,
            "1880" : 25,
            "1896" : 23,
            "1912" : 21,
            "1928" : 25,
            "1944" : 27,
            "1960" : 39,
            "1976" : 26,
            "1992" : 28,
            "2008" : 28,
            "2024" : 22,
            "2040" : 29,
            "2064" : 60,
            "2096" : 56,
            "2128" : 35,
            "2160" : 37,
            "2192" : 37,
            "2224" : 36,
            "2256" : 31,
            "2288" : 33,
            "2320" : 25,
            "2352" : 30,
            "2384" : 24,
            "2416" : 17,
            "2448" : 17,
            "2480" : 8,
            "2512" : 12,
            "2544" : 11,
            "2576" : 6,
            "2608" : 1,
            "2640" : 6,
            "2672" : 5,
            "2704" : 5,
            "2736" : 5,
            "2768" : 6,
            "2800" : 7,
            "2832" : 6,
            "2864" : 9,
            "2896" : 6,
            "2928" : 8,
            "2960" : 6,
            "2992" : 4,
            "3024" : 4,
            "3056" : 2,
            "3088" : 6,
            "3152" : 3,
            "3184" : 2,
            "3216" : 2,
            "3312" : 3,
            "3344" : 2,
            "3376" : 3,
            "3408" : 7,
            "3440" : 2,
            "3472" : 2,
            "3504" : 2,
            "3536" : 2,
            "3632" : 1,
            "3664" : 2,
            "3696" : 2,
            "3760" : 2,
            "3792" : 2,
            "3920" : 1,
            "4016" : 1,
            "4128" : 4,
            "4192" : 1,
            "4256" : 3,
            "4320" : 1,
            "4384" : 1,
            "4448" : 1,
            "4640" : 3,
            "4768" : 2,
            "4832" : 1,
            "5472" : 1,
            "5664" : 1,
            "5856" : 1,
            "5984" : 1,
            "6240" : 1,
            "6368" : 1,
            "6944" : 1,
            "7008" : 1,
            "7136" : 1,
            "7200" : 1,
            "7584" : 1,
            "7712" : 1,
            "7968" : 1,
            "8256" : 1,
            "8384" : 1,
            "8512" : 2,
            "8768" : 1,
            "8896" : 1,
            "9024" : 1,
            "9408" : 1,
            "9664" : 1,
            "11072" : 1,
            "11840" : 1,
            "11968" : 1,
            "12864" : 1,
            "14528" : 1,
            "17536" : 1,
            "26752" : 1
          }
        },
        "lat_ns" : {
          "min" : 794,
          "max" : 28342,
          "mean" : 973.247803,
          "stddev" : 552.656587,
          "N" : 16384
        },
        "bw_min" : 0,
        "bw_max" : 0,
        "bw_agg" : 0.000000,
        "bw_mean" : 0.000000,
        "bw_dev" : 0.000000,
        "bw_samples" : 0,
        "iops_min" : 0,
        "iops_max" : 0,
        "iops_mean" : 0.000000,
        "iops_stddev" : 0.000000,
        "iops_samples" : 0
      },
      "trim" : {
        "io_bytes" : 0,
        "io_kbytes" : 0,
        "bw_bytes" : 0,
        "bw" : 0,
        "iops" : 0.000000,
        "runtime" : 0,
        "total_ios" : 0,
        "short_ios" : 0,
        "drop_ios" : 0,
        "slat_ns" : {
          "min" : 0,