{
  "fio version" : "fio-3.39-38-gf18c",
  "timestamp" : 1744334127,
  "timestamp_ms" : 1744334127031,
  "time" : "Fri Apr 11 01:15:27 2025",
  "global options" : {
    "kb_base" : "1024",
    "runtime" : "600"
  },
  "jobs" : [
    {
      "jobname" : "nfsv3-write-17179869184-blk65536-iod16",
      "groupid" : 0,
      "job_start" : 1744333998142,
      "error" : 0,
      "eta" : 0,
      "elapsed" : 129,
      "job options" : {
        "stonewall" : "",
        "rw" : "write",
        "size" : "17179869184",
        "bs" : "65536",
        "iodepth" : "16",
        "filename" : "/nfsv3/scratch/adam/fsbench/nfsv3/nfsv3-write-17179869184-blk65536-iod16.bin"
      },
      "read" : {
        "io_bytes" : 0,
        "io_kbytes" : 0,
        "bw_bytes" : 0,
        "bw" : 0,
        "iops" : 0.000000,
        "runtime" : 0,
        "total_ios" : 0,
        "short_ios" : 0,
        "drop_ios" : 0,
        "slat_ns" : {
          "min" : 0,
          "max" : 0,
          "mean" : 0.000000,
          "stddev" : 0.000000,
          "N" : 0
        },
        "clat_ns" : {
          "min" : 0,
          "max" : 0,
          "mean" : 0.000000,
          "stddev" : 0.000000,
          "N" : 0
        },
        "lat_ns" : {
          "min" : 0,
          "max" : 0,
          "mean" : 0.000000,
          "stddev" : 0.000000,
          "N" : 0
        },
        "bw_min" : 0,
        "bw_max" : 0,
        "bw_agg" : 0.000000,
        "bw_mean" : 0.000000,
        "bw_dev" : 0.000000,
        "bw_samples" : 0,
        "iops_min" : 0,
        "iops_max" : 0,
        "iops_mean" : 0.000000,
        "iops_stddev" : 0.000000,
        "iops_samples" : 0
      },
      "write" : {
        "io_bytes" : 17179869184,
        "io_kbytes" : 16777216,
        "bw_bytes" : 173206863,
        "bw" : 169147,
        "iops" : 2642.926996,
        "runtime" : 99187,
        "total_ios" : 262144,
        "short_ios" : 0,
        "drop_ios" : 0,
        "slat_ns" : {
          "min" : 0,
          "max" : 0,
          "mean" : 0.000000,
          "stddev" : 0.000000,
          "N" : 0
        },
        "clat_ns" : {
          "min" : 17777,
          "max" : 33335869,
          "mean" : 377362.230450,
          "stddev" : 1859260.421795,
          "N" : 262144,
          "percentile" : {
            "1.000000" : 24192,
            "5.000000" : 25472,
            "10.000000" : 26496,
            "20.000000" : 27776,
            "30.000000" : 29056,
            "40.000000" : 31104,
            "50.000000" : 35072,
            "60.000000" : 38656,
            "70.000000" : 41728,
            "80.000000" : 45312,
            "90.000000" : 58112,
            "95.000000" : 79360,
            "99.000000" : 9240576,
            "99.500000" : 13959168,
            "99.900000" : 16056320,
            "99.950000" : 16056320,
            "99.990000" : 30801920
          },
          "bins" : {
            "17792" : 1,
            "19072" : 3,
            "20352" : 4,
            "20864" : 1,
            "21120" : 2,
            "21376" : 1,
            "21888" : 4,
            "22144" : 3,
            "22400" : 3,
            "22656" : 9,
            "22912" : 21,
            "23168" : 66,
            "23424" : 164,
            "23680" : 475,
            "23936" : 886,
            "24192" : 1407,
            "24448" : 1654,
            "24704" : 1880,
            "24960" : 2085,
            "25216" : 2580,
            "25472" : 2803,
            "25728" : 3015,
            "25984" : 3324,
            "26240" : 3498,
            "26496" : 3966,
            "26752" : 4393,
            "27008" : 4881,
            "27264" : 5160,
            "27520" : 5525,
            "27776" : 5384,
            "28032" : 5539,
            "28288" : 5203,
            "28544" : 5211,
            "28800" : 5052,
            "29056" : 4544,
            "29312" : 4305,
            "29568" : 4045,
            "29824" : 3727,
            "30080" : 3592,
            "30336" : 3174,
            "30592" : 2868,
            "30848" : 2511,
            "31104" : 2323,
            "31360" : 2101,
            "31616" : 1929,
            "31872" : 1776,
            "32128" : 1721,
            "32384" : 1635,
            "32640" : 1670,
            "33024" : 3265,
            "33536" : 3322,
            "34048" : 3346,
            "34560" : 3331,
            "35072" : 3383,
            "35584" : 3350,
            "36096" : 3385,
            "36608" : 3481,
            "37120" : 3850,
            "37632" : 4402,
            "38144" : 4738,
            "38656" : 4630,
            "39168" : 4325,
            "39680" : 4222,
            "40192" : 4098,
            "40704" : 4139,
            "41216" : 4098,
            "41728" : 3973,
            "42240" : 3808,
            "42752" : 3812,
            "43264" : 4125,
            "43776" : 4177,
            "44288" : 4231,
            "44800" : 4012,
            "45312" : 3561,
            "45824" : 3138,
            "46336" : 2644,
            "46848" : 2146,
            "47360" : 1691,
            "47872" : 1398,
            "48384" : 1159,
            "48896" : 941,
            "49408" : 839,
            "49920" : 737,
            "50432" : 703,
            "50944" : 652,
            "51456" : 531,
            "51968" : 550,
            "52480" : 513,
            "52992" : 465,
            "53504" : 465,
            "54016" : 470,
            "54528" : 493,
            "55040" : 492,
            "55552" : 522,
            "56064" : 479,
            "56576" : 511,
            "57088" : 480,
            "57600" : 500,
            "58112" : 508,
            "58624" : 497,
            "59136" : 473,
            "59648" : 511,
            "60160" : 453,
            "60672" : 443,
            "61184" : 424,
            "61696" : 420,
            "62208" : 431,
            "62720" : 492,
            "63232" : 376,
            "63744" : 378,
            "64256" : 330,
            "64768" : 354,
            "65280" : 346,
            "66048" : 627,
            "67072" : 657,
            "68096" : 576,
            "69120" : 574,
            "70144" : 592,
            "71168" : 486,
            "72192" : 527,
            "73216" : 473,
            "74240" : 451,
            "75264" : 439,
            "76288" : 415,
            "77312" : 386,
            "78336" : 411,
            "79360" : 340,
            "80384" : 307,
            "81408" : 280,
            "82432" : 252,
            "83456" : 247,
            "84480" : 198,
            "85504" : 179,
            "86528" : 164,
            "87552" : 139,
            "88576" : 130,
            "89600" : 121,
            "90624" : 98,
            "91648" : 94,
            "92672" : 84,
            "93696" : 82,
            "94720" : 76,
            "95744" : 78,
            "96768" : 61,
            "97792" : 82,
            "98816" : 88,
            "99840" : 78,
            "100864" : 56,
            "101888" : 75,
            "102912" : 58,
            "103936" : 63,
            "104960" : 45,
            "105984" : 43,
            "107008" : 42,
            "108032" : 31,
            "109056" : 42,
            "110080" : 31,
            "111104" : 27,
            "112128" : 30,
            "113152" : 20,
            "114176" : 23,
            "115200" : 21,
            "116224" : 14,
            "117248" : 24,
            "118272" : 13,
            "119296" : 18,
            "120320" : 15,
            "121344" : 6,
            "122368" : 13,
            "123392" : 11,
            "124416" : 10,
            "125440" : 6,
            "126464" : 8,
            "127488" : 6,
            "128512" : 6,
            "129536" : 7,
            "130560" : 7,
            "132096" : 11,
            "134144" : 8,
            "136192" : 11,
            "138240" : 4,
            "140288" : 6,
            "142336" : 3,
            "144384" : 2,
            "146432" : 4,
            "148480" : 5,
            "150528" : 2,
            "152576" : 3,