{
  "fio version" : "fio-3.39-38-gf18c",
  "timestamp" : 1744242805,
  "timestamp_ms" : 1744242805830,
  "time" : "Wed Apr  9 23:53:25 2025",
  "global options" : {
    "kb_base" : "1024",
    "runtime" : "600"
  },
  "jobs" : [
    {
      "jobname" : "nfsv3-randwrite-4194304-blk256-iod16",
      "groupid" : 0,
      "job_start" : 1744242804691,
      "error" : 0,
      "eta" : 2147483647,
      "elapsed" : 2,
      "job options" : {
        "stonewall" : "",
        "rw" : "randwrite",
        "size" : "4194304",
        "bs" : "256",
        "iodepth" : "16",
        "filename" : "/nfsv3/scratch/adam/fsbench/nfsv3/nfsv3-randwrite-4194304-blk256-iod16.bin"
      },
      "read" : {
        "io_bytes" : 0,
        "io_kbytes" : 0,
        "bw_bytes" : 0,
        "bw" : 0,
        "iops" : 0.000000,
        "runtime" : 0,
        "total_ios" : 0,
        "short_ios" : 0,
        "drop_ios" : 0,
        "slat_ns" : {
          "min" : 0,
          "max" : 0,
          "mean" : 0.000000,
          "stddev" : 0.000000,
          "N" : 0
        },
        "clat_ns" : {
          "min" : 0,
          "max" : 0,
          "mean" : 0.000000,
          "stddev" : 0.000000,
          "N" : 0
        },
        "lat_ns" : {
          "min" : 0,
          "max" : 0,
          "mean" : 0.000000,
          "stddev" : 0.000000,
          "N" : 0
        },
        "bw_min" : 0,
        "bw_max" : 0,
        "bw_agg" : 0.000000,
        "bw_mean" : 0.000000,
        "bw_dev" : 0.000000,
        "bw_samples" : 0,
        "iops_min" : 0,
        "iops_max" : 0,
        "iops_mean" : 0.000000,
        "iops_stddev" : 0.000000,
        "iops_samples" : 0
      },
      "write" : {
        "io_bytes" : 4194304,
        "io_kbytes" : 4096,
        "bw_bytes" : 4161015,
        "bw" : 4063,
        "iops" : 16253.968254,
        "runtime" : 1008,
        "total_ios" : 16384,
        "short_ios" : 0,
        "drop_ios" : 0,
        "slat_ns" : {
          "min" : 0,
          "max" : 0,
          "mean" : 0.000000,
          "stddev" : 0.000000,
          "N" : 0
        },
        "clat_ns" : {
          "min" : 815,
          "max" : 1547061,
          "mean" : 60935.359314,
          "stddev" : 231870.057930,
          "N" : 16384,
          "percentile" : {
            "1.000000" : 956,
            "5.000000" : 972,
            "10.000000" : 980,
            "20.000000" : 1012,
            "30.000000" : 1032,
            "40.000000" : 1064,
            "50.000000" : 1160,
            "60.000000" : 1288,
            "70.000000" : 1400,
            "80.000000" : 1560,
            "90.000000" : 2224,
            "95.000000" : 929792,
            "99.000000" : 995328,
            "99.500000" : 1011712,
            "99.900000" : 1089536,
            "99.950000" : 1155072,
            "99.990000" : 1400832
          },
          "bins" : {
            "812" : 1,
            "852" : 1,
            "868" : 1,
            "876" : 1,
            "892" : 1,
            "908" : 1,
            "924" : 1,
            "932" : 3,
            "940" : 17,
            "948" : 103,
            "956" : 228,
            "964" : 405,
            "972" : 466,
            "980" : 522,
            "988" : 450,
            "996" : 466,
            "1004" : 530,
            "1012" : 558,
            "1020" : 638,
            "1032" : 1024,
            "1048" : 694,
            "1064" : 518,
            "1080" : 446,
            "1096" : 360,
            "1112" : 247,
            "1128" : 235,
            "1144" : 221,
            "1160" : 212,
            "1176" : 195,
            "1192" : 190,
            "1208" : 200,
            "1224" : 179,
            "1240" : 223,
            "1256" : 229,
            "1272" : 210,
            "1288" : 185,
            "1304" : 211,
            "1320" : 264,
            "1336" : 238,
            "1352" : 232,
            "1368" : 238,
            "1384" : 221,
            "1400" : 230,
            "1416" : 233,
            "1432" : 174,
            "1448" : 186,
            "1464" : 168,
            "1480" : 164,
            "1496" : 141,
            "1512" : 147,
            "1528" : 124,
            "1544" : 142,
            "1560" : 107,
            "1576" : 87,
            "1592" : 110,
            "1608" : 107,
            "1624" : 81,
            "1640" : 88,
            "1656" : 83,
            "1672" : 92,
            "1688" : 72,
            "1704" : 67,
            "1720" : 58,
            "1736" : 59,
            "1752" : 63,
            "1768" : 52,
            "1784" : 52,
            "1800" : 52,
            "1816" : 40,
            "1832" : 34,
            "1848" : 40,
            "1864" : 24,
            "1880" : 26,
            "1896" : 20,
            "1912" : 23,
            "1928" : 21,
            "1944" : 18,
            "1960" : 14,
            "1976" : 20,
            "1992" : 18,
            "2008" : 17,
            "2024" : 16,
            "2040" : 9,
            "2064" : 23,
            "2096" : 19,
            "2128" : 17,
            "2160" : 26,
            "2192" : 15,
            "2224" : 15,
            "2256" : 11,
            "2288" : 10,
            "2320" : 9,
            "2352" : 12,
            "2384" : 7,
            "2416" : 11,
            "2448" : 9,
            "2480" : 7,
            "2512" : 10,
            "2544" : 5,
            "2576" : 9,
            "2608" : 5,
            "2640" : 7,
            "2672" : 6,
            "2704" : 6,
            "2736" : 4,
            "2768" : 5,
            "2800" : 7,
            "2832" : 10,
            "2864" : 10,
            "2896" : 7,
            "2928" : 8,
            "2960" : 11,
            "2992" : 7,
            "3024" : 6,
            "3056" : 7,
            "3088" : 10,
            "3120" : 13,
            "3152" : 5,
            "3184" : 8,
            "3216" : 7,
            "3248" : 7,
            "3280" : 5,
            "3312" : 7,
            "3344" : 5,
            "3376" : 6,
            "3408" : 9,
            "3440" : 5,
            "3472" : 8,
            "3504" : 11,
            "3536" : 6,
            "3568" : 5,
            "3600" : 6,
            "3632" : 7,
            "3664" : 2,
            "3696" : 6,
            "3728" : 7,
            "3760" : 6,
            "3792" : 7,
            "3824" : 5,
            "3856" : 8,
            "3888" : 5,
            "3920" : 2,
            "3952" : 4,
            "3984" : 4,
            "4016" : 6,
            "4048" : 9,
            "4080" : 8,
            "4128" : 5,
            "4192" : 6,
            "4256" : 9,
            "4320" : 3,
            "4384" : 8,
            "4448" : 9,
            "4512" : 11,
            "4576" : 6,
            "4640" : 10,
            "4704" : 10,
            "4768" : 7,
            "4832" : 6,
            "4896" : 2,
            "4960" : 4,
            "5024" : 6,
            "5088" : 8,
            "5152" : 3,
            "5216" : 7,
            "5280" : 4,
            "5344" : 2,
            "5472" : 3,
            "5600" : 4,
            "5664" : 2,
            "5728" : 1,
            "5792" : 1,
            "5856" : 1,
            "5920" : 1,
            "5984" : 1,
            "6048" : 2,
            "6176" : 1,
            "6240" : 1,
            "6304" : 1,
            "6560" : 1,
            "6624" : 2,
            "6752" : 1,
            "6880" : 1,
            "7200" : 1,
            "7328" : 1,
            "7712" : 1,
            "9152" : 1,
            "9280" : 1,
            "9408" : 1,
            "9536" : 1,
            "9792" : 1,
            "10048" : 1,
            "11072" : 1,
            "11200" : 1,
            "11584" : 1,
            "11840" : 1,
            "12736" : 1,
            "12992" : 1,
            "13760" : 1,
            "14016" : 1,
            "14144" : 1,
            "14656" : 1,
            "14912" : 4,
            "15040" : 1,
            "15168" : 1,
            "15680" : 1,
            "15936" : 2,