{
  "fio version" : "fio-3.39-38-gf18c",
  "timestamp" : 1744334279,
  "timestamp_ms" : 1744334279316,
  "time" : "Fri Apr 11 01:17:59 2025",
  "global options" : {
    "kb_base" : "1024",
    "runtime" : "600"
  },
  "jobs" : [
    {
      "jobname" : "nfsv4-write-17179869184-blk1048576-iod1",
      "groupid" : 0,
      "job_start" : 1744334149772,
      "error" : 0,
      "eta" : 0,
      "elapsed" : 130,
      "job options" : {
        "stonewall" : "",
        "rw" : "write",
        "size" : "17179869184",
        "bs" : "1048576",
        "iodepth" : "1",
        "filename" : "/scratch/adam/fsbench/nfsv4/nfsv4-write-17179869184-blk1048576-iod1.bin"
      },
      "read" : {
        "io_bytes" : 0,
        "io_kbytes" : 0,
        "bw_bytes" : 0,
        "bw" : 0,
        "iops" : 0.000000,
        "runtime" : 0,
        "total_ios" : 0,
        "short_ios" : 0,
        "drop_ios" : 0,
        "slat_ns" : {
          "min" : 0,
          "max" : 0,
          "mean" : 0.000000,
          "stddev" : 0.000000,
          "N" : 0
        },
        "clat_ns" : {
          "min" : 0,
          "max" : 0,
          "mean" : 0.000000,
          "stddev" : 0.000000,
          "N" : 0
        },
        "lat_ns" : {
          "min" : 0,
          "max" : 0,
          "mean" : 0.000000,
          "stddev" : 0.000000,
          "N" : 0
        },
        "bw_min" : 0,
        "bw_max" : 0,
        "bw_agg" : 0.000000,
        "bw_mean" : 0.000000,
        "bw_dev" : 0.000000,
        "bw_samples" : 0,
        "iops_min" : 0,
        "iops_max" : 0,
        "iops_mean" : 0.000000,
        "iops_stddev" : 0.000000,
        "iops_samples" : 0
      },
      "write" : {
        "io_bytes" : 17179869184,
        "io_kbytes" : 16777216,
        "bw_bytes" : 175190377,
        "bw" : 171084,
        "iops" : 167.074564,
        "runtime" : 98064,
        "total_ios" : 16384,
        "short_ios" : 0,
        "drop_ios" : 0,
        "slat_ns" : {
          "min" : 0,
          "max" : 0,
          "mean" : 0.000000,
          "stddev" : 0.000000,
          "N" : 0
        },
        "clat_ns" : {
          "min" : 402323,
          "max" : 34513837,
          "mean" : 5949667.686340,
          "stddev" : 6455330.930684,
          "N" : 16384,
          "percentile" : {
            "1.000000" : 419840,
            "5.000000" : 436224,
            "10.000000" : 448512,
            "20.000000" : 477184,
            "30.000000" : 552960,
            "40.000000" : 634880,
            "50.000000" : 823296,
            "60.000000" : 8847360,
            "70.000000" : 8847360,
            "80.000000" : 10813440,
            "90.000000" : 15400960,
            "95.000000" : 16187392,
            "99.000000" : 32374784,
            "99.500000" : 32899072,
            "99.900000" : 33816576,
            "99.950000" : 33816576,
            "99.990000" : 34340864
          },
          "bins" : {
            "403456" : 7,
            "407552" : 11,
            "411648" : 33,
            "415744" : 59,
            "419840" : 89,
            "423936" : 138,
            "428032" : 168,
            "432128" : 168,
            "436224" : 203,
            "440320" : 250,
            "444416" : 253,
            "448512" : 310,
            "452608" : 272,
            "456704" : 305,
            "460800" : 277,
            "464896" : 277,
            "468992" : 224,
            "473088" : 217,
            "477184" : 215,
            "481280" : 153,
            "485376" : 156,
            "489472" : 121,
            "493568" : 127,
            "497664" : 107,
            "501760" : 87,
            "505856" : 80,
            "509952" : 58,
            "514048" : 73,
            "518144" : 51,
            "522240" : 53,
            "528384" : 102,
            "536576" : 85,
            "544768" : 89,
            "552960" : 104,
            "561152" : 123,
            "569344" : 129,
            "577536" : 117,
            "585728" : 142,
            "593920" : 184,
            "602112" : 181,
            "610304" : 201,
            "618496" : 221,
            "626688" : 266,
            "634880" : 228,
            "643072" : 220,
            "651264" : 174,
            "659456" : 181,
            "667648" : 119,
            "675840" : 118,
            "684032" : 99,
            "692224" : 71,
            "700416" : 53,
            "708608" : 49,
            "716800" : 47,
            "724992" : 42,
            "733184" : 25,
            "741376" : 33,
            "749568" : 28,
            "757760" : 29,
            "765952" : 30,
            "774144" : 20,
            "782336" : 16,
            "790528" : 26,
            "798720" : 28,
            "806912" : 23,
            "815104" : 29,
            "823296" : 20,
            "831488" : 27,
            "839680" : 39,
            "847872" : 27,
            "856064" : 25,
            "864256" : 27,
            "872448" : 29,
            "880640" : 25,
            "888832" : 19,
            "897024" : 23,
            "905216" : 12,
            "913408" : 13,
            "921600" : 10,
            "929792" : 5,
            "937984" : 9,
            "946176" : 13,
            "954368" : 6,
            "962560" : 7,
            "970752" : 8,
            "978944" : 2,
            "987136" : 4,
            "995328" : 3,
            "1003520" : 2,
            "1011712" : 6,
            "1028096" : 3,
            "1036288" : 1,
            "1044480" : 1,
            "1056768" : 1,
            "1073152" : 2,
            "1171456" : 1,
            "1236992" : 1,
            "6782976" : 12,
            "6848512" : 27,
            "6914048" : 8,
            "6979584" : 1,
            "7241728" : 2,
            "7307264" : 1,
            "7438336" : 2,
            "7503872" : 6,
            "7569408" : 7,
            "7634944" : 5,
            "7700480" : 29,
            "7766016" : 93,
            "7831552" : 336,
            "7897088" : 180,
            "7962624" : 33,
            "8028160" : 14,
            "8093696" : 5,
            "8224768" : 3,
            "8355840" : 2,
            "8454144" : 21,
            "8585216" : 66,
            "8716288" : 407,
            "8847360" : 2214,
            "8978432" : 249,
            "9109504" : 31,
            "9240576" : 3,
            "9371648" : 3,
            "9502720" : 12,
            "9633792" : 30,
            "9764864" : 290,
            "9895936" : 349,
            "10027008" : 32,
            "10158080" : 4,
            "10289152" : 1,
            "10420224" : 2,
            "10551296" : 2,
            "10682368" : 30,
            "10813440" : 143,
            "10944512" : 32,
            "11075584" : 5,
            "11206656" : 1,
            "11337728" : 3,
            "11730944" : 7,
            "11862016" : 14,
            "11993088" : 1,
            "12124160" : 10,
            "12255232" : 15,
            "12386304" : 55,
            "12517376" : 8,
            "12648448" : 1,
            "12779520" : 1,
            "12910592" : 3,
            "13041664" : 16,
            "13172736" : 55,
            "13303808" : 129,
            "13434880" : 218,
            "13565952" : 2,
            "13697024" : 7,
            "13828096" : 7,
            "13959168" : 13,
            "14090240" : 33,
            "14221312" : 58,
            "14352384" : 262,
            "14483456" : 116,
            "14614528" : 14,
            "14745600" : 34,
            "14876672" : 45,
            "15007744" : 63,
            "15138816" : 206,
            "15269888" : 104,
            "15400960" : 244,
            "15532032" : 21,
            "15663104" : 10,
            "15794176" : 47,
            "15925248" : 89,
            "16056320" : 325,
            "16187392" : 423,
            "16318464" : 45,
            "16449536" : 19,
            "16711680" : 8,
            "16908288" : 57,
            "17170432" : 104,
            "17432576" : 2,
            "17694720" : 3,
            "17956864" : 12,