{
  "fio version" : "fio-3.39-38-gf18c",
  "timestamp" : 1744238178,
  "timestamp_ms" : 1744238178497,
  "time" : "Wed Apr  9 22:36:18 2025",
  "global options" : {
    "kb_base" : "1024",
    "runtime" : "600"
  },
  "jobs" : [
    {
      "jobname" : "nfsv3-write-67108864-blk256-iod16",
      "groupid" : 0,
      "job_start" : 1744238177997,
      "error" : 0,
      "eta" : 2147483647,
      "elapsed" : 1,
      "job options" : {
        "stonewall" : "",
        "rw" : "write",
        "size" : "67108864",
        "bs" : "256",
        "iodepth" : "16",
        "filename" : "/nfsv3/scratch/adam/fsbench/nfsv3/nfsv3-write-67108864-blk256-iod16.bin"
      },
      "read" : {
        "io_bytes" : 0,
        "io_kbytes" : 0,
        "bw_bytes" : 0,
        "bw" : 0,
        "iops" : 0.000000,
        "runtime" : 0,
        "total_ios" : 0,
        "short_ios" : 0,
        "drop_ios" : 0,
        "slat_ns" : {
          "min" : 0,
          "max" : 0,
          "mean" : 0.000000,
          "stddev" : 0.000000,
          "N" : 0
        },
        "clat_ns" : {
          "min" : 0,
          "max" : 0,
          "mean" : 0.000000,
          "stddev" : 0.000000,
          "N" : 0
        },
        "lat_ns" : {
          "min" : 0,
          "max" : 0,
          "mean" : 0.000000,
          "stddev" : 0.000000,
          "N" : 0
        },
        "bw_min" : 0,
        "bw_max" : 0,
        "bw_agg" : 0.000000,
        "bw_mean" : 0.000000,
        "bw_dev" : 0.000000,
        "bw_samples" : 0,
        "iops_min" : 0,
        "iops_max" : 0,
        "iops_mean" : 0.000000,
        "iops_stddev" : 0.000000,
        "iops_samples" : 0
      },
      "write" : {
        "io_bytes" : 67108864,
        "io_kbytes" : 65536,
        "bw_bytes" : 220752842,
        "bw" : 215578,
        "iops" : 862315.789474,
        "runtime" : 304,
        "total_ios" : 262144,
        "short_ios" : 0,
        "drop_ios" : 0,
        "slat_ns" : {
          "min" : 0,
          "max" : 0,
          "mean" : 0.000000,
          "stddev" : 0.000000,
          "N" : 0
        },
        "clat_ns" : {
          "min" : 737,
          "max" : 49691,
          "mean" : 937.346066,
          "stddev" : 617.136647,
          "N" : 262144,
          "percentile" : {
            "1.000000" : 748,
            "5.000000" : 756,
            "10.000000" : 756,
            "20.000000" : 772,
            "30.000000" : 788,
            "40.000000" : 812,
            "50.000000" : 836,
            "60.000000" : 844,
            "70.000000" : 860,
            "80.000000" : 884,
            "90.000000" : 940,
            "95.000000" : 1864,
            "99.000000" : 2672,
            "99.500000" : 3184,
            "99.900000" : 8768,
            "99.950000" : 9792,
            "99.990000" : 16768
          },
          "bins" : {
            "740" : 378,
            "748" : 8021,
            "756" : 21258,
            "764" : 17288,
            "772" : 11997,
            "780" : 10392,
            "788" : 10215,
            "796" : 8367,
            "804" : 9147,
            "812" : 8348,
            "820" : 9896,
            "828" : 9326,
            "836" : 16644,
            "844" : 20181,
            "852" : 13678,
            "860" : 13184,
            "868" : 9761,
            "876" : 10215,
            "884" : 8366,
            "892" : 4164,
            "900" : 4287,
            "908" : 3559,
            "916" : 2554,
            "924" : 2282,
            "932" : 1603,
            "940" : 1483,
            "948" : 1129,
            "956" : 600,
            "964" : 416,
            "972" : 222,
            "980" : 182,
            "988" : 113,
            "996" : 103,
            "1004" : 86,
            "1012" : 98,
            "1020" : 66,
            "1032" : 162,
            "1048" : 171,
            "1064" : 174,
            "1080" : 230,
            "1096" : 243,
            "1112" : 256,
            "1128" : 255,
            "1144" : 292,
            "1160" : 300,
            "1176" : 318,
            "1192" : 305,
            "1208" : 249,
            "1224" : 255,
            "1240" : 251,
            "1256" : 228,
            "1272" : 203,
            "1288" : 182,
            "1304" : 170,
            "1320" : 135,
            "1336" : 101,
            "1352" : 107,
            "1368" : 87,
            "1384" : 86,
            "1400" : 82,
            "1416" : 69,
            "1432" : 65,
            "1448" : 66,
            "1464" : 50,
            "1480" : 54,
            "1496" : 36,
            "1512" : 40,
            "1528" : 40,
            "1544" : 39,
            "1560" : 32,
            "1576" : 35,
            "1592" : 50,
            "1608" : 46,
            "1624" : 59,
            "1640" : 75,
            "1656" : 94,
            "1672" : 113,
            "1688" : 165,
            "1704" : 175,
            "1720" : 190,
            "1736" : 275,
            "1752" : 267,
            "1768" : 331,
            "1784" : 363,
            "1800" : 390,
            "1816" : 440,
            "1832" : 420,
            "1848" : 418,
            "1864" : 452,
            "1880" : 450,
            "1896" : 488,
            "1912" : 500,
            "1928" : 457,
            "1944" : 454,
            "1960" : 426,
            "1976" : 428,
            "1992" : 414,
            "2008" : 399,
            "2024" : 376,
            "2040" : 385,
            "2064" : 685,
            "2096" : 629,
            "2128" : 589,
            "2160" : 476,
            "2192" : 434,
            "2224" : 391,
            "2256" : 340,
            "2288" : 271,
            "2320" : 249,
            "2352" : 223,
            "2384" : 186,
            "2416" : 158,
            "2448" : 112,
            "2480" : 110,
            "2512" : 97,
            "2544" : 90,
            "2576" : 103,
            "2608" : 98,
            "2640" : 107,
            "2672" : 111,
            "2704" : 107,
            "2736" : 108,
            "2768" : 103,
            "2800" : 122,
            "2832" : 108,
            "2864" : 89,
            "2896" : 107,
            "2928" : 85,
            "2960" : 71,
            "2992" : 73,
            "3024" : 66,
            "3056" : 60,
            "3088" : 65,
            "3120" : 51,
            "3152" : 39,
            "3184" : 44,
            "3216" : 37,
            "3248" : 28,
            "3280" : 27,
            "3312" : 37,
            "3344" : 17,
            "3376" : 21,
            "3408" : 19,
            "3440" : 21,
            "3472" : 22,
            "3504" : 12,
            "3536" : 14,
            "3568" : 15,
            "3600" : 16,
            "3632" : 16,
            "3664" : 9,
            "3696" : 9,
            "3728" : 7,
            "3760" : 8,
            "3792" : 9,
            "3824" : 7,
            "3856" : 6,
            "3888" : 7,
            "3920" : 13,
            "3952" : 10,
            "3984" : 3,
            "4016" : 13,
            "4048" : 5,
            "4080" : 7,
            "4128" : 6,
            "4192" : 12,
            "4256" : 15,
            "4320" : 13,
            "4384" : 16,
            "4448" : 15,
            "4512" : 17,
            "4576" : 14,
            "4640" : 16,
            "4704" : 12,
            "4768" : 11,
            "4832" : 8,
            "4896" : 15,
            "4960" : 10,
            "5024" : 6,
            "5088" : 12,
            "5152" : 12,
            "5216" : 8,
            "5280" : 3,
            "5344" : 5,
            "5408" : 5,
            "5472" : 9,
            "5536" : 4,
            "5600" : 4,
            "5664" : 7,
            "5728" : 5,
            "5792" : 3,
            "5856" : 1,
            "5920" : 4,
            "5984" : 4,
            "6048" : 6,
            "6112" : 8,
            "6176" : 7,
            "6240" : 2,
            "6304" : 3,
            "6368" : 5,
            "6432" : 5,
            "6496" : 1,
            "6560" : 8,