{
  "fio version" : "fio-3.39-38-gf18c",
  "timestamp" : 1744238173,
  "timestamp_ms" : 1744238173545,
  "time" : "Wed Apr  9 22:36:13 2025",
  "global options" : {
    "kb_base" : "1024",
    "runtime" : "600"
  },
  "jobs" : [
    {
      "jobname" : "nfsv3-write-67108864-blk256-iod1",
      "groupid" : 0,
      "job_start" : 1744238173044,
      "error" : 0,
      "eta" : 2147483647,
      "elapsed" : 1,
      "job options" : {
        "stonewall" : "",
        "rw" : "write",
        "size" : "67108864",
        "bs" : "256",
        "iodepth" : "1",
        "filename" : "/nfsv3/scratch/adam/fsbench/nfsv3/nfsv3-write-67108864-blk256-iod1.bin"
      },
      "read" : {
        "io_bytes" : 0,
        "io_kbytes" : 0,
        "bw_bytes" : 0,
        "bw" : 0,
        "iops" : 0.000000,
        "runtime" : 0,
        "total_ios" : 0,
        "short_ios" : 0,
        "drop_ios" : 0,
        "slat_ns" : {
          "min" : 0,
          "max" : 0,
          "mean" : 0.000000,
          "stddev" : 0.000000,
          "N" : 0
        },
        "clat_ns" : {
          "min" : 0,
          "max" : 0,
          "mean" : 0.000000,
          "stddev" : 0.000000,
          "N" : 0
        },
        "lat_ns" : {
          "min" : 0,
          "max" : 0,
          "mean" : 0.000000,
          "stddev" : 0.000000,
          "N" : 0
        },
        "bw_min" : 0,
        "bw_max" : 0,
        "bw_agg" : 0.000000,
        "bw_mean" : 0.000000,
        "bw_dev" : 0.000000,
        "bw_samples" : 0,
        "iops_min" : 0,
        "iops_max" : 0,
        "iops_mean" : 0.000000,
        "iops_stddev" : 0.000000,
        "iops_samples" : 0
      },
      "write" : {
        "io_bytes" : 67108864,
        "io_kbytes" : 65536,
        "bw_bytes" : 220029062,
        "bw" : 214872,
        "iops" : 859488.524590,
        "runtime" : 305,
        "total_ios" : 262144,
        "short_ios" : 0,
        "drop_ios" : 0,
        "slat_ns" : {
          "min" : 0,
          "max" : 0,
          "mean" : 0.000000,
          "stddev" : 0.000000,
          "N" : 0
        },
        "clat_ns" : {
          "min" : 743,
          "max" : 77044,
          "mean" : 932.403053,
          "stddev" : 550.695962,
          "N" : 262144,
          "percentile" : {
            "1.000000" : 756,
            "5.000000" : 764,
            "10.000000" : 764,
            "20.000000" : 780,
            "30.000000" : 788,
            "40.000000" : 820,
            "50.000000" : 844,
            "60.000000" : 852,
            "70.000000" : 868,
            "80.000000" : 876,
            "90.000000" : 932,
            "95.000000" : 1848,
            "99.000000" : 2576,
            "99.500000" : 3088,
            "99.900000" : 8640,
            "99.950000" : 9792,
            "99.990000" : 13760
          },
          "bins" : {
            "740" : 1,
            "748" : 167,
            "756" : 7356,
            "764" : 24628,
            "772" : 12851,
            "780" : 21312,
            "788" : 20101,
            "796" : 6834,
            "804" : 3793,
            "812" : 5210,
            "820" : 7274,
            "828" : 7925,
            "836" : 8535,
            "844" : 17436,
            "852" : 18394,
            "860" : 15028,
            "868" : 19208,
            "876" : 14103,
            "884" : 8188,
            "892" : 5319,
            "900" : 2637,
            "908" : 3092,
            "916" : 2717,
            "924" : 2956,
            "932" : 3183,
            "940" : 1521,
            "948" : 1266,
            "956" : 582,
            "964" : 317,
            "972" : 236,
            "980" : 141,
            "988" : 99,
            "996" : 90,
            "1004" : 68,
            "1012" : 49,
            "1020" : 49,
            "1032" : 78,
            "1048" : 94,
            "1064" : 94,
            "1080" : 77,
            "1096" : 98,
            "1112" : 85,
            "1128" : 99,
            "1144" : 93,
            "1160" : 95,
            "1176" : 126,
            "1192" : 159,
            "1208" : 144,
            "1224" : 109,
            "1240" : 102,
            "1256" : 109,
            "1272" : 108,
            "1288" : 112,
            "1304" : 78,
            "1320" : 73,
            "1336" : 58,
            "1352" : 57,
            "1368" : 62,
            "1384" : 52,
            "1400" : 42,
            "1416" : 42,
            "1432" : 35,
            "1448" : 29,
            "1464" : 34,
            "1480" : 28,
            "1496" : 20,
            "1512" : 20,
            "1528" : 19,
            "1544" : 15,
            "1560" : 32,
            "1576" : 30,
            "1592" : 37,
            "1608" : 59,
            "1624" : 53,
            "1640" : 82,
            "1656" : 97,
            "1672" : 135,
            "1688" : 175,
            "1704" : 203,
            "1720" : 222,
            "1736" : 273,
            "1752" : 307,
            "1768" : 361,
            "1784" : 382,
            "1800" : 434,
            "1816" : 428,
            "1832" : 488,
            "1848" : 458,
            "1864" : 463,
            "1880" : 481,
            "1896" : 473,
            "1912" : 532,
            "1928" : 449,
            "1944" : 492,
            "1960" : 464,
            "1976" : 466,
            "1992" : 424,
            "2008" : 427,
            "2024" : 341,
            "2040" : 386,
            "2064" : 628,
            "2096" : 586,
            "2128" : 514,
            "2160" : 456,
            "2192" : 382,
            "2224" : 370,
            "2256" : 295,
            "2288" : 266,
            "2320" : 237,
            "2352" : 177,
            "2384" : 154,
            "2416" : 154,
            "2448" : 124,
            "2480" : 117,
            "2512" : 89,
            "2544" : 106,
            "2576" : 109,
            "2608" : 107,
            "2640" : 113,
            "2672" : 93,
            "2704" : 109,
            "2736" : 108,
            "2768" : 104,
            "2800" : 98,
            "2832" : 108,
            "2864" : 65,
            "2896" : 67,
            "2928" : 76,
            "2960" : 70,
            "2992" : 67,
            "3024" : 58,
            "3056" : 54,
            "3088" : 40,
            "3120" : 49,
            "3152" : 53,
            "3184" : 34,
            "3216" : 40,
            "3248" : 28,
            "3280" : 26,
            "3312" : 28,
            "3344" : 23,
            "3376" : 24,
            "3408" : 12,
            "3440" : 11,
            "3472" : 15,
            "3504" : 13,
            "3536" : 8,
            "3568" : 16,
            "3600" : 10,
            "3632" : 12,
            "3664" : 6,
            "3696" : 12,
            "3728" : 6,
            "3760" : 7,
            "3792" : 10,
            "3824" : 4,
            "3856" : 6,
            "3888" : 8,
            "3920" : 9,
            "3952" : 6,
            "3984" : 2,
            "4016" : 5,
            "4048" : 3,
            "4080" : 10,
            "4128" : 12,
            "4192" : 11,
            "4256" : 10,
            "4320" : 10,
            "4384" : 16,
            "4448" : 16,
            "4512" : 6,
            "4576" : 7,
            "4640" : 8,
            "4704" : 8,
            "4768" : 15,
            "4832" : 10,
            "4896" : 7,
            "4960" : 3,
            "5024" : 4,
            "5088" : 3,
            "5152" : 3,
            "5216" : 4,
            "5280" : 5,
            "5344" : 4,
            "5408" : 3,
            "5472" : 4,
            "5536" : 4,
            "5600" : 4,
            "5664" : 5,
            "5728" : 4,
            "5792" : 2,
            "5856" : 3,
            "5920" : 3,
            "5984" : 1,
            "6048" : 3,
            "6112" : 1,
            "6176" : 3,
            "6240" : 6,
            "6304" : 2,
            "6368" : 3,
            "6496" : 3,
            "6560" : 4,
            "6624" : 6,
            "6688" : 12,
            "6752" : 8,