{
  "fio version" : "fio-3.39-38-gf18c",
  "timestamp" : 1744238161,
  "timestamp_ms" : 1744238161077,
  "time" : "Wed Apr  9 22:36:01 2025",
  "global options" : {
    "kb_base" : "1024",
    "runtime" : "600"
  },
  "jobs" : [
    {
      "jobname" : "nfsv3-write-4194304-blk4096-iod1",
      "groupid" : 0,
      "job_start" : 1744238160937,
      "error" : 0,
      "eta" : 2147483647,
      "elapsed" : 1,
      "job options" : {
        "stonewall" : "",
        "rw" : "write",
        "size" : "4194304",
        "bs" : "4096",
        "iodepth" : "1",
        "filename" : "/nfsv3/scratch/adam/fsbench/nfsv3/nfsv3-write-4194304-blk4096-iod1.bin"
      },
      "read" : {
        "io_bytes" : 0,
        "io_kbytes" : 0,
        "bw_bytes" : 0,
        "bw" : 0,
        "iops" : 0.000000,
        "runtime" : 0,
        "total_ios" : 0,
        "short_ios" : 0,
        "drop_ios" : 0,
        "slat_ns" : {
          "min" : 0,
          "max" : 0,
          "mean" : 0.000000,
          "stddev" : 0.000000,
          "N" : 0
        },
        "clat_ns" : {
          "min" : 0,
          "max" : 0,
          "mean" : 0.000000,
          "stddev" : 0.000000,
          "N" : 0
        },
        "lat_ns" : {
          "min" : 0,
          "max" : 0,
          "mean" : 0.000000,
          "stddev" : 0.000000,
          "N" : 0
        },
        "bw_min" : 0,
        "bw_max" : 0,
        "bw_agg" : 0.000000,
        "bw_mean" : 0.000000,
        "bw_dev" : 0.000000,
        "bw_samples" : 0,
        "iops_min" : 0,
        "iops_max" : 0,
        "iops_mean" : 0.000000,
        "iops_stddev" : 0.000000,
        "iops_samples" : 0
      },
      "write" : {
        "io_bytes" : 4194304,
        "io_kbytes" : 4096,
        "bw_bytes" : 699050666,
        "bw" : 682666,
        "iops" : 170666.666667,
        "runtime" : 6,
        "total_ios" : 1024,
        "short_ios" : 0,
        "drop_ios" : 0,
        "slat_ns" : {
          "min" : 0,
          "max" : 0,
          "mean" : 0.000000,
          "stddev" : 0.000000,
          "N" : 0
        },
        "clat_ns" : {
          "min" : 1929,
          "max" : 26773,
          "mean" : 2782.657227,
          "stddev" : 1348.561118,
          "N" : 1024,
          "percentile" : {
            "1.000000" : 1992,
            "5.000000" : 2064,
            "10.000000" : 2128,
            "20.000000" : 2224,
            "30.000000" : 2320,
            "40.000000" : 2416,
            "50.000000" : 2512,
            "60.000000" : 2640,
            "70.000000" : 2896,
            "80.000000" : 3152,
            "90.000000" : 3472,
            "95.000000" : 3952,
            "99.000000" : 5344,
            "99.500000" : 10688,
            "99.900000" : 25216,
            "99.950000" : 26752,
            "99.990000" : 26752
          },
          "bins" : {
            "1928" : 1,
            "1944" : 2,
            "1960" : 1,
            "1976" : 6,
            "1992" : 5,
            "2008" : 7,
            "2024" : 5,
            "2040" : 9,
            "2064" : 35,
            "2096" : 20,
            "2128" : 40,
            "2160" : 35,
            "2192" : 29,
            "2224" : 31,
            "2256" : 37,
            "2288" : 36,
            "2320" : 37,
            "2352" : 31,
            "2384" : 35,
            "2416" : 31,
            "2448" : 34,
            "2480" : 32,
            "2512" : 30,
            "2544" : 19,
            "2576" : 29,
            "2608" : 24,
            "2640" : 24,
            "2672" : 10,
            "2704" : 11,
            "2736" : 14,
            "2768" : 10,
            "2800" : 13,
            "2832" : 9,
            "2864" : 9,
            "2896" : 21,
            "2928" : 5,
            "2960" : 6,
            "2992" : 16,
            "3024" : 21,
            "3056" : 11,
            "3088" : 12,
            "3120" : 19,
            "3152" : 14,
            "3184" : 16,
            "3216" : 16,
            "3248" : 7,
            "3280" : 12,
            "3312" : 7,
            "3344" : 17,
            "3376" : 8,
            "3408" : 8,
            "3440" : 3,
            "3472" : 11,
            "3504" : 5,
            "3536" : 6,
            "3568" : 6,
            "3600" : 4,
            "3632" : 6,
            "3664" : 2,
            "3696" : 1,
            "3728" : 2,
            "3760" : 3,
            "3792" : 1,
            "3824" : 2,
            "3856" : 2,
            "3888" : 1,
            "3952" : 1,
            "4016" : 1,
            "4048" : 1,
            "4080" : 1,
            "4128" : 2,
            "4192" : 6,
            "4256" : 1,
            "4320" : 6,
            "4384" : 7,
            "4512" : 2,
            "4640" : 2,
            "4832" : 2,
            "4896" : 3,
            "4960" : 1,
            "5024" : 3,
            "5088" : 1,
            "5152" : 1,
            "5344" : 1,
            "5472" : 1,
            "5600" : 1,
            "5984" : 1,
            "8640" : 1,
            "10688" : 2,
            "13632" : 1,
            "14144" : 1,
            "25216" : 1,
            "26752" : 1
          }
        },
        "lat_ns" : {
          "min" : 1970,
          "max" : 28405,
          "mean" : 2850.362305,
          "stddev" : 1482.072395,
          "N" : 1024
        },
        "bw_min" : 0,
        "bw_max" : 0,
        "bw_agg" : 0.000000,
        "bw_mean" : 0.000000,
        "bw_dev" : 0.000000,
        "bw_samples" : 0,
        "iops_min" : 0,
        "iops_max" : 0,
        "iops_mean" : 0.000000,
        "iops_stddev" : 0.000000,
        "iops_samples" : 0
      },
      "trim" : {
        "io_bytes" : 0,
        "io_kbytes" : 0,
        "bw_bytes" : 0,
        "bw" : 0,
        "iops" : 0.000000,
        "runtime" : 0,
        "total_ios" : 0,
        "short_ios" : 0,
        "drop_ios" : 0,
        "slat_ns" : {
          "min" : 0,
          "max" : 0,
          "mean" : 0.000000,
          "stddev" : 0.000000,
          "N" : 0
        },
        "clat_ns" : {
          "min" : 0,
          "max" : 0,
          "mean" : 0.000000,
          "stddev" : 0.000000,
          "N" : 0
        },
        "lat_ns" : {
          "min" : 0,
          "max" : 0,
          "mean" : 0.000000,
          "stddev" : 0.000000,
          "N" : 0
        },
        "bw_min" : 0,
        "bw_max" : 0,
        "bw_agg" : 0.000000,
        "bw_mean" : 0.000000,
        "bw_dev" : 0.000000,
        "bw_samples" : 0,
        "iops_min" : 0,
        "iops_max" : 0,
        "iops_mean" : 0.000000,
        "iops_stddev" : 0.000000,
        "iops_samples" : 0
      },
      "sync" : {
        "total_ios" : 0,
        "lat_ns" : {
          "min" : 0,
          "max" : 0,
          "mean" : 0.000000,
          "stddev" : 0.000000,
          "N" : 0
        }
      },
      "job_runtime" : 5,
      "usr_cpu" : 0.000000,
      "sys_cpu" : 20.000000,
      "ctx" : 2,
      "majf" : 0,
      "minf" : 8,
      "iodepth_level" : {
        "1" : 100.000000,
        "2" : 0.000000,
        "4" : 0.000000,
        "8" : 0.000000,
        "16" : 0.000000,
        "32" : 0.000000,
        ">=64" : 0.000000
      },
      "iodepth_submit" : {
        "0" : 0.000000,
        "4" : 100.000000,
        "8" : 0.000000,
        "16" : 0.000000,
        "32" : 0.000000,
        "64" : 0.000000,
        ">=64" : 0.000000
      },
      "iodepth_complete" : {
        "0" : 0.000000,
        "4" : 100.000000,
        "8" : 0.000000,
        "16" : 0.000000,
        "32" : 0.000000,
        "64" : 0.000000,
        ">=64" : 0.000000
      },
      "latency_ns" : {
        "2" : 0.000000,
        "4" : 0.000000,
        "10" : 0.000000,
        "20" : 0.000000,
        "50" : 0.000000,
        "100" : 0.000000,
        "250" : 0.000000,
        "500" : 0.000000,
        "750" : 0.000000,
        "1000" : 0.000000
      },
      "latency_us" : {
        "2" : 1.464844,
        "4" : 93.554688,
        "10" : 4.394531,
        "20" : 0.390625,