{
  "fio version" : "fio-3.39-38-gf18c",
  "timestamp" : 1744242808,
  "timestamp_ms" : 1744242808686,
  "time" : "Wed Apr  9 23:53:28 2025",
  "global options" : {
    "kb_base" : "1024",
    "runtime" : "600"
  },
  "jobs" : [
    {
      "jobname" : "nfsv3-randwrite-4194304-blk4096-iod4",
      "groupid" : 0,
      "job_start" : 1744242808545,
      "error" : 0,
      "eta" : 2147483647,
      "elapsed" : 1,
      "job options" : {
        "stonewall" : "",
        "rw" : "randwrite",
        "size" : "4194304",
        "bs" : "4096",
        "iodepth" : "4",
        "filename" : "/nfsv3/scratch/adam/fsbench/nfsv3/nfsv3-randwrite-4194304-blk4096-iod4.bin"
      },
      "read" : {
        "io_bytes" : 0,
        "io_kbytes" : 0,
        "bw_bytes" : 0,
        "bw" : 0,
        "iops" : 0.000000,
        "runtime" : 0,
        "total_ios" : 0,
        "short_ios" : 0,
        "drop_ios" : 0,
        "slat_ns" : {
          "min" : 0,
          "max" : 0,
          "mean" : 0.000000,
          "stddev" : 0.000000,
          "N" : 0
        },
        "clat_ns" : {
          "min" : 0,
          "max" : 0,
          "mean" : 0.000000,
          "stddev" : 0.000000,
          "N" : 0
        },
        "lat_ns" : {
          "min" : 0,
          "max" : 0,
          "mean" : 0.000000,
          "stddev" : 0.000000,
          "N" : 0
        },
        "bw_min" : 0,
        "bw_max" : 0,
        "bw_agg" : 0.000000,
        "bw_mean" : 0.000000,
        "bw_dev" : 0.000000,
        "bw_samples" : 0,
        "iops_min" : 0,
        "iops_max" : 0,
        "iops_mean" : 0.000000,
        "iops_stddev" : 0.000000,
        "iops_samples" : 0
      },
      "write" : {
        "io_bytes" : 4194304,
        "io_kbytes" : 4096,
        "bw_bytes" : 838860800,
        "bw" : 819200,
        "iops" : 204800.000000,
        "runtime" : 5,
        "total_ios" : 1024,
        "short_ios" : 0,
        "drop_ios" : 0,
        "slat_ns" : {
          "min" : 0,
          "max" : 0,
          "mean" : 0.000000,
          "stddev" : 0.000000,
          "N" : 0
        },
        "clat_ns" : {
          "min" : 1930,
          "max" : 30243,
          "mean" : 2524.920898,
          "stddev" : 1563.597072,
          "N" : 1024,
          "percentile" : {
            "1.000000" : 1976,
            "5.000000" : 2040,
            "10.000000" : 2064,
            "20.000000" : 2128,
            "30.000000" : 2160,
            "40.000000" : 2192,
            "50.000000" : 2224,
            "60.000000" : 2288,
            "70.000000" : 2384,
            "80.000000" : 2608,
            "90.000000" : 3024,
            "95.000000" : 3312,
            "99.000000" : 6688,
            "99.500000" : 13760,
            "99.900000" : 27776,
            "99.950000" : 30336,
            "99.990000" : 30336
          },
          "bins" : {
            "1928" : 1,
            "1944" : 1,
            "1960" : 7,
            "1976" : 8,
            "1992" : 5,
            "2008" : 6,
            "2024" : 14,
            "2040" : 16,
            "2064" : 67,
            "2096" : 54,
            "2128" : 87,
            "2160" : 92,
            "2192" : 80,
            "2224" : 77,
            "2256" : 58,
            "2288" : 55,
            "2320" : 44,
            "2352" : 36,
            "2384" : 24,
            "2416" : 23,
            "2448" : 20,
            "2480" : 18,
            "2512" : 12,
            "2544" : 8,
            "2576" : 3,
            "2608" : 7,
            "2640" : 6,
            "2672" : 10,
            "2704" : 8,
            "2736" : 6,
            "2768" : 2,
            "2800" : 9,
            "2832" : 5,
            "2864" : 6,
            "2896" : 9,
            "2928" : 11,
            "2960" : 13,
            "2992" : 9,
            "3024" : 6,
            "3056" : 8,
            "3088" : 9,
            "3120" : 6,
            "3152" : 5,
            "3184" : 8,
            "3216" : 6,
            "3248" : 2,
            "3280" : 3,
            "3312" : 7,
            "3344" : 5,
            "3376" : 4,
            "3440" : 3,
            "3472" : 1,
            "3504" : 4,
            "3536" : 1,
            "3632" : 1,
            "3664" : 1,
            "3760" : 1,
            "3856" : 1,
            "4048" : 1,
            "4256" : 2,
            "4384" : 1,
            "4576" : 1,
            "4704" : 1,
            "4768" : 1,
            "4960" : 1,
            "5152" : 1,
            "5216" : 1,
            "6112" : 1,
            "6432" : 1,
            "6496" : 1,
            "6688" : 2,
            "6816" : 1,
            "7072" : 1,
            "7392" : 1,
            "7840" : 1,
            "13760" : 1,
            "14400" : 1,
            "16192" : 1,
            "19328" : 1,
            "27776" : 1,
            "30336" : 1
          }
        },
        "lat_ns" : {
          "min" : 1977,
          "max" : 30286,
          "mean" : 2570.143555,
          "stddev" : 1582.492580,
          "N" : 1024
        },
        "bw_min" : 0,
        "bw_max" : 0,
        "bw_agg" : 0.000000,
        "bw_mean" : 0.000000,
        "bw_dev" : 0.000000,
        "bw_samples" : 0,
        "iops_min" : 0,
        "iops_max" : 0,
        "iops_mean" : 0.000000,
        "iops_stddev" : 0.000000,
        "iops_samples" : 0
      },
      "trim" : {
        "io_bytes" : 0,
        "io_kbytes" : 0,
        "bw_bytes" : 0,
        "bw" : 0,
        "iops" : 0.000000,
        "runtime" : 0,
        "total_ios" : 0,
        "short_ios" : 0,
        "drop_ios" : 0,
        "slat_ns" : {
          "min" : 0,
          "max" : 0,
          "mean" : 0.000000,
          "stddev" : 0.000000,
          "N" : 0
        },
        "clat_ns" : {
          "min" : 0,
          "max" : 0,
          "mean" : 0.000000,
          "stddev" : 0.000000,
          "N" : 0
        },
        "lat_ns" : {
          "min" : 0,
          "max" : 0,
          "mean" : 0.000000,
          "stddev" : 0.000000,
          "N" : 0
        },
        "bw_min" : 0,
        "bw_max" : 0,
        "bw_agg" : 0.000000,
        "bw_mean" : 0.000000,
        "bw_dev" : 0.000000,
        "bw_samples" : 0,
        "iops_min" : 0,
        "iops_max" : 0,
        "iops_mean" : 0.000000,
        "iops_stddev" : 0.000000,
        "iops_samples" : 0
      },
      "sync" : {
        "total_ios" : 0,
        "lat_ns" : {
          "min" : 0,
          "max" : 0,
          "mean" : 0.000000,
          "stddev" : 0.000000,
          "N" : 0
        }
      },
      "job_runtime" : 4,
      "usr_cpu" : 0.000000,
      "sys_cpu" : 75.000000,
      "ctx" : 2,
      "majf" : 0,
      "minf" : 6,
      "iodepth_level" : {
        "1" : 100.000000,
        "2" : 0.000000,
        "4" : 0.000000,
        "8" : 0.000000,
        "16" : 0.000000,
        "32" : 0.000000,
        ">=64" : 0.000000
      },
      "iodepth_submit" : {
        "0" : 0.000000,
        "4" : 100.000000,
        "8" : 0.000000,
        "16" : 0.000000,
        "32" : 0.000000,
        "64" : 0.000000,
        ">=64" : 0.000000
      },
      "iodepth_complete" : {
        "0" : 0.000000,
        "4" : 100.000000,
        "8" : 0.000000,
        "16" : 0.000000,
        "32" : 0.000000,
        "64" : 0.000000,
        ">=64" : 0.000000
      },
      "latency_ns" : {
        "2" : 0.000000,
        "4" : 0.000000,
        "10" : 0.000000,
        "20" : 0.000000,
        "50" : 0.000000,
        "100" : 0.000000,
        "250" : 0.000000,
        "500" : 0.000000,
        "750" : 0.000000,
        "1000" : 0.000000
      },
      "latency_us" : {
        "2" : 2.148438,
        "4" : 95.410156,
        "10" : 1.855469,
        "20" : 0.390625,
        "50" : 0.195312,
        "100" : 0.000000,
        "250" : 0.000000,
        "500" : 0.000000,
        "750" : 0.000000,
        "1000" : 0.000000
      },
      "latency_ms" : {
        "2" : 0.000000,
        "4" : 0.000000,
        "10" : 0.000000,
        "20" : 0.000000,