{
  "fio version" : "fio-3.39-38-gf18c",
  "timestamp" : 1744334844,
  "timestamp_ms" : 1744334844174,
  "time" : "Fri Apr 11 01:27:24 2025",
  "global options" : {
    "kb_base" : "1024",
    "runtime" : "600"
  },
  "jobs" : [
    {
      "jobname" : "nfsv4-write-17179869184-blk1048576-iod16",
      "groupid" : 0,
      "job_start" : 1744334715630,
      "error" : 0,
      "eta" : 0,
      "elapsed" : 129,
      "job options" : {
        "stonewall" : "",
        "rw" : "write",
        "size" : "17179869184",
        "bs" : "1048576",
        "iodepth" : "16",
        "filename" : "/scratch/adam/fsbench/nfsv4/nfsv4-write-17179869184-blk1048576-iod16.bin"
      },
      "read" : {
        "io_bytes" : 0,
        "io_kbytes" : 0,
        "bw_bytes" : 0,
        "bw" : 0,
        "iops" : 0.000000,
        "runtime" : 0,
        "total_ios" : 0,
        "short_ios" : 0,
        "drop_ios" : 0,
        "slat_ns" : {
          "min" : 0,
          "max" : 0,
          "mean" : 0.000000,
          "stddev" : 0.000000,
          "N" : 0
        },
        "clat_ns" : {
          "min" : 0,
          "max" : 0,
          "mean" : 0.000000,
          "stddev" : 0.000000,
          "N" : 0
        },
        "lat_ns" : {
          "min" : 0,
          "max" : 0,
          "mean" : 0.000000,
          "stddev" : 0.000000,
          "N" : 0
        },
        "bw_min" : 0,
        "bw_max" : 0,
        "bw_agg" : 0.000000,
        "bw_mean" : 0.000000,
        "bw_dev" : 0.000000,
        "bw_samples" : 0,
        "iops_min" : 0,
        "iops_max" : 0,
        "iops_mean" : 0.000000,
        "iops_stddev" : 0.000000,
        "iops_samples" : 0
      },
      "write" : {
        "io_bytes" : 17179869184,
        "io_kbytes" : 16777216,
        "bw_bytes" : 171097193,
        "bw" : 167087,
        "iops" : 163.170999,
        "runtime" : 100410,
        "total_ios" : 16384,
        "short_ios" : 0,
        "drop_ios" : 0,
        "slat_ns" : {
          "min" : 0,
          "max" : 0,
          "mean" : 0.000000,
          "stddev" : 0.000000,
          "N" : 0
        },
        "clat_ns" : {
          "min" : 397092,
          "max" : 22877621,
          "mean" : 6090947.100403,
          "stddev" : 5626230.326178,
          "N" : 16384,
          "percentile" : {
            "1.000000" : 423936,
            "5.000000" : 444416,
            "10.000000" : 456704,
            "20.000000" : 493568,
            "30.000000" : 610304,
            "40.000000" : 741376,
            "50.000000" : 7831552,
            "60.000000" : 7897088,
            "70.000000" : 8847360,
            "80.000000" : 8847360,
            "90.000000" : 16187392,
            "95.000000" : 17170432,
            "99.000000" : 17694720,
            "99.500000" : 18743296,
            "99.900000" : 19005440,
            "99.950000" : 19005440,
            "99.990000" : 19791872
          },
          "bins" : {
            "395264" : 1,
            "399360" : 2,
            "403456" : 2,
            "407552" : 4,
            "411648" : 23,
            "415744" : 24,
            "419840" : 57,
            "423936" : 97,
            "428032" : 103,
            "432128" : 111,
            "436224" : 121,
            "440320" : 180,
            "444416" : 253,
            "448512" : 287,
            "452608" : 271,
            "456704" : 235,
            "460800" : 208,
            "464896" : 208,
            "468992" : 170,
            "473088" : 199,
            "477184" : 161,
            "481280" : 174,
            "485376" : 158,
            "489472" : 132,
            "493568" : 100,
            "497664" : 79,
            "501760" : 63,
            "505856" : 58,
            "509952" : 43,
            "514048" : 23,
            "518144" : 32,
            "522240" : 23,
            "528384" : 39,
            "536576" : 42,
            "544768" : 55,
            "552960" : 76,
            "561152" : 108,
            "569344" : 116,
            "577536" : 162,
            "585728" : 173,
            "593920" : 197,
            "602112" : 162,
            "610304" : 195,
            "618496" : 215,
            "626688" : 204,
            "634880" : 183,
            "643072" : 190,
            "651264" : 170,
            "659456" : 143,
            "667648" : 100,
            "675840" : 65,
            "684032" : 65,
            "692224" : 66,
            "700416" : 56,
            "708608" : 42,
            "716800" : 49,
            "724992" : 40,
            "733184" : 32,
            "741376" : 44,
            "749568" : 37,
            "757760" : 31,
            "765952" : 34,
            "774144" : 27,
            "782336" : 24,
            "790528" : 26,
            "798720" : 28,
            "806912" : 16,
            "815104" : 17,
            "823296" : 22,
            "831488" : 30,
            "839680" : 18,
            "847872" : 26,
            "856064" : 19,
            "864256" : 18,
            "872448" : 21,
            "880640" : 23,
            "888832" : 18,
            "897024" : 17,
            "905216" : 16,
            "913408" : 15,
            "921600" : 11,
            "929792" : 7,
            "937984" : 16,
            "946176" : 7,
            "954368" : 7,
            "962560" : 12,
            "970752" : 11,
            "978944" : 8,
            "987136" : 9,
            "995328" : 6,
            "1003520" : 3,
            "1011712" : 6,
            "1019904" : 5,
            "1028096" : 1,
            "1036288" : 4,
            "1044480" : 6,
            "1056768" : 5,
            "1073152" : 4,
            "1089536" : 9,
            "1122304" : 4,
            "1138688" : 1,
            "1155072" : 2,
            "1171456" : 1,
            "1204224" : 1,
            "1220608" : 1,
            "1253376" : 2,
            "1302528" : 2,
            "1318912" : 1,
            "1335296" : 1,
            "1368064" : 1,
            "1400832" : 1,
            "1449984" : 1,
            "1515520" : 1,
            "1662976" : 1,
            "1744896" : 1,
            "6651904" : 1,
            "6717440" : 19,
            "6782976" : 73,
            "6848512" : 308,
            "6914048" : 167,
            "6979584" : 31,
            "7045120" : 5,
            "7176192" : 1,
            "7307264" : 1,
            "7503872" : 6,
            "7569408" : 7,
            "7634944" : 19,
            "7700480" : 61,
            "7766016" : 216,
            "7831552" : 875,
            "7897088" : 1014,
            "7962624" : 110,
            "8028160" : 27,
            "8093696" : 5,
            "8159232" : 3,
            "8290304" : 4,
            "8355840" : 1,
            "8454144" : 16,
            "8585216" : 62,
            "8716288" : 411,
            "8847360" : 2759,
            "8978432" : 200,
            "9109504" : 35,
            "9240576" : 7,
            "9371648" : 2,
            "9502720" : 2,
            "9633792" : 18,
            "9764864" : 171,
            "9895936" : 171,
            "10027008" : 13,
            "10158080" : 1,
            "10289152" : 1,
            "10420224" : 2,
            "10682368" : 2,
            "10813440" : 11,
            "10944512" : 5,
            "11075584" : 1,
            "11206656" : 1,
            "11337728" : 1,
            "11730944" : 3,
            "11862016" : 8,
            "11993088" : 1,
            "12124160" : 6,
            "12255232" : 8,
            "12386304" : 6,
            "12648448" : 1,
            "12779520" : 7,
            "12910592" : 7,
            "13041664" : 3,
            "13172736" : 3,
            "13303808" : 5,
            "13434880" : 2,
            "13565952" : 2,
            "13697024" : 3,
            "13828096" : 10,
            "13959168" : 2,
            "14090240" : 2,
            "14221312" : 1,
            "14352384" : 3,
            "14483456" : 1,
            "14614528" : 5,
            "14745600" : 8,
            "14876672" : 14,
            "15007744" : 12,