{
  "fio version" : "fio-3.39-38-gf18c",
  "timestamp" : 1744333426,
  "timestamp_ms" : 1744333426931,
  "time" : "Fri Apr 11 01:03:46 2025",
  "global options" : {
    "kb_base" : "1024",
    "runtime" : "600"
  },
  "jobs" : [
    {
      "jobname" : "nfsv4-write-17179869184-blk65536-iod1",
      "groupid" : 0,
      "job_start" : 1744333298292,
      "error" : 0,
      "eta" : 0,
      "elapsed" : 129,
      "job options" : {
        "stonewall" : "",
        "rw" : "write",
        "size" : "17179869184",
        "bs" : "65536",
        "iodepth" : "1",
        "filename" : "/scratch/adam/fsbench/nfsv4/nfsv4-write-17179869184-blk65536-iod1.bin"
      },
      "read" : {
        "io_bytes" : 0,
        "io_kbytes" : 0,
        "bw_bytes" : 0,
        "bw" : 0,
        "iops" : 0.000000,
        "runtime" : 0,
        "total_ios" : 0,
        "short_ios" : 0,
        "drop_ios" : 0,
        "slat_ns" : {
          "min" : 0,
          "max" : 0,
          "mean" : 0.000000,
          "stddev" : 0.000000,
          "N" : 0
        },
        "clat_ns" : {
          "min" : 0,
          "max" : 0,
          "mean" : 0.000000,
          "stddev" : 0.000000,
          "N" : 0
        },
        "lat_ns" : {
          "min" : 0,
          "max" : 0,
          "mean" : 0.000000,
          "stddev" : 0.000000,
          "N" : 0
        },
        "bw_min" : 0,
        "bw_max" : 0,
        "bw_agg" : 0.000000,
        "bw_mean" : 0.000000,
        "bw_dev" : 0.000000,
        "bw_samples" : 0,
        "iops_min" : 0,
        "iops_max" : 0,
        "iops_mean" : 0.000000,
        "iops_stddev" : 0.000000,
        "iops_samples" : 0
      },
      "write" : {
        "io_bytes" : 17179869184,
        "io_kbytes" : 16777216,
        "bw_bytes" : 171541379,
        "bw" : 167520,
        "iops" : 2617.513729,
        "runtime" : 100150,
        "total_ios" : 262144,
        "short_ios" : 0,
        "drop_ios" : 0,
        "slat_ns" : {
          "min" : 0,
          "max" : 0,
          "mean" : 0.000000,
          "stddev" : 0.000000,
          "N" : 0
        },
        "clat_ns" : {
          "min" : 19434,
          "max" : 36018892,
          "mean" : 381159.607182,
          "stddev" : 2174888.026968,
          "N" : 262144,
          "percentile" : {
            "1.000000" : 23936,
            "5.000000" : 24704,
            "10.000000" : 25472,
            "20.000000" : 26496,
            "30.000000" : 27264,
            "40.000000" : 28800,
            "50.000000" : 30848,
            "60.000000" : 35584,
            "70.000000" : 40192,
            "80.000000" : 44288,
            "90.000000" : 56064,
            "95.000000" : 73216,
            "99.000000" : 14745600,
            "99.500000" : 15925248,
            "99.900000" : 19791872,
            "99.950000" : 31850496,
            "99.990000" : 32899072
          },
          "bins" : {
            "19328" : 1,
            "19584" : 1,
            "19840" : 1,
            "20096" : 1,
            "20608" : 2,
            "20864" : 2,
            "21632" : 2,
            "22144" : 4,
            "22400" : 3,
            "22656" : 16,
            "22912" : 44,
            "23168" : 95,
            "23424" : 254,
            "23680" : 704,
            "23936" : 1694,
            "24192" : 2937,
            "24448" : 3901,
            "24704" : 4736,
            "24960" : 5201,
            "25216" : 5918,
            "25472" : 6285,
            "25728" : 6552,
            "25984" : 6574,
            "26240" : 6989,
            "26496" : 7073,
            "26752" : 7146,
            "27008" : 6800,
            "27264" : 6291,
            "27520" : 5964,
            "27776" : 5442,
            "28032" : 4953,
            "28288" : 4401,
            "28544" : 3933,
            "28800" : 3636,
            "29056" : 3483,
            "29312" : 3371,
            "29568" : 3263,
            "29824" : 3097,
            "30080" : 2930,
            "30336" : 2822,
            "30592" : 2521,
            "30848" : 2286,
            "31104" : 1962,
            "31360" : 1794,
            "31616" : 1637,
            "31872" : 1498,
            "32128" : 1556,
            "32384" : 1569,
            "32640" : 1615,
            "33024" : 3128,
            "33536" : 3018,
            "34048" : 2656,
            "34560" : 2246,
            "35072" : 2168,
            "35584" : 2014,
            "36096" : 1927,
            "36608" : 1932,
            "37120" : 2275,
            "37632" : 2711,
            "38144" : 3401,
            "38656" : 3665,
            "39168" : 3653,
            "39680" : 3677,
            "40192" : 3859,
            "40704" : 3832,
            "41216" : 3775,
            "41728" : 3544,
            "42240" : 3385,
            "42752" : 3250,
            "43264" : 3187,
            "43776" : 3296,
            "44288" : 3402,
            "44800" : 3321,
            "45312" : 2979,
            "45824" : 2440,
            "46336" : 1967,
            "46848" : 1594,
            "47360" : 1311,
            "47872" : 1052,
            "48384" : 932,
            "48896" : 818,
            "49408" : 671,
            "49920" : 626,
            "50432" : 514,
            "50944" : 494,
            "51456" : 426,
            "51968" : 445,
            "52480" : 421,
            "52992" : 423,
            "53504" : 405,
            "54016" : 424,
            "54528" : 437,
            "55040" : 407,
            "55552" : 461,
            "56064" : 462,
            "56576" : 492,
            "57088" : 452,
            "57600" : 464,
            "58112" : 492,
            "58624" : 484,
            "59136" : 486,
            "59648" : 475,
            "60160" : 493,
            "60672" : 485,
            "61184" : 511,
            "61696" : 491,
            "62208" : 493,
            "62720" : 437,
            "63232" : 462,
            "63744" : 479,
            "64256" : 497,
            "64768" : 477,
            "65280" : 446,
            "66048" : 761,
            "67072" : 682,
            "68096" : 664,
            "69120" : 536,
            "70144" : 547,
            "71168" : 489,
            "72192" : 446,
            "73216" : 429,
            "74240" : 435,
            "75264" : 406,
            "76288" : 340,
            "77312" : 360,
            "78336" : 334,
            "79360" : 306,
            "80384" : 278,
            "81408" : 250,
            "82432" : 195,
            "83456" : 200,
            "84480" : 196,
            "85504" : 183,
            "86528" : 160,
            "87552" : 133,
            "88576" : 117,
            "89600" : 96,
            "90624" : 97,
            "91648" : 88,
            "92672" : 94,
            "93696" : 73,
            "94720" : 53,
            "95744" : 81,
            "96768" : 63,
            "97792" : 73,
            "98816" : 57,
            "99840" : 69,
            "100864" : 46,
            "101888" : 57,
            "102912" : 50,
            "103936" : 44,
            "104960" : 45,
            "105984" : 30,
            "107008" : 40,
            "108032" : 28,
            "109056" : 39,
            "110080" : 23,
            "111104" : 32,
            "112128" : 36,
            "113152" : 24,
            "114176" : 21,
            "115200" : 16,
            "116224" : 12,
            "117248" : 19,
            "118272" : 22,
            "119296" : 15,
            "120320" : 14,
            "121344" : 12,
            "122368" : 11,
            "123392" : 11,
            "124416" : 10,
            "125440" : 12,
            "126464" : 5,
            "127488" : 13,
            "128512" : 4,
            "129536" : 8,
            "130560" : 9,
            "132096" : 17,
            "134144" : 14,
            "136192" : 8,
            "138240" : 7,
            "140288" : 5,
            "142336" : 5,
            "144384" : 7,
            "146432" : 5,
            "148480" : 2,
            "150528" : 5,
            "152576" : 1,