{
  "fio version" : "fio-3.39-38-gf18c",
  "timestamp" : 1744242804,
  "timestamp_ms" : 1744242804395,
  "time" : "Wed Apr  9 23:53:24 2025",
  "global options" : {
    "kb_base" : "1024",
    "runtime" : "600"
  },
  "jobs" : [
    {
      "jobname" : "nfsv4-randwrite-4194304-blk256-iod16",
      "groupid" : 0,
      "job_start" : 1744242803258,
      "error" : 0,
      "eta" : 2147483647,
      "elapsed" : 2,
      "job options" : {
        "stonewall" : "",
        "rw" : "randwrite",
        "size" : "4194304",
        "bs" : "256",
        "iodepth" : "16",
        "filename" : "/scratch/adam/fsbench/nfsv4/nfsv4-randwrite-4194304-blk256-iod16.bin"
      },
      "read" : {
        "io_bytes" : 0,
        "io_kbytes" : 0,
        "bw_bytes" : 0,
        "bw" : 0,
        "iops" : 0.000000,
        "runtime" : 0,
        "total_ios" : 0,
        "short_ios" : 0,
        "drop_ios" : 0,
        "slat_ns" : {
          "min" : 0,
          "max" : 0,
          "mean" : 0.000000,
          "stddev" : 0.000000,
          "N" : 0
        },
        "clat_ns" : {
          "min" : 0,
          "max" : 0,
          "mean" : 0.000000,
          "stddev" : 0.000000,
          "N" : 0
        },
        "lat_ns" : {
          "min" : 0,
          "max" : 0,
          "mean" : 0.000000,
          "stddev" : 0.000000,
          "N" : 0
        },
        "bw_min" : 0,
        "bw_max" : 0,
        "bw_agg" : 0.000000,
        "bw_mean" : 0.000000,
        "bw_dev" : 0.000000,
        "bw_samples" : 0,
        "iops_min" : 0,
        "iops_max" : 0,
        "iops_mean" : 0.000000,
        "iops_stddev" : 0.000000,
        "iops_samples" : 0
      },
      "write" : {
        "io_bytes" : 4194304,
        "io_kbytes" : 4096,
        "bw_bytes" : 4044651,
        "bw" : 3949,
        "iops" : 15799.421408,
        "runtime" : 1037,
        "total_ios" : 16384,
        "short_ios" : 0,
        "drop_ios" : 0,
        "slat_ns" : {
          "min" : 0,
          "max" : 0,
          "mean" : 0.000000,
          "stddev" : 0.000000,
          "N" : 0
        },
        "clat_ns" : {
          "min" : 880,
          "max" : 1693906,
          "mean" : 62719.701782,
          "stddev" : 238927.169184,
          "N" : 16384,
          "percentile" : {
            "1.000000" : 948,
            "5.000000" : 964,
            "10.000000" : 972,
            "20.000000" : 1004,
            "30.000000" : 1032,
            "40.000000" : 1064,
            "50.000000" : 1144,
            "60.000000" : 1288,
            "70.000000" : 1400,
            "80.000000" : 1560,
            "90.000000" : 2320,
            "95.000000" : 954368,
            "99.000000" : 1019904,
            "99.500000" : 1044480,
            "99.900000" : 1155072,
            "99.950000" : 1204224,
            "99.990000" : 1662976
          },
          "bins" : {
            "884" : 1,
            "892" : 1,
            "900" : 1,
            "924" : 1,
            "932" : 24,
            "940" : 100,
            "948" : 265,
            "956" : 425,
            "964" : 518,
            "972" : 548,
            "980" : 438,
            "988" : 309,
            "996" : 350,
            "1004" : 473,
            "1012" : 574,
            "1020" : 685,
            "1032" : 1182,
            "1048" : 624,
            "1064" : 475,
            "1080" : 426,
            "1096" : 309,
            "1112" : 202,
            "1128" : 177,
            "1144" : 165,
            "1160" : 144,
            "1176" : 160,
            "1192" : 138,
            "1208" : 149,
            "1224" : 196,
            "1240" : 197,
            "1256" : 211,
            "1272" : 192,
            "1288" : 211,
            "1304" : 246,
            "1320" : 249,
            "1336" : 250,
            "1352" : 226,
            "1368" : 260,
            "1384" : 237,
            "1400" : 224,
            "1416" : 225,
            "1432" : 214,
            "1448" : 183,
            "1464" : 188,
            "1480" : 158,
            "1496" : 156,
            "1512" : 119,
            "1528" : 101,
            "1544" : 115,
            "1560" : 103,
            "1576" : 120,
            "1592" : 102,
            "1608" : 103,
            "1624" : 90,
            "1640" : 111,
            "1656" : 74,
            "1672" : 72,
            "1688" : 90,
            "1704" : 70,
            "1720" : 63,
            "1736" : 65,
            "1752" : 47,
            "1768" : 48,
            "1784" : 48,
            "1800" : 40,
            "1816" : 32,
            "1832" : 30,
            "1848" : 27,
            "1864" : 29,
            "1880" : 27,
            "1896" : 29,
            "1912" : 19,
            "1928" : 25,
            "1944" : 16,
            "1960" : 24,
            "1976" : 20,
            "1992" : 23,
            "2008" : 18,
            "2024" : 13,
            "2040" : 17,
            "2064" : 22,
            "2096" : 22,
            "2128" : 11,
            "2160" : 18,
            "2192" : 17,
            "2224" : 13,
            "2256" : 15,
            "2288" : 10,
            "2320" : 12,
            "2352" : 7,
            "2384" : 7,
            "2416" : 4,
            "2448" : 3,
            "2480" : 5,
            "2512" : 10,
            "2544" : 3,
            "2576" : 5,
            "2608" : 4,
            "2640" : 4,
            "2672" : 3,
            "2704" : 3,
            "2736" : 5,
            "2768" : 6,
            "2800" : 3,
            "2832" : 5,
            "2864" : 6,
            "2896" : 7,
            "2928" : 3,
            "2960" : 3,
            "2992" : 7,
            "3024" : 3,
            "3056" : 6,
            "3088" : 7,
            "3120" : 6,
            "3152" : 4,
            "3184" : 4,
            "3216" : 9,
            "3248" : 6,
            "3280" : 4,
            "3312" : 7,
            "3344" : 6,
            "3376" : 4,
            "3408" : 9,
            "3440" : 8,
            "3472" : 4,
            "3504" : 5,
            "3536" : 2,
            "3568" : 8,
            "3600" : 9,
            "3632" : 5,
            "3664" : 5,
            "3696" : 6,
            "3728" : 6,
            "3760" : 9,
            "3792" : 7,
            "3824" : 7,
            "3856" : 7,
            "3888" : 8,
            "3920" : 11,
            "3952" : 7,
            "3984" : 9,
            "4016" : 6,
            "4048" : 4,
            "4080" : 10,
            "4128" : 21,
            "4192" : 17,
            "4256" : 11,
            "4320" : 13,
            "4384" : 9,
            "4448" : 14,
            "4512" : 12,
            "4576" : 10,
            "4640" : 9,
            "4704" : 5,
            "4768" : 11,
            "4832" : 9,
            "4896" : 11,
            "4960" : 11,
            "5024" : 6,
            "5088" : 7,
            "5152" : 9,
            "5216" : 3,
            "5280" : 4,
            "5344" : 1,
            "5408" : 3,
            "5472" : 4,
            "5536" : 2,
            "5600" : 3,
            "5664" : 6,
            "5728" : 1,
            "5792" : 1,
            "5856" : 1,
            "5920" : 2,
            "6048" : 2,
            "6112" : 5,
            "6176" : 2,
            "6240" : 2,
            "6304" : 2,
            "6368" : 2,
            "6752" : 1,
            "6816" : 1,
            "6880" : 1,
            "6944" : 3,
            "7008" : 1,
            "7072" : 3,
            "7392" : 1,
            "7456" : 1,
            "7520" : 2,
            "7648" : 1,
            "7840" : 1,
            "8096" : 1,
            "8160" : 1,
            "8256" : 1,
            "8384" : 2,
            "8512" : 3,
            "9152" : 2,
            "9536" : 1,
            "9664" : 2,
            "9792" : 1,
            "9920" : 2,
            "10944" : 1,
            "11200" : 2,
            "11968" : 1,
            "12096" : 1,
            "12352" : 1,
            "13248" : 1,
            "13504" : 1,
            "14144" : 1,