{
  "fio version" : "fio-3.39-38-gf18c",
  "timestamp" : 1744238335,
  "timestamp_ms" : 1744238335085,
  "time" : "Wed Apr  9 22:38:55 2025",
  "global options" : {
    "kb_base" : "1024",
    "runtime" : "600"
  },
  "jobs" : [
    {
      "jobname" : "nfsv3-write-1073741824-blk4096-iod4",
      "groupid" : 0,
      "job_start" : 1744238326697,
      "error" : 0,
      "eta" : 0,
      "elapsed" : 9,
      "job options" : {
        "stonewall" : "",
        "rw" : "write",
        "size" : "1073741824",
        "bs" : "4096",
        "iodepth" : "4",
        "filename" : "/nfsv3/scratch/adam/fsbench/nfsv3/nfsv3-write-1073741824-blk4096-iod4.bin"
      },
      "read" : {
        "io_bytes" : 0,
        "io_kbytes" : 0,
        "bw_bytes" : 0,
        "bw" : 0,
        "iops" : 0.000000,
        "runtime" : 0,
        "total_ios" : 0,
        "short_ios" : 0,
        "drop_ios" : 0,
        "slat_ns" : {
          "min" : 0,
          "max" : 0,
          "mean" : 0.000000,
          "stddev" : 0.000000,
          "N" : 0
        },
        "clat_ns" : {
          "min" : 0,
          "max" : 0,
          "mean" : 0.000000,
          "stddev" : 0.000000,
          "N" : 0
        },
        "lat_ns" : {
          "min" : 0,
          "max" : 0,
          "mean" : 0.000000,
          "stddev" : 0.000000,
          "N" : 0
        },
        "bw_min" : 0,
        "bw_max" : 0,
        "bw_agg" : 0.000000,
        "bw_mean" : 0.000000,
        "bw_dev" : 0.000000,
        "bw_samples" : 0,
        "iops_min" : 0,
        "iops_max" : 0,
        "iops_mean" : 0.000000,
        "iops_stddev" : 0.000000,
        "iops_samples" : 0
      },
      "write" : {
        "io_bytes" : 1073741824,
        "io_kbytes" : 1048576,
        "bw_bytes" : 1604995252,
        "bw" : 1567378,
        "iops" : 391844.544096,
        "runtime" : 669,
        "total_ios" : 262144,
        "short_ios" : 0,
        "drop_ios" : 0,
        "slat_ns" : {
          "min" : 0,
          "max" : 0,
          "mean" : 0.000000,
          "stddev" : 0.000000,
          "N" : 0
        },
        "clat_ns" : {
          "min" : 1807,
          "max" : 85922,
          "mean" : 2303.254978,
          "stddev" : 965.743213,
          "N" : 262144,
          "percentile" : {
            "1.000000" : 1880,
            "5.000000" : 1896,
            "10.000000" : 1928,
            "20.000000" : 1976,
            "30.000000" : 2008,
            "40.000000" : 2064,
            "50.000000" : 2096,
            "60.000000" : 2128,
            "70.000000" : 2192,
            "80.000000" : 2320,
            "90.000000" : 2832,
            "95.000000" : 3056,
            "99.000000" : 7392,
            "99.500000" : 8384,
            "99.900000" : 11712,
            "99.950000" : 13760,
            "99.990000" : 18816
          },
          "bins" : {
            "1800" : 1,
            "1832" : 1,
            "1848" : 159,
            "1864" : 1662,
            "1880" : 5335,
            "1896" : 7739,
            "1912" : 6905,
            "1928" : 5980,
            "1944" : 7285,
            "1960" : 10409,
            "1976" : 12994,
            "1992" : 12911,
            "2008" : 10929,
            "2024" : 8947,
            "2040" : 9633,
            "2064" : 24826,
            "2096" : 20266,
            "2128" : 16810,
            "2160" : 15824,
            "2192" : 10759,
            "2224" : 8540,
            "2256" : 6406,
            "2288" : 4900,
            "2320" : 3825,
            "2352" : 2972,
            "2384" : 2451,
            "2416" : 1955,
            "2448" : 1747,
            "2480" : 1306,
            "2512" : 1069,
            "2544" : 920,
            "2576" : 809,
            "2608" : 741,
            "2640" : 744,
            "2672" : 815,
            "2704" : 1312,
            "2736" : 1463,
            "2768" : 1828,
            "2800" : 2225,
            "2832" : 2109,
            "2864" : 2117,
            "2896" : 2187,
            "2928" : 1932,
            "2960" : 1802,
            "2992" : 1584,
            "3024" : 1256,
            "3056" : 1082,
            "3088" : 921,
            "3120" : 736,
            "3152" : 600,
            "3184" : 574,
            "3216" : 463,
            "3248" : 415,
            "3280" : 362,
            "3312" : 295,
            "3344" : 268,
            "3376" : 228,
            "3408" : 225,
            "3440" : 172,
            "3472" : 141,
            "3504" : 126,
            "3536" : 106,
            "3568" : 118,
            "3600" : 86,
            "3632" : 92,
            "3664" : 83,
            "3696" : 64,
            "3728" : 67,
            "3760" : 51,
            "3792" : 58,
            "3824" : 52,
            "3856" : 51,
            "3888" : 46,
            "3920" : 51,
            "3952" : 35,
            "3984" : 40,
            "4016" : 34,
            "4048" : 38,
            "4080" : 37,
            "4128" : 61,
            "4192" : 60,
            "4256" : 53,
            "4320" : 43,
            "4384" : 44,
            "4448" : 30,
            "4512" : 27,
            "4576" : 24,
            "4640" : 19,
            "4704" : 13,
            "4768" : 7,
            "4832" : 10,
            "4896" : 6,
            "4960" : 6,
            "5024" : 8,
            "5088" : 18,
            "5152" : 44,
            "5216" : 46,
            "5280" : 62,
            "5344" : 85,
            "5408" : 91,
            "5472" : 129,
            "5536" : 126,
            "5600" : 129,
            "5664" : 142,
            "5728" : 129,
            "5792" : 146,
            "5856" : 131,
            "5920" : 131,
            "5984" : 138,
            "6048" : 133,
            "6112" : 121,
            "6176" : 117,
            "6240" : 93,
            "6304" : 109,
            "6368" : 85,
            "6432" : 96,
            "6496" : 81,
            "6560" : 73,
            "6624" : 74,
            "6688" : 60,
            "6752" : 80,
            "6816" : 47,
            "6880" : 40,
            "6944" : 39,
            "7008" : 30,
            "7072" : 25,
            "7136" : 32,
            "7200" : 34,
            "7264" : 42,
            "7328" : 32,
            "7392" : 41,
            "7456" : 51,
            "7520" : 49,
            "7584" : 70,
            "7648" : 71,
            "7712" : 79,
            "7776" : 92,
            "7840" : 82,
            "7904" : 92,
            "7968" : 96,
            "8032" : 96,
            "8096" : 94,
            "8160" : 98,
            "8256" : 155,
            "8384" : 170,
            "8512" : 146,
            "8640" : 122,
            "8768" : 110,
            "8896" : 92,
            "9024" : 85,
            "9152" : 79,
            "9280" : 61,
            "9408" : 51,
            "9536" : 39,
            "9664" : 25,
            "9792" : 30,
            "9920" : 20,
            "10048" : 15,
            "10176" : 18,
            "10304" : 15,
            "10432" : 16,
            "10560" : 13,
            "10688" : 13,
            "10816" : 14,
            "10944" : 12,
            "11072" : 9,
            "11200" : 13,
            "11328" : 14,
            "11456" : 8,
            "11584" : 11,
            "11712" : 10,
            "11840" : 12,
            "11968" : 9,
            "12096" : 7,
            "12224" : 14,
            "12352" : 16,
            "12480" : 8,
            "12608" : 11,
            "12736" : 10,
            "12864" : 3,
            "12992" : 6,
            "13120" : 4,
            "13248" : 5,
            "13376" : 8,
            "13504" : 7,
            "13632" : 6,
            "13760" : 6,
            "13888" : 4,
            "14016" : 5,
            "14144" : 2,
            "14272" : 4,
            "14400" : 4,
            "14528" : 6,
            "14656" : 1,
            "14784" : 7,
            "14912" : 6,
            "15040" : 2,
            "15168" : 3,
            "15296" : 1,
            "15424" : 2,