{
  "fio version" : "fio-3.39-38-gf18c",
  "timestamp" : 1744244962,
  "timestamp_ms" : 1744244962967,
  "time" : "Thu Apr 10 00:29:22 2025",
  "global options" : {
    "kb_base" : "1024",
    "runtime" : "600"
  },
  "jobs" : [
    {
      "jobname" : "nfsv3-randwrite-1073741824-blk4096-iod1",
      "groupid" : 0,
      "job_start" : 1744244954579,
      "error" : 0,
      "eta" : 0,
      "elapsed" : 9,
      "job options" : {
        "stonewall" : "",
        "rw" : "randwrite",
        "size" : "1073741824",
        "bs" : "4096",
        "iodepth" : "1",
        "filename" : "/nfsv3/scratch/adam/fsbench/nfsv3/nfsv3-randwrite-1073741824-blk4096-iod1.bin"
      },
      "read" : {
        "io_bytes" : 0,
        "io_kbytes" : 0,
        "bw_bytes" : 0,
        "bw" : 0,
        "iops" : 0.000000,
        "runtime" : 0,
        "total_ios" : 0,
        "short_ios" : 0,
        "drop_ios" : 0,
        "slat_ns" : {
          "min" : 0,
          "max" : 0,
          "mean" : 0.000000,
          "stddev" : 0.000000,
          "N" : 0
        },
        "clat_ns" : {
          "min" : 0,
          "max" : 0,
          "mean" : 0.000000,
          "stddev" : 0.000000,
          "N" : 0
        },
        "lat_ns" : {
          "min" : 0,
          "max" : 0,
          "mean" : 0.000000,
          "stddev" : 0.000000,
          "N" : 0
        },
        "bw_min" : 0,
        "bw_max" : 0,
        "bw_agg" : 0.000000,
        "bw_mean" : 0.000000,
        "bw_dev" : 0.000000,
        "bw_samples" : 0,
        "iops_min" : 0,
        "iops_max" : 0,
        "iops_mean" : 0.000000,
        "iops_stddev" : 0.000000,
        "iops_samples" : 0
      },
      "write" : {
        "io_bytes" : 1073741824,
        "io_kbytes" : 1048576,
        "bw_bytes" : 1390857284,
        "bw" : 1358259,
        "iops" : 339564.766839,
        "runtime" : 772,
        "total_ios" : 262144,
        "short_ios" : 0,
        "drop_ios" : 0,
        "slat_ns" : {
          "min" : 0,
          "max" : 0,
          "mean" : 0.000000,
          "stddev" : 0.000000,
          "N" : 0
        },
        "clat_ns" : {
          "min" : 1847,
          "max" : 172193,
          "mean" : 2628.464077,
          "stddev" : 1239.394229,
          "N" : 262144,
          "percentile" : {
            "1.000000" : 1976,
            "5.000000" : 2096,
            "10.000000" : 2160,
            "20.000000" : 2224,
            "30.000000" : 2288,
            "40.000000" : 2352,
            "50.000000" : 2384,
            "60.000000" : 2448,
            "70.000000" : 2544,
            "80.000000" : 2736,
            "90.000000" : 3184,
            "95.000000" : 3472,
            "99.000000" : 8032,
            "99.500000" : 8896,
            "99.900000" : 14784,
            "99.950000" : 17024,
            "99.990000" : 32128
          },
          "bins" : {
            "1848" : 1,
            "1864" : 17,
            "1880" : 86,
            "1896" : 230,
            "1912" : 347,
            "1928" : 398,
            "1944" : 407,
            "1960" : 599,
            "1976" : 835,
            "1992" : 1177,
            "2008" : 1281,
            "2024" : 1240,
            "2040" : 1456,
            "2064" : 3781,
            "2096" : 5030,
            "2128" : 6167,
            "2160" : 8861,
            "2192" : 10886,
            "2224" : 12851,
            "2256" : 15767,
            "2288" : 16017,
            "2320" : 16320,
            "2352" : 16474,
            "2384" : 15241,
            "2416" : 13845,
            "2448" : 12242,
            "2480" : 10367,
            "2512" : 8832,
            "2544" : 7157,
            "2576" : 5844,
            "2608" : 4932,
            "2640" : 4086,
            "2672" : 3555,
            "2704" : 2921,
            "2736" : 2479,
            "2768" : 2176,
            "2800" : 1947,
            "2832" : 1743,
            "2864" : 1528,
            "2896" : 1541,
            "2928" : 1480,
            "2960" : 1579,
            "2992" : 1571,
            "3024" : 1793,
            "3056" : 1963,
            "3088" : 2111,
            "3120" : 2031,
            "3152" : 2126,
            "3184" : 1986,
            "3216" : 1853,
            "3248" : 1844,
            "3280" : 1613,
            "3312" : 1428,
            "3344" : 1297,
            "3376" : 1142,
            "3408" : 958,
            "3440" : 892,
            "3472" : 841,
            "3504" : 734,
            "3536" : 630,
            "3568" : 529,
            "3600" : 473,
            "3632" : 390,
            "3664" : 401,
            "3696" : 334,
            "3728" : 268,
            "3760" : 276,
            "3792" : 215,
            "3824" : 179,
            "3856" : 155,
            "3888" : 145,
            "3920" : 167,
            "3952" : 146,
            "3984" : 130,
            "4016" : 89,
            "4048" : 91,
            "4080" : 105,
            "4128" : 149,
            "4192" : 134,
            "4256" : 128,
            "4320" : 138,
            "4384" : 138,
            "4448" : 109,
            "4512" : 111,
            "4576" : 111,
            "4640" : 76,
            "4704" : 70,
            "4768" : 70,
            "4832" : 64,
            "4896" : 72,
            "4960" : 51,
            "5024" : 36,
            "5088" : 42,
            "5152" : 20,
            "5216" : 22,
            "5280" : 22,
            "5344" : 23,
            "5408" : 39,
            "5472" : 45,
            "5536" : 60,
            "5600" : 69,
            "5664" : 76,
            "5728" : 107,
            "5792" : 140,
            "5856" : 132,
            "5920" : 151,
            "5984" : 151,
            "6048" : 162,
            "6112" : 148,
            "6176" : 159,
            "6240" : 143,
            "6304" : 162,
            "6368" : 134,
            "6432" : 110,
            "6496" : 97,
            "6560" : 121,
            "6624" : 98,
            "6688" : 99,
            "6752" : 80,
            "6816" : 63,
            "6880" : 50,
            "6944" : 53,
            "7008" : 57,
            "7072" : 39,
            "7136" : 42,
            "7200" : 28,
            "7264" : 26,
            "7328" : 24,
            "7392" : 30,
            "7456" : 25,
            "7520" : 20,
            "7584" : 25,
            "7648" : 39,
            "7712" : 45,
            "7776" : 67,
            "7840" : 58,
            "7904" : 52,
            "7968" : 77,
            "8032" : 87,
            "8096" : 103,
            "8160" : 115,
            "8256" : 222,
            "8384" : 180,
            "8512" : 187,
            "8640" : 177,
            "8768" : 145,
            "8896" : 132,
            "9024" : 89,
            "9152" : 84,
            "9280" : 75,
            "9408" : 49,
            "9536" : 48,
            "9664" : 39,
            "9792" : 26,
            "9920" : 41,
            "10048" : 33,
            "10176" : 34,
            "10304" : 35,
            "10432" : 31,
            "10560" : 26,
            "10688" : 22,
            "10816" : 22,
            "10944" : 29,
            "11072" : 21,
            "11200" : 17,
            "11328" : 7,
            "11456" : 17,
            "11584" : 8,
            "11712" : 10,
            "11840" : 14,
            "11968" : 15,
            "12096" : 9,
            "12224" : 11,
            "12352" : 11,
            "12480" : 18,
            "12608" : 16,
            "12736" : 14,
            "12864" : 8,
            "12992" : 8,
            "13120" : 7,
            "13248" : 16,
            "13376" : 12,
            "13504" : 17,
            "13632" : 8,
            "13760" : 10,
            "13888" : 13,
            "14016" : 7,
            "14144" : 10,
            "14272" : 7,
            "14400" : 6,
            "14528" : 6,
            "14656" : 6,
            "14784" : 11,
            "14912" : 6,
            "15040" : 9,
            "15168" : 13,
            "15296" : 9,