{
  "fio version" : "fio-3.39-38-gf18c",
  "timestamp" : 1744238367,
  "timestamp_ms" : 1744238367990,
  "time" : "Wed Apr  9 22:39:27 2025",
  "global options" : {
    "kb_base" : "1024",
    "runtime" : "600"
  },
  "jobs" : [
    {
      "jobname" : "nfsv4-write-1073741824-blk65536-iod1",
      "groupid" : 0,
      "job_start" : 1744238359853,
      "error" : 0,
      "eta" : 0,
      "elapsed" : 9,
      "job options" : {
        "stonewall" : "",
        "rw" : "write",
        "size" : "1073741824",
        "bs" : "65536",
        "iodepth" : "1",
        "filename" : "/scratch/adam/fsbench/nfsv4/nfsv4-write-1073741824-blk65536-iod1.bin"
      },
      "read" : {
        "io_bytes" : 0,
        "io_kbytes" : 0,
        "bw_bytes" : 0,
        "bw" : 0,
        "iops" : 0.000000,
        "runtime" : 0,
        "total_ios" : 0,
        "short_ios" : 0,
        "drop_ios" : 0,
        "slat_ns" : {
          "min" : 0,
          "max" : 0,
          "mean" : 0.000000,
          "stddev" : 0.000000,
          "N" : 0
        },
        "clat_ns" : {
          "min" : 0,
          "max" : 0,
          "mean" : 0.000000,
          "stddev" : 0.000000,
          "N" : 0
        },
        "lat_ns" : {
          "min" : 0,
          "max" : 0,
          "mean" : 0.000000,
          "stddev" : 0.000000,
          "N" : 0
        },
        "bw_min" : 0,
        "bw_max" : 0,
        "bw_agg" : 0.000000,
        "bw_mean" : 0.000000,
        "bw_dev" : 0.000000,
        "bw_samples" : 0,
        "iops_min" : 0,
        "iops_max" : 0,
        "iops_mean" : 0.000000,
        "iops_stddev" : 0.000000,
        "iops_samples" : 0
      },
      "write" : {
        "io_bytes" : 1073741824,
        "io_kbytes" : 1048576,
        "bw_bytes" : 2236962133,
        "bw" : 2184533,
        "iops" : 34133.333333,
        "runtime" : 480,
        "total_ios" : 16384,
        "short_ios" : 0,
        "drop_ios" : 0,
        "slat_ns" : {
          "min" : 0,
          "max" : 0,
          "mean" : 0.000000,
          "stddev" : 0.000000,
          "N" : 0
        },
        "clat_ns" : {
          "min" : 24282,
          "max" : 116207,
          "mean" : 28622.192261,
          "stddev" : 3999.096882,
          "N" : 16384,
          "percentile" : {
            "1.000000" : 24960,
            "5.000000" : 25216,
            "10.000000" : 25472,
            "20.000000" : 25984,
            "30.000000" : 26240,
            "40.000000" : 26496,
            "50.000000" : 27008,
            "60.000000" : 27520,
            "70.000000" : 29568,
            "80.000000" : 31104,
            "90.000000" : 33536,
            "95.000000" : 35584,
            "99.000000" : 44288,
            "99.500000" : 46848,
            "99.900000" : 51968,
            "99.950000" : 54528,
            "99.990000" : 86528
          },
          "bins" : {
            "24192" : 1,
            "24448" : 15,
            "24704" : 94,
            "24960" : 248,
            "25216" : 492,
            "25472" : 847,
            "25728" : 1139,
            "25984" : 1337,
            "26240" : 1386,
            "26496" : 1327,
            "26752" : 1097,
            "27008" : 889,
            "27264" : 586,
            "27520" : 425,
            "27776" : 268,
            "28032" : 203,
            "28288" : 166,
            "28544" : 126,
            "28800" : 167,
            "29056" : 226,
            "29312" : 305,
            "29568" : 349,
            "29824" : 336,
            "30080" : 310,
            "30336" : 258,
            "30592" : 215,
            "30848" : 187,
            "31104" : 151,
            "31360" : 146,
            "31616" : 152,
            "31872" : 188,
            "32128" : 198,
            "32384" : 232,
            "32640" : 246,
            "33024" : 422,
            "33536" : 303,
            "34048" : 188,
            "34560" : 179,
            "35072" : 113,
            "35584" : 93,
            "36096" : 77,
            "36608" : 50,
            "37120" : 53,
            "37632" : 50,
            "38144" : 36,
            "38656" : 28,
            "39168" : 42,
            "39680" : 27,
            "40192" : 35,
            "40704" : 34,
            "41216" : 22,
            "41728" : 40,
            "42240" : 28,
            "42752" : 33,
            "43264" : 20,
            "43776" : 30,
            "44288" : 17,
            "44800" : 16,
            "45312" : 18,
            "45824" : 9,
            "46336" : 19,
            "46848" : 9,
            "47360" : 15,
            "47872" : 9,
            "48384" : 6,
            "48896" : 6,
            "49408" : 8,
            "49920" : 5,
            "50432" : 5,
            "50944" : 2,
            "51456" : 4,
            "51968" : 6,
            "52992" : 2,
            "53504" : 1,
            "54016" : 2,
            "54528" : 2,
            "55040" : 1,
            "57088" : 1,
            "58112" : 1,
            "59648" : 1,
            "62208" : 1,
            "64256" : 1,
            "86528" : 1,
            "116224" : 1
          }
        },
        "lat_ns" : {
          "min" : 24570,
          "max" : 116538,
          "mean" : 28968.504089,
          "stddev" : 4026.394165,
          "N" : 16384
        },
        "bw_min" : 2097152,
        "bw_max" : 2097152,
        "bw_agg" : 96.000000,
        "bw_mean" : 2097152.000000,
        "bw_dev" : 0.000000,
        "bw_samples" : 1,
        "iops_min" : 32768,
        "iops_max" : 32768,
        "iops_mean" : 32768.000000,
        "iops_stddev" : 0.000000,
        "iops_samples" : 1
      },
      "trim" : {
        "io_bytes" : 0,
        "io_kbytes" : 0,
        "bw_bytes" : 0,
        "bw" : 0,
        "iops" : 0.000000,
        "runtime" : 0,
        "total_ios" : 0,
        "short_ios" : 0,
        "drop_ios" : 0,
        "slat_ns" : {
          "min" : 0,
          "max" : 0,
          "mean" : 0.000000,
          "stddev" : 0.000000,
          "N" : 0
        },
        "clat_ns" : {
          "min" : 0,
          "max" : 0,
          "mean" : 0.000000,
          "stddev" : 0.000000,
          "N" : 0
        },
        "lat_ns" : {
          "min" : 0,
          "max" : 0,
          "mean" : 0.000000,
          "stddev" : 0.000000,
          "N" : 0
        },
        "bw_min" : 0,
        "bw_max" : 0,
        "bw_agg" : 0.000000,
        "bw_mean" : 0.000000,
        "bw_dev" : 0.000000,
        "bw_samples" : 0,
        "iops_min" : 0,
        "iops_max" : 0,
        "iops_mean" : 0.000000,
        "iops_stddev" : 0.000000,
        "iops_samples" : 0
      },
      "sync" : {
        "total_ios" : 0,
        "lat_ns" : {
          "min" : 0,
          "max" : 0,
          "mean" : 0.000000,
          "stddev" : 0.000000,
          "N" : 0
        }
      },
      "job_runtime" : 479,
      "usr_cpu" : 3.340292,
      "sys_cpu" : 96.242171,
      "ctx" : 2,
      "majf" : 0,
      "minf" : 8,
      "iodepth_level" : {
        "1" : 100.000000,
        "2" : 0.000000,
        "4" : 0.000000,
        "8" : 0.000000,
        "16" : 0.000000,
        "32" : 0.000000,
        ">=64" : 0.000000
      },
      "iodepth_submit" : {
        "0" : 0.000000,
        "4" : 100.000000,
        "8" : 0.000000,
        "16" : 0.000000,
        "32" : 0.000000,
        "64" : 0.000000,
        ">=64" : 0.000000
      },
      "iodepth_complete" : {
        "0" : 0.000000,
        "4" : 100.000000,
        "8" : 0.000000,
        "16" : 0.000000,
        "32" : 0.000000,
        "64" : 0.000000,
        ">=64" : 0.000000
      },
      "latency_ns" : {
        "2" : 0.000000,
        "4" : 0.000000,
        "10" : 0.000000,
        "20" : 0.000000,
        "50" : 0.000000,
        "100" : 0.000000,
        "250" : 0.000000,
        "500" : 0.000000,
        "750" : 0.000000,
        "1000" : 0.000000
      },
      "latency_us" : {
        "2" : 0.000000,
        "4" : 0.000000,
        "10" : 0.000000,
        "20" : 0.000000,