{
  "fio version" : "fio-3.39-38-gf18c",
  "timestamp" : 1744238148,
  "timestamp_ms" : 1744238148094,
  "time" : "Wed Apr  9 22:35:48 2025",
  "global options" : {
    "kb_base" : "1024",
    "runtime" : "600"
  },
  "jobs" : [
    {
      "jobname" : "nfsv3-write-262144-blk256-iod16",
      "groupid" : 0,
      "job_start" : 1744238147956,
      "error" : 0,
      "eta" : 2147483647,
      "elapsed" : 1,
      "job options" : {
        "stonewall" : "",
        "rw" : "write",
        "size" : "262144",
        "bs" : "256",
        "iodepth" : "16",
        "filename" : "/nfsv3/scratch/adam/fsbench/nfsv3/nfsv3-write-262144-blk256-iod16.bin"
      },
      "read" : {
        "io_bytes" : 0,
        "io_kbytes" : 0,
        "bw_bytes" : 0,
        "bw" : 0,
        "iops" : 0.000000,
        "runtime" : 0,
        "total_ios" : 0,
        "short_ios" : 0,
        "drop_ios" : 0,
        "slat_ns" : {
          "min" : 0,
          "max" : 0,
          "mean" : 0.000000,
          "stddev" : 0.000000,
          "N" : 0
        },
        "clat_ns" : {
          "min" : 0,
          "max" : 0,
          "mean" : 0.000000,
          "stddev" : 0.000000,
          "N" : 0
        },
        "lat_ns" : {
          "min" : 0,
          "max" : 0,
          "mean" : 0.000000,
          "stddev" : 0.000000,
          "N" : 0
        },
        "bw_min" : 0,
        "bw_max" : 0,
        "bw_agg" : 0.000000,
        "bw_mean" : 0.000000,
        "bw_dev" : 0.000000,
        "bw_samples" : 0,
        "iops_min" : 0,
        "iops_max" : 0,
        "iops_mean" : 0.000000,
        "iops_stddev" : 0.000000,
        "iops_samples" : 0
      },
      "write" : {
        "io_bytes" : 262144,
        "io_kbytes" : 256,
        "bw_bytes" : 65536000,
        "bw" : 64000,
        "iops" : 256000.000000,
        "runtime" : 4,
        "total_ios" : 1024,
        "short_ios" : 0,
        "drop_ios" : 0,
        "slat_ns" : {
          "min" : 0,
          "max" : 0,
          "mean" : 0.000000,
          "stddev" : 0.000000,
          "N" : 0
        },
        "clat_ns" : {
          "min" : 761,
          "max" : 28392,
          "mean" : 1035.538086,
          "stddev" : 1414.535859,
          "N" : 1024,
          "percentile" : {
            "1.000000" : 764,
            "5.000000" : 772,
            "10.000000" : 772,
            "20.000000" : 780,
            "30.000000" : 820,
            "40.000000" : 828,
            "50.000000" : 836,
            "60.000000" : 852,
            "70.000000" : 860,
            "80.000000" : 892,
            "90.000000" : 916,
            "95.000000" : 2160,
            "99.000000" : 3024,
            "99.500000" : 5216,
            "99.900000" : 26240,
            "99.950000" : 28288,
            "99.990000" : 28288
          },
          "bins" : {
            "764" : 36,
            "772" : 158,
            "780" : 46,
            "788" : 14,
            "796" : 9,
            "804" : 11,
            "812" : 31,
            "820" : 60,
            "828" : 71,
            "836" : 77,
            "844" : 91,
            "852" : 83,
            "860" : 44,
            "868" : 19,
            "876" : 32,
            "884" : 33,
            "892" : 7,
            "900" : 63,
            "908" : 34,
            "916" : 9,
            "924" : 3,
            "932" : 1,
            "972" : 1,
            "988" : 1,
            "1048" : 1,
            "1096" : 1,
            "1288" : 2,
            "1512" : 1,
            "1544" : 1,
            "1624" : 2,
            "1640" : 2,
            "1656" : 2,
            "1704" : 1,
            "1736" : 1,
            "1768" : 1,
            "1784" : 1,
            "1832" : 2,
            "1912" : 1,
            "1944" : 2,
            "1960" : 2,
            "1992" : 2,
            "2008" : 2,
            "2024" : 1,
            "2040" : 1,
            "2064" : 4,
            "2096" : 2,
            "2128" : 3,
            "2160" : 5,
            "2192" : 6,
            "2224" : 1,
            "2256" : 4,
            "2288" : 2,
            "2320" : 2,
            "2384" : 2,
            "2448" : 3,
            "2480" : 4,
            "2512" : 1,
            "2576" : 2,
            "2608" : 1,
            "2672" : 1,
            "2736" : 1,
            "2832" : 4,
            "2928" : 2,
            "3024" : 1,
            "3216" : 1,
            "3280" : 1,
            "3408" : 1,
            "4128" : 1,
            "5216" : 1,
            "8896" : 1,
            "12480" : 1,
            "17536" : 1,
            "26240" : 1,
            "28288" : 1
          }
        },
        "lat_ns" : {
          "min" : 791,
          "max" : 29628,
          "mean" : 1067.737305,
          "stddev" : 1439.136645,
          "N" : 1024
        },
        "bw_min" : 0,
        "bw_max" : 0,
        "bw_agg" : 0.000000,
        "bw_mean" : 0.000000,
        "bw_dev" : 0.000000,
        "bw_samples" : 0,
        "iops_min" : 0,
        "iops_max" : 0,
        "iops_mean" : 0.000000,
        "iops_stddev" : 0.000000,
        "iops_samples" : 0
      },
      "trim" : {
        "io_bytes" : 0,
        "io_kbytes" : 0,
        "bw_bytes" : 0,
        "bw" : 0,
        "iops" : 0.000000,
        "runtime" : 0,
        "total_ios" : 0,
        "short_ios" : 0,
        "drop_ios" : 0,
        "slat_ns" : {
          "min" : 0,
          "max" : 0,
          "mean" : 0.000000,
          "stddev" : 0.000000,
          "N" : 0
        },
        "clat_ns" : {
          "min" : 0,
          "max" : 0,
          "mean" : 0.000000,
          "stddev" : 0.000000,
          "N" : 0
        },
        "lat_ns" : {
          "min" : 0,
          "max" : 0,
          "mean" : 0.000000,
          "stddev" : 0.000000,
          "N" : 0
        },
        "bw_min" : 0,
        "bw_max" : 0,
        "bw_agg" : 0.000000,
        "bw_mean" : 0.000000,
        "bw_dev" : 0.000000,
        "bw_samples" : 0,
        "iops_min" : 0,
        "iops_max" : 0,
        "iops_mean" : 0.000000,
        "iops_stddev" : 0.000000,
        "iops_samples" : 0
      },
      "sync" : {
        "total_ios" : 0,
        "lat_ns" : {
          "min" : 0,
          "max" : 0,
          "mean" : 0.000000,
          "stddev" : 0.000000,
          "N" : 0
        }
      },
      "job_runtime" : 3,
      "usr_cpu" : 0.000000,
      "sys_cpu" : 0.000000,
      "ctx" : 2,
      "majf" : 0,
      "minf" : 7,
      "iodepth_level" : {
        "1" : 100.000000,
        "2" : 0.000000,
        "4" : 0.000000,
        "8" : 0.000000,
        "16" : 0.000000,
        "32" : 0.000000,
        ">=64" : 0.000000
      },
      "iodepth_submit" : {
        "0" : 0.000000,
        "4" : 100.000000,
        "8" : 0.000000,
        "16" : 0.000000,
        "32" : 0.000000,
        "64" : 0.000000,
        ">=64" : 0.000000
      },
      "iodepth_complete" : {
        "0" : 0.000000,
        "4" : 100.000000,
        "8" : 0.000000,
        "16" : 0.000000,
        "32" : 0.000000,
        "64" : 0.000000,
        ">=64" : 0.000000
      },
      "latency_ns" : {
        "2" : 0.000000,
        "4" : 0.000000,
        "10" : 0.000000,
        "20" : 0.000000,
        "50" : 0.000000,
        "100" : 0.000000,
        "250" : 0.000000,
        "500" : 0.000000,
        "750" : 0.000000,
        "1000" : 91.210938
      },
      "latency_us" : {
        "2" : 2.441406,
        "4" : 5.664062,
        "10" : 0.292969,
        "20" : 0.195312,
        "50" : 0.195312,
        "100" : 0.000000,
        "250" : 0.000000,
        "500" : 0.000000,
        "750" : 0.000000,
        "1000" : 0.000000
      },
      "latency_ms" : {
        "2" : 0.000000,
        "4" : 0.000000,
        "10" : 0.000000,
        "20" : 0.000000,
        "50" : 0.000000,
        "100" : 0.000000,
        "250" : 0.000000,
        "500" : 0.000000,
        "750" : 0.000000,
        "1000" : 0.000000,
        "2000" : 0.000000,
        ">=2000" : 0.000000
      },
      "latency_depth" : 16,