{
  "fio version" : "fio-3.39-38-gf18c",
  "timestamp" : 1744242806,
  "timestamp_ms" : 1744242806954,
  "time" : "Wed Apr  9 23:53:26 2025",
  "global options" : {
    "kb_base" : "1024",
    "runtime" : "600"
  },
  "jobs" : [
    {
      "jobname" : "nfsv4-randwrite-4194304-blk4096-iod1",
      "groupid" : 0,
      "job_start" : 1744242806815,
      "error" : 0,
      "eta" : 2147483647,
      "elapsed" : 1,
      "job options" : {
        "stonewall" : "",
        "rw" : "randwrite",
        "size" : "4194304",
        "bs" : "4096",
        "iodepth" : "1",
        "filename" : "/scratch/adam/fsbench/nfsv4/nfsv4-randwrite-4194304-blk4096-iod1.bin"
      },
      "read" : {
        "io_bytes" : 0,
        "io_kbytes" : 0,
        "bw_bytes" : 0,
        "bw" : 0,
        "iops" : 0.000000,
        "runtime" : 0,
        "total_ios" : 0,
        "short_ios" : 0,
        "drop_ios" : 0,
        "slat_ns" : {
          "min" : 0,
          "max" : 0,
          "mean" : 0.000000,
          "stddev" : 0.000000,
          "N" : 0
        },
        "clat_ns" : {
          "min" : 0,
          "max" : 0,
          "mean" : 0.000000,
          "stddev" : 0.000000,
          "N" : 0
        },
        "lat_ns" : {
          "min" : 0,
          "max" : 0,
          "mean" : 0.000000,
          "stddev" : 0.000000,
          "N" : 0
        },
        "bw_min" : 0,
        "bw_max" : 0,
        "bw_agg" : 0.000000,
        "bw_mean" : 0.000000,
        "bw_dev" : 0.000000,
        "bw_samples" : 0,
        "iops_min" : 0,
        "iops_max" : 0,
        "iops_mean" : 0.000000,
        "iops_stddev" : 0.000000,
        "iops_samples" : 0
      },
      "write" : {
        "io_bytes" : 4194304,
        "io_kbytes" : 4096,
        "bw_bytes" : 838860800,
        "bw" : 819200,
        "iops" : 204800.000000,
        "runtime" : 5,
        "total_ios" : 1024,
        "short_ios" : 0,
        "drop_ios" : 0,
        "slat_ns" : {
          "min" : 0,
          "max" : 0,
          "mean" : 0.000000,
          "stddev" : 0.000000,
          "N" : 0
        },
        "clat_ns" : {
          "min" : 1988,
          "max" : 25937,
          "mean" : 2452.630859,
          "stddev" : 967.962315,
          "N" : 1024,
          "percentile" : {
            "1.000000" : 2008,
            "5.000000" : 2064,
            "10.000000" : 2096,
            "20.000000" : 2160,
            "30.000000" : 2192,
            "40.000000" : 2224,
            "50.000000" : 2288,
            "60.000000" : 2320,
            "70.000000" : 2384,
            "80.000000" : 2544,
            "90.000000" : 2960,
            "95.000000" : 3152,
            "99.000000" : 4768,
            "99.500000" : 6560,
            "99.900000" : 12608,
            "99.950000" : 25984,
            "99.990000" : 25984
          },
          "bins" : {
            "1992" : 5,
            "2008" : 11,
            "2024" : 7,
            "2040" : 7,
            "2064" : 28,
            "2096" : 49,
            "2128" : 47,
            "2160" : 93,
            "2192" : 87,
            "2224" : 81,
            "2256" : 87,
            "2288" : 71,
            "2320" : 49,
            "2352" : 64,
            "2384" : 40,
            "2416" : 33,
            "2448" : 27,
            "2480" : 10,
            "2512" : 19,
            "2544" : 12,
            "2576" : 16,
            "2608" : 9,
            "2640" : 13,
            "2672" : 4,
            "2704" : 7,
            "2736" : 4,
            "2768" : 7,
            "2800" : 2,
            "2832" : 6,
            "2864" : 6,
            "2896" : 7,
            "2928" : 11,
            "2960" : 4,
            "2992" : 11,
            "3024" : 6,
            "3056" : 6,
            "3088" : 10,
            "3120" : 7,
            "3152" : 11,
            "3184" : 5,
            "3216" : 6,
            "3248" : 3,
            "3280" : 5,
            "3312" : 3,
            "3344" : 1,
            "3376" : 4,
            "3440" : 3,
            "3472" : 2,
            "3504" : 1,
            "3536" : 1,
            "3632" : 1,
            "3984" : 1,
            "4256" : 1,
            "4576" : 1,
            "4640" : 1,
            "4768" : 1,
            "4896" : 1,
            "5600" : 1,
            "5664" : 1,
            "6304" : 1,
            "6560" : 1,
            "6880" : 1,
            "8384" : 1,
            "10560" : 1,
            "12608" : 1,
            "25984" : 1
          }
        },
        "lat_ns" : {
          "min" : 2034,
          "max" : 26731,
          "mean" : 2508.879883,
          "stddev" : 1032.593751,
          "N" : 1024
        },
        "bw_min" : 0,
        "bw_max" : 0,
        "bw_agg" : 0.000000,
        "bw_mean" : 0.000000,
        "bw_dev" : 0.000000,
        "bw_samples" : 0,
        "iops_min" : 0,
        "iops_max" : 0,
        "iops_mean" : 0.000000,
        "iops_stddev" : 0.000000,
        "iops_samples" : 0
      },
      "trim" : {
        "io_bytes" : 0,
        "io_kbytes" : 0,
        "bw_bytes" : 0,
        "bw" : 0,
        "iops" : 0.000000,
        "runtime" : 0,
        "total_ios" : 0,
        "short_ios" : 0,
        "drop_ios" : 0,
        "slat_ns" : {
          "min" : 0,
          "max" : 0,
          "mean" : 0.000000,
          "stddev" : 0.000000,
          "N" : 0
        },
        "clat_ns" : {
          "min" : 0,
          "max" : 0,
          "mean" : 0.000000,
          "stddev" : 0.000000,
          "N" : 0
        },
        "lat_ns" : {
          "min" : 0,
          "max" : 0,
          "mean" : 0.000000,
          "stddev" : 0.000000,
          "N" : 0
        },
        "bw_min" : 0,
        "bw_max" : 0,
        "bw_agg" : 0.000000,
        "bw_mean" : 0.000000,
        "bw_dev" : 0.000000,
        "bw_samples" : 0,
        "iops_min" : 0,
        "iops_max" : 0,
        "iops_mean" : 0.000000,
        "iops_stddev" : 0.000000,
        "iops_samples" : 0
      },
      "sync" : {
        "total_ios" : 0,
        "lat_ns" : {
          "min" : 0,
          "max" : 0,
          "mean" : 0.000000,
          "stddev" : 0.000000,
          "N" : 0
        }
      },
      "job_runtime" : 4,
      "usr_cpu" : 25.000000,
      "sys_cpu" : 25.000000,
      "ctx" : 1,
      "majf" : 0,
      "minf" : 8,
      "iodepth_level" : {
        "1" : 100.000000,
        "2" : 0.000000,
        "4" : 0.000000,
        "8" : 0.000000,
        "16" : 0.000000,
        "32" : 0.000000,
        ">=64" : 0.000000
      },
      "iodepth_submit" : {
        "0" : 0.000000,
        "4" : 100.000000,
        "8" : 0.000000,
        "16" : 0.000000,
        "32" : 0.000000,
        "64" : 0.000000,
        ">=64" : 0.000000
      },
      "iodepth_complete" : {
        "0" : 0.000000,
        "4" : 100.000000,
        "8" : 0.000000,
        "16" : 0.000000,
        "32" : 0.000000,
        "64" : 0.000000,
        ">=64" : 0.000000
      },
      "latency_ns" : {
        "2" : 0.000000,
        "4" : 0.000000,
        "10" : 0.000000,
        "20" : 0.000000,
        "50" : 0.000000,
        "100" : 0.000000,
        "250" : 0.000000,
        "500" : 0.000000,
        "750" : 0.000000,
        "1000" : 0.000000
      },
      "latency_us" : {
        "2" : 0.488281,
        "4" : 98.144531,
        "10" : 1.074219,
        "20" : 0.195312,
        "50" : 0.097656,
        "100" : 0.000000,
        "250" : 0.000000,
        "500" : 0.000000,
        "750" : 0.000000,
        "1000" : 0.000000
      },
      "latency_ms" : {
        "2" : 0.000000,
        "4" : 0.000000,
        "10" : 0.000000,
        "20" : 0.000000,
        "50" : 0.000000,
        "100" : 0.000000,
        "250" : 0.000000,
        "500" : 0.000000,
        "750" : 0.000000,
        "1000" : 0.000000,
        "2000" : 0.000000,
        ">=2000" : 0.000000
      },
      "latency_depth" : 1,
      "latency_target" : 0,
      "latency_percentile" : 100.000000,
      "latency_window" : 0
    }
  ]
}
