{
  "fio version" : "fio-3.39-38-gf18c",
  "timestamp" : 1744238305,
  "timestamp_ms" : 1744238305199,
  "time" : "Wed Apr  9 22:38:25 2025",
  "global options" : {
    "kb_base" : "1024",
    "runtime" : "600"
  },
  "jobs" : [
    {
      "jobname" : "nfsv4-write-1073741824-blk4096-iod1",
      "groupid" : 0,
      "job_start" : 1744238296812,
      "error" : 0,
      "eta" : 0,
      "elapsed" : 9,
      "job options" : {
        "stonewall" : "",
        "rw" : "write",
        "size" : "1073741824",
        "bs" : "4096",
        "iodepth" : "1",
        "filename" : "/scratch/adam/fsbench/nfsv4/nfsv4-write-1073741824-blk4096-iod1.bin"
      },
      "read" : {
        "io_bytes" : 0,
        "io_kbytes" : 0,
        "bw_bytes" : 0,
        "bw" : 0,
        "iops" : 0.000000,
        "runtime" : 0,
        "total_ios" : 0,
        "short_ios" : 0,
        "drop_ios" : 0,
        "slat_ns" : {
          "min" : 0,
          "max" : 0,
          "mean" : 0.000000,
          "stddev" : 0.000000,
          "N" : 0
        },
        "clat_ns" : {
          "min" : 0,
          "max" : 0,
          "mean" : 0.000000,
          "stddev" : 0.000000,
          "N" : 0
        },
        "lat_ns" : {
          "min" : 0,
          "max" : 0,
          "mean" : 0.000000,
          "stddev" : 0.000000,
          "N" : 0
        },
        "bw_min" : 0,
        "bw_max" : 0,
        "bw_agg" : 0.000000,
        "bw_mean" : 0.000000,
        "bw_dev" : 0.000000,
        "bw_samples" : 0,
        "iops_min" : 0,
        "iops_max" : 0,
        "iops_mean" : 0.000000,
        "iops_stddev" : 0.000000,
        "iops_samples" : 0
      },
      "write" : {
        "io_bytes" : 1073741824,
        "io_kbytes" : 1048576,
        "bw_bytes" : 1576713397,
        "bw" : 1539759,
        "iops" : 384939.794420,
        "runtime" : 681,
        "total_ios" : 262144,
        "short_ios" : 0,
        "drop_ios" : 0,
        "slat_ns" : {
          "min" : 0,
          "max" : 0,
          "mean" : 0.000000,
          "stddev" : 0.000000,
          "N" : 0
        },
        "clat_ns" : {
          "min" : 1802,
          "max" : 177306,
          "mean" : 2308.222534,
          "stddev" : 1148.422665,
          "N" : 262144,
          "percentile" : {
            "1.000000" : 1864,
            "5.000000" : 1896,
            "10.000000" : 1928,
            "20.000000" : 1960,
            "30.000000" : 2008,
            "40.000000" : 2040,
            "50.000000" : 2096,
            "60.000000" : 2128,
            "70.000000" : 2192,
            "80.000000" : 2320,
            "90.000000" : 2800,
            "95.000000" : 3024,
            "99.000000" : 7520,
            "99.500000" : 8640,
            "99.900000" : 13632,
            "99.950000" : 15936,
            "99.990000" : 34048
          },
          "bins" : {
            "1800" : 1,
            "1832" : 81,
            "1848" : 929,
            "1864" : 3357,
            "1880" : 6021,
            "1896" : 6585,
            "1912" : 6299,
            "1928" : 7650,
            "1944" : 9991,
            "1960" : 11616,
            "1976" : 11783,
            "1992" : 10584,
            "2008" : 10199,
            "2024" : 10617,
            "2040" : 11852,
            "2064" : 23116,
            "2096" : 17856,
            "2128" : 17300,
            "2160" : 13786,
            "2192" : 10341,
            "2224" : 8181,
            "2256" : 6083,
            "2288" : 4680,
            "2320" : 3704,
            "2352" : 2849,
            "2384" : 2256,
            "2416" : 1976,
            "2448" : 1610,
            "2480" : 1461,
            "2512" : 1389,
            "2544" : 1113,
            "2576" : 1063,
            "2608" : 1017,
            "2640" : 940,
            "2672" : 1058,
            "2704" : 1423,
            "2736" : 1662,
            "2768" : 2030,
            "2800" : 2183,
            "2832" : 2115,
            "2864" : 2196,
            "2896" : 2078,
            "2928" : 1921,
            "2960" : 1615,
            "2992" : 1408,
            "3024" : 1183,
            "3056" : 967,
            "3088" : 759,
            "3120" : 651,
            "3152" : 563,
            "3184" : 473,
            "3216" : 393,
            "3248" : 356,
            "3280" : 307,
            "3312" : 267,
            "3344" : 211,
            "3376" : 197,
            "3408" : 157,
            "3440" : 141,
            "3472" : 122,
            "3504" : 117,
            "3536" : 112,
            "3568" : 104,
            "3600" : 79,
            "3632" : 60,
            "3664" : 69,
            "3696" : 62,
            "3728" : 72,
            "3760" : 58,
            "3792" : 49,
            "3824" : 47,
            "3856" : 47,
            "3888" : 52,
            "3920" : 28,
            "3952" : 40,
            "3984" : 39,
            "4016" : 39,
            "4048" : 19,
            "4080" : 31,
            "4128" : 65,
            "4192" : 53,
            "4256" : 51,
            "4320" : 47,
            "4384" : 44,
            "4448" : 54,
            "4512" : 41,
            "4576" : 26,
            "4640" : 22,
            "4704" : 31,
            "4768" : 14,
            "4832" : 17,
            "4896" : 9,
            "4960" : 17,
            "5024" : 10,
            "5088" : 13,
            "5152" : 38,
            "5216" : 45,
            "5280" : 67,
            "5344" : 72,
            "5408" : 86,
            "5472" : 105,
            "5536" : 137,
            "5600" : 136,
            "5664" : 139,
            "5728" : 138,
            "5792" : 138,
            "5856" : 128,
            "5920" : 114,
            "5984" : 152,
            "6048" : 139,
            "6112" : 113,
            "6176" : 124,
            "6240" : 104,
            "6304" : 116,
            "6368" : 112,
            "6432" : 99,
            "6496" : 85,
            "6560" : 79,
            "6624" : 63,
            "6688" : 63,
            "6752" : 60,
            "6816" : 39,
            "6880" : 61,
            "6944" : 48,
            "7008" : 39,
            "7072" : 34,
            "7136" : 42,
            "7200" : 37,
            "7264" : 43,
            "7328" : 44,
            "7392" : 46,
            "7456" : 56,
            "7520" : 60,
            "7584" : 61,
            "7648" : 70,
            "7712" : 77,
            "7776" : 75,
            "7840" : 71,
            "7904" : 93,
            "7968" : 84,
            "8032" : 94,
            "8096" : 86,
            "8160" : 71,
            "8256" : 160,
            "8384" : 151,
            "8512" : 140,
            "8640" : 119,
            "8768" : 93,
            "8896" : 97,
            "9024" : 65,
            "9152" : 71,
            "9280" : 62,
            "9408" : 57,
            "9536" : 47,
            "9664" : 40,
            "9792" : 38,
            "9920" : 34,
            "10048" : 35,
            "10176" : 29,
            "10304" : 30,
            "10432" : 26,
            "10560" : 20,
            "10688" : 23,
            "10816" : 12,
            "10944" : 15,
            "11072" : 15,
            "11200" : 12,
            "11328" : 14,
            "11456" : 13,
            "11584" : 9,
            "11712" : 14,
            "11840" : 6,
            "11968" : 10,
            "12096" : 6,
            "12224" : 7,
            "12352" : 6,
            "12480" : 6,
            "12608" : 6,
            "12736" : 8,
            "12864" : 9,
            "12992" : 6,
            "13120" : 7,
            "13248" : 6,
            "13376" : 2,
            "13504" : 10,
            "13632" : 6,
            "13760" : 10,
            "13888" : 4,
            "14016" : 7,
            "14144" : 8,
            "14272" : 5,
            "14400" : 9,
            "14528" : 9,
            "14656" : 11,
            "14784" : 12,
            "14912" : 14,
            "15040" : 9,
            "15168" : 5,
            "15296" : 4,
            "15424" : 5,