{
  "fio version" : "fio-3.39-38-gf18c",
  "timestamp" : 1744238160,
  "timestamp_ms" : 1744238160645,
  "time" : "Wed Apr  9 22:36:00 2025",
  "global options" : {
    "kb_base" : "1024",
    "runtime" : "600"
  },
  "jobs" : [
    {
      "jobname" : "nfsv4-write-4194304-blk4096-iod1",
      "groupid" : 0,
      "job_start" : 1744238160507,
      "error" : 0,
      "eta" : 2147483647,
      "elapsed" : 1,
      "job options" : {
        "stonewall" : "",
        "rw" : "write",
        "size" : "4194304",
        "bs" : "4096",
        "iodepth" : "1",
        "filename" : "/scratch/adam/fsbench/nfsv4/nfsv4-write-4194304-blk4096-iod1.bin"
      },
      "read" : {
        "io_bytes" : 0,
        "io_kbytes" : 0,
        "bw_bytes" : 0,
        "bw" : 0,
        "iops" : 0.000000,
        "runtime" : 0,
        "total_ios" : 0,
        "short_ios" : 0,
        "drop_ios" : 0,
        "slat_ns" : {
          "min" : 0,
          "max" : 0,
          "mean" : 0.000000,
          "stddev" : 0.000000,
          "N" : 0
        },
        "clat_ns" : {
          "min" : 0,
          "max" : 0,
          "mean" : 0.000000,
          "stddev" : 0.000000,
          "N" : 0
        },
        "lat_ns" : {
          "min" : 0,
          "max" : 0,
          "mean" : 0.000000,
          "stddev" : 0.000000,
          "N" : 0
        },
        "bw_min" : 0,
        "bw_max" : 0,
        "bw_agg" : 0.000000,
        "bw_mean" : 0.000000,
        "bw_dev" : 0.000000,
        "bw_samples" : 0,
        "iops_min" : 0,
        "iops_max" : 0,
        "iops_mean" : 0.000000,
        "iops_stddev" : 0.000000,
        "iops_samples" : 0
      },
      "write" : {
        "io_bytes" : 4194304,
        "io_kbytes" : 4096,
        "bw_bytes" : 838860800,
        "bw" : 819200,
        "iops" : 204800.000000,
        "runtime" : 5,
        "total_ios" : 1024,
        "short_ios" : 0,
        "drop_ios" : 0,
        "slat_ns" : {
          "min" : 0,
          "max" : 0,
          "mean" : 0.000000,
          "stddev" : 0.000000,
          "N" : 0
        },
        "clat_ns" : {
          "min" : 1887,
          "max" : 31678,
          "mean" : 2422.704102,
          "stddev" : 1393.093994,
          "N" : 1024,
          "percentile" : {
            "1.000000" : 1928,
            "5.000000" : 1976,
            "10.000000" : 2008,
            "20.000000" : 2064,
            "30.000000" : 2096,
            "40.000000" : 2128,
            "50.000000" : 2160,
            "60.000000" : 2224,
            "70.000000" : 2288,
            "80.000000" : 2384,
            "90.000000" : 2864,
            "95.000000" : 3088,
            "99.000000" : 8384,
            "99.500000" : 8896,
            "99.900000" : 18304,
            "99.950000" : 31616,
            "99.990000" : 31616
          },
          "bins" : {
            "1880" : 1,
            "1912" : 9,
            "1928" : 11,
            "1944" : 12,
            "1960" : 17,
            "1976" : 15,
            "1992" : 16,
            "2008" : 36,
            "2024" : 37,
            "2040" : 34,
            "2064" : 76,
            "2096" : 76,
            "2128" : 100,
            "2160" : 89,
            "2192" : 70,
            "2224" : 58,
            "2256" : 59,
            "2288" : 44,
            "2320" : 30,
            "2352" : 16,
            "2384" : 23,
            "2416" : 14,
            "2448" : 15,
            "2480" : 5,
            "2512" : 14,
            "2544" : 4,
            "2576" : 6,
            "2608" : 2,
            "2640" : 6,
            "2672" : 2,
            "2736" : 5,
            "2768" : 2,
            "2800" : 8,
            "2832" : 6,
            "2864" : 8,
            "2896" : 4,
            "2928" : 8,
            "2960" : 15,
            "2992" : 5,
            "3024" : 6,
            "3056" : 8,
            "3088" : 5,
            "3120" : 2,
            "3152" : 1,
            "3184" : 2,
            "3248" : 5,
            "3280" : 2,
            "3312" : 2,
            "3344" : 3,
            "3376" : 2,
            "3408" : 1,
            "3472" : 1,
            "3632" : 1,
            "4048" : 1,
            "4448" : 1,
            "4704" : 1,
            "5152" : 1,
            "5344" : 1,
            "7648" : 1,
            "7712" : 1,
            "8096" : 1,
            "8160" : 4,
            "8256" : 2,
            "8384" : 1,
            "8512" : 2,
            "8640" : 1,
            "8768" : 1,
            "8896" : 1,
            "9152" : 2,
            "13760" : 1,
            "18304" : 1,
            "31616" : 1
          }
        },
        "lat_ns" : {
          "min" : 1930,
          "max" : 33793,
          "mean" : 2471.174805,
          "stddev" : 1436.602051,
          "N" : 1024
        },
        "bw_min" : 0,
        "bw_max" : 0,
        "bw_agg" : 0.000000,
        "bw_mean" : 0.000000,
        "bw_dev" : 0.000000,
        "bw_samples" : 0,
        "iops_min" : 0,
        "iops_max" : 0,
        "iops_mean" : 0.000000,
        "iops_stddev" : 0.000000,
        "iops_samples" : 0
      },
      "trim" : {
        "io_bytes" : 0,
        "io_kbytes" : 0,
        "bw_bytes" : 0,
        "bw" : 0,
        "iops" : 0.000000,
        "runtime" : 0,
        "total_ios" : 0,
        "short_ios" : 0,
        "drop_ios" : 0,
        "slat_ns" : {
          "min" : 0,
          "max" : 0,
          "mean" : 0.000000,
          "stddev" : 0.000000,
          "N" : 0
        },
        "clat_ns" : {
          "min" : 0,
          "max" : 0,
          "mean" : 0.000000,
          "stddev" : 0.000000,
          "N" : 0
        },
        "lat_ns" : {
          "min" : 0,
          "max" : 0,
          "mean" : 0.000000,
          "stddev" : 0.000000,
          "N" : 0
        },
        "bw_min" : 0,
        "bw_max" : 0,
        "bw_agg" : 0.000000,
        "bw_mean" : 0.000000,
        "bw_dev" : 0.000000,
        "bw_samples" : 0,
        "iops_min" : 0,
        "iops_max" : 0,
        "iops_mean" : 0.000000,
        "iops_stddev" : 0.000000,
        "iops_samples" : 0
      },
      "sync" : {
        "total_ios" : 0,
        "lat_ns" : {
          "min" : 0,
          "max" : 0,
          "mean" : 0.000000,
          "stddev" : 0.000000,
          "N" : 0
        }
      },
      "job_runtime" : 4,
      "usr_cpu" : 25.000000,
      "sys_cpu" : 25.000000,
      "ctx" : 1,
      "majf" : 0,
      "minf" : 8,
      "iodepth_level" : {
        "1" : 100.000000,
        "2" : 0.000000,
        "4" : 0.000000,
        "8" : 0.000000,
        "16" : 0.000000,
        "32" : 0.000000,
        ">=64" : 0.000000
      },
      "iodepth_submit" : {
        "0" : 0.000000,
        "4" : 100.000000,
        "8" : 0.000000,
        "16" : 0.000000,
        "32" : 0.000000,
        "64" : 0.000000,
        ">=64" : 0.000000
      },
      "iodepth_complete" : {
        "0" : 0.000000,
        "4" : 100.000000,
        "8" : 0.000000,
        "16" : 0.000000,
        "32" : 0.000000,
        "64" : 0.000000,
        ">=64" : 0.000000
      },
      "latency_ns" : {
        "2" : 0.000000,
        "4" : 0.000000,
        "10" : 0.000000,
        "20" : 0.000000,
        "50" : 0.000000,
        "100" : 0.000000,
        "250" : 0.000000,
        "500" : 0.000000,
        "750" : 0.000000,
        "1000" : 0.000000
      },
      "latency_us" : {
        "2" : 7.910156,
        "4" : 89.648438,
        "10" : 2.148438,
        "20" : 0.195312,
        "50" : 0.097656,
        "100" : 0.000000,
        "250" : 0.000000,
        "500" : 0.000000,
        "750" : 0.000000,
        "1000" : 0.000000
      },
      "latency_ms" : {
        "2" : 0.000000,
        "4" : 0.000000,
        "10" : 0.000000,
        "20" : 0.000000,
        "50" : 0.000000,
        "100" : 0.000000,
        "250" : 0.000000,
        "500" : 0.000000,
        "750" : 0.000000,
        "1000" : 0.000000,
        "2000" : 0.000000,
        ">=2000" : 0.000000
      },
      "latency_depth" : 1,