{
  "fio version" : "fio-3.39-38-gf18c",
  "timestamp" : 1744238158,
  "timestamp_ms" : 1744238158055,
  "time" : "Wed Apr  9 22:35:58 2025",
  "global options" : {
    "kb_base" : "1024",
    "runtime" : "600"
  },
  "jobs" : [
    {
      "jobname" : "nfsv4-write-4194304-blk256-iod4",
      "groupid" : 0,
      "job_start" : 1744238157919,
      "error" : 0,
      "eta" : 2147483647,
      "elapsed" : 1,
      "job options" : {
        "stonewall" : "",
        "rw" : "write",
        "size" : "4194304",
        "bs" : "256",
        "iodepth" : "4",
        "filename" : "/scratch/adam/fsbench/nfsv4/nfsv4-write-4194304-blk256-iod4.bin"
      },
      "read" : {
        "io_bytes" : 0,
        "io_kbytes" : 0,
        "bw_bytes" : 0,
        "bw" : 0,
        "iops" : 0.000000,
        "runtime" : 0,
        "total_ios" : 0,
        "short_ios" : 0,
        "drop_ios" : 0,
        "slat_ns" : {
          "min" : 0,
          "max" : 0,
          "mean" : 0.000000,
          "stddev" : 0.000000,
          "N" : 0
        },
        "clat_ns" : {
          "min" : 0,
          "max" : 0,
          "mean" : 0.000000,
          "stddev" : 0.000000,
          "N" : 0
        },
        "lat_ns" : {
          "min" : 0,
          "max" : 0,
          "mean" : 0.000000,
          "stddev" : 0.000000,
          "N" : 0
        },
        "bw_min" : 0,
        "bw_max" : 0,
        "bw_agg" : 0.000000,
        "bw_mean" : 0.000000,
        "bw_dev" : 0.000000,
        "bw_samples" : 0,
        "iops_min" : 0,
        "iops_max" : 0,
        "iops_mean" : 0.000000,
        "iops_stddev" : 0.000000,
        "iops_samples" : 0
      },
      "write" : {
        "io_bytes" : 4194304,
        "io_kbytes" : 4096,
        "bw_bytes" : 190650181,
        "bw" : 186181,
        "iops" : 744727.272727,
        "runtime" : 22,
        "total_ios" : 16384,
        "short_ios" : 0,
        "drop_ios" : 0,
        "slat_ns" : {
          "min" : 0,
          "max" : 0,
          "mean" : 0.000000,
          "stddev" : 0.000000,
          "N" : 0
        },
        "clat_ns" : {
          "min" : 755,
          "max" : 32155,
          "mean" : 1003.587341,
          "stddev" : 697.892296,
          "N" : 16384,
          "percentile" : {
            "1.000000" : 764,
            "5.000000" : 764,
            "10.000000" : 764,
            "20.000000" : 772,
            "30.000000" : 780,
            "40.000000" : 836,
            "50.000000" : 852,
            "60.000000" : 860,
            "70.000000" : 868,
            "80.000000" : 940,
            "90.000000" : 1320,
            "95.000000" : 1992,
            "99.000000" : 3120,
            "99.500000" : 3568,
            "99.900000" : 11072,
            "99.950000" : 14272,
            "99.990000" : 20352
          },
          "bins" : {
            "756" : 65,
            "764" : 2057,
            "772" : 2377,
            "780" : 540,
            "788" : 148,
            "796" : 115,
            "804" : 114,
            "812" : 177,
            "820" : 150,
            "828" : 452,
            "836" : 427,
            "844" : 734,
            "852" : 1400,
            "860" : 1604,
            "868" : 1269,
            "876" : 381,
            "884" : 189,
            "892" : 73,
            "900" : 50,
            "908" : 151,
            "916" : 206,
            "924" : 259,
            "932" : 155,
            "940" : 62,
            "948" : 53,
            "956" : 9,
            "964" : 10,
            "972" : 12,
            "980" : 8,
            "988" : 9,
            "996" : 9,
            "1004" : 3,
            "1012" : 5,
            "1020" : 6,
            "1032" : 8,
            "1048" : 8,
            "1064" : 15,
            "1080" : 28,
            "1096" : 35,
            "1112" : 47,
            "1128" : 62,
            "1144" : 79,
            "1160" : 95,
            "1176" : 123,
            "1192" : 168,
            "1208" : 154,
            "1224" : 97,
            "1240" : 83,
            "1256" : 94,
            "1272" : 94,
            "1288" : 151,
            "1304" : 104,
            "1320" : 71,
            "1336" : 78,
            "1352" : 43,
            "1368" : 58,
            "1384" : 55,
            "1400" : 31,
            "1416" : 24,
            "1432" : 28,
            "1448" : 24,
            "1464" : 23,
            "1480" : 17,
            "1496" : 20,
            "1512" : 19,
            "1528" : 9,
            "1544" : 9,
            "1560" : 10,
            "1576" : 8,
            "1592" : 9,
            "1608" : 11,
            "1624" : 4,
            "1640" : 8,
            "1656" : 2,
            "1672" : 3,
            "1688" : 3,
            "1704" : 4,
            "1720" : 5,
            "1736" : 5,
            "1752" : 5,
            "1768" : 15,
            "1784" : 9,
            "1800" : 7,
            "1816" : 9,
            "1832" : 19,
            "1848" : 10,
            "1864" : 18,
            "1880" : 25,
            "1896" : 19,
            "1912" : 21,
            "1928" : 21,
            "1944" : 28,
            "1960" : 24,
            "1976" : 25,
            "1992" : 15,
            "2008" : 31,
            "2024" : 28,
            "2040" : 10,
            "2064" : 51,
            "2096" : 48,
            "2128" : 31,
            "2160" : 41,
            "2192" : 34,
            "2224" : 36,
            "2256" : 27,
            "2288" : 31,
            "2320" : 30,
            "2352" : 16,
            "2384" : 19,
            "2416" : 15,
            "2448" : 17,
            "2480" : 21,
            "2512" : 6,
            "2544" : 12,
            "2576" : 9,
            "2608" : 6,
            "2640" : 10,
            "2672" : 9,
            "2704" : 10,
            "2736" : 9,
            "2768" : 6,
            "2800" : 9,
            "2832" : 6,
            "2864" : 5,
            "2896" : 6,
            "2928" : 6,
            "2960" : 10,
            "2992" : 12,
            "3024" : 7,
            "3056" : 7,
            "3088" : 5,
            "3120" : 12,
            "3152" : 5,
            "3184" : 7,
            "3216" : 7,
            "3248" : 7,
            "3280" : 11,
            "3312" : 7,
            "3344" : 7,
            "3376" : 7,
            "3408" : 6,
            "3440" : 4,
            "3472" : 3,
            "3504" : 3,
            "3536" : 5,
            "3568" : 3,
            "3600" : 1,
            "3632" : 2,
            "3664" : 3,
            "3696" : 1,
            "3760" : 1,
            "3792" : 3,
            "3856" : 3,
            "3888" : 1,
            "3920" : 2,
            "4016" : 1,
            "4048" : 1,
            "4128" : 2,
            "4192" : 1,
            "4256" : 3,
            "4320" : 1,
            "4448" : 1,
            "4576" : 1,
            "4704" : 2,
            "4768" : 1,
            "4832" : 1,
            "4896" : 2,
            "5024" : 1,
            "5216" : 4,
            "5408" : 3,
            "5472" : 1,
            "5600" : 1,
            "5728" : 1,
            "5984" : 1,
            "6048" : 1,
            "6112" : 1,
            "6752" : 1,
            "6880" : 1,
            "7264" : 1,
            "7328" : 1,
            "7520" : 1,
            "7648" : 1,
            "8512" : 1,
            "9664" : 1,
            "9792" : 1,
            "9920" : 1,
            "10176" : 1,
            "10304" : 1,
            "10944" : 1,
            "11072" : 2,
            "12736" : 1,
            "13120" : 2,
            "13376" : 1,
            "13504" : 1,
            "14144" : 2,
            "14272" : 1,
            "14784" : 1,
            "14912" : 2,
            "15296" : 1,
            "15808" : 1,
            "16192" : 1,
            "20352" : 1,
            "32128" : 1
          }
        },
        "lat_ns" : {
          "min" : 785,
          "max" : 33804,
          "mean" : 1037.579590,
          "stddev" : 708.920976,
          "N" : 16384
        },