{
  "fio version" : "fio-3.39-38-gf18c",
  "timestamp" : 1744415098,
  "timestamp_ms" : 1744415098742,
  "time" : "Fri Apr 11 23:44:58 2025",
  "global options" : {
    "kb_base" : "1024",
    "runtime" : "600s"
  },
  "jobs" : [
    {
      "jobname" : "nfsv3-randwrite-17179869184-blk65536-iod16",
      "groupid" : 0,
      "job_start" : 1744414969853,
      "error" : 0,
      "eta" : 0,
      "elapsed" : 129,
      "job options" : {
        "stonewall" : "",
        "rw" : "randwrite",
        "size" : "17179869184",
        "bs" : "65536",
        "iodepth" : "16",
        "filename" : "/nfsv3/scratch/adam/fsbench/nfsv3/nfsv3-randwrite-17179869184-blk65536-iod16.bin"
      },
      "read" : {
        "io_bytes" : 0,
        "io_kbytes" : 0,
        "bw_bytes" : 0,
        "bw" : 0,
        "iops" : 0.000000,
        "runtime" : 0,
        "total_ios" : 0,
        "short_ios" : 0,
        "drop_ios" : 0,
        "slat_ns" : {
          "min" : 0,
          "max" : 0,
          "mean" : 0.000000,
          "stddev" : 0.000000,
          "N" : 0
        },
        "clat_ns" : {
          "min" : 0,
          "max" : 0,
          "mean" : 0.000000,
          "stddev" : 0.000000,
          "N" : 0
        },
        "lat_ns" : {
          "min" : 0,
          "max" : 0,
          "mean" : 0.000000,
          "stddev" : 0.000000,
          "N" : 0
        },
        "bw_min" : 0,
        "bw_max" : 0,
        "bw_agg" : 0.000000,
        "bw_mean" : 0.000000,
        "bw_dev" : 0.000000,
        "bw_samples" : 0,
        "iops_min" : 0,
        "iops_max" : 0,
        "iops_mean" : 0.000000,
        "iops_stddev" : 0.000000,
        "iops_samples" : 0
      },
      "write" : {
        "io_bytes" : 17179869184,
        "io_kbytes" : 16777216,
        "bw_bytes" : 179083821,
        "bw" : 174886,
        "iops" : 2732.602260,
        "runtime" : 95932,
        "total_ios" : 262144,
        "short_ios" : 0,
        "drop_ios" : 0,
        "slat_ns" : {
          "min" : 0,
          "max" : 0,
          "mean" : 0.000000,
          "stddev" : 0.000000,
          "N" : 0
        },
        "clat_ns" : {
          "min" : 17182,
          "max" : 31635606,
          "mean" : 364936.375717,
          "stddev" : 1998978.891738,
          "N" : 262144,
          "percentile" : {
            "1.000000" : 24960,
            "5.000000" : 25472,
            "10.000000" : 26240,
            "20.000000" : 27264,
            "30.000000" : 28032,
            "40.000000" : 29056,
            "50.000000" : 30592,
            "60.000000" : 34048,
            "70.000000" : 41216,
            "80.000000" : 45312,
            "90.000000" : 56576,
            "95.000000" : 73216,
            "99.000000" : 12910592,
            "99.500000" : 15925248,
            "99.900000" : 16580608,
            "99.950000" : 17432576,
            "99.990000" : 30539776
          },
          "bins" : {
            "17280" : 1,
            "17536" : 1,
            "17792" : 2,
            "18048" : 1,
            "18560" : 1,
            "18816" : 1,
            "19072" : 1,
            "19584" : 1,
            "19840" : 1,
            "20608" : 1,
            "20864" : 1,
            "21120" : 1,
            "21376" : 1,
            "21888" : 1,
            "22144" : 1,
            "22400" : 1,
            "23168" : 2,
            "23424" : 9,
            "23680" : 19,
            "23936" : 34,
            "24192" : 119,
            "24448" : 464,
            "24704" : 1215,
            "24960" : 2604,
            "25216" : 4000,
            "25472" : 4863,
            "25728" : 5276,
            "25984" : 5351,
            "26240" : 5338,
            "26496" : 5467,
            "26752" : 6205,
            "27008" : 6899,
            "27264" : 7926,
            "27520" : 8575,
            "27776" : 8944,
            "28032" : 8678,
            "28288" : 7925,
            "28544" : 7070,
            "28800" : 6008,
            "29056" : 5498,
            "29312" : 4783,
            "29568" : 4313,
            "29824" : 4069,
            "30080" : 3809,
            "30336" : 3627,
            "30592" : 3445,
            "30848" : 3104,
            "31104" : 2801,
            "31360" : 2508,
            "31616" : 2316,
            "31872" : 1993,
            "32128" : 1800,
            "32384" : 1669,
            "32640" : 1433,
            "33024" : 2806,
            "33536" : 2670,
            "34048" : 2496,
            "34560" : 2404,
            "35072" : 2000,
            "35584" : 1911,
            "36096" : 1808,
            "36608" : 1808,
            "37120" : 1834,
            "37632" : 1792,
            "38144" : 1543,
            "38656" : 1444,
            "39168" : 1387,
            "39680" : 1534,
            "40192" : 2209,
            "40704" : 3122,
            "41216" : 3950,
            "41728" : 4459,
            "42240" : 4107,
            "42752" : 3693,
            "43264" : 3080,
            "43776" : 2681,
            "44288" : 2468,
            "44800" : 2070,
            "45312" : 2018,
            "45824" : 1815,
            "46336" : 1775,
            "46848" : 1680,
            "47360" : 1523,
            "47872" : 1506,
            "48384" : 1368,
            "48896" : 1218,
            "49408" : 1230,
            "49920" : 1191,
            "50432" : 1214,
            "50944" : 1141,
            "51456" : 1042,
            "51968" : 1004,
            "52480" : 937,
            "52992" : 904,
            "53504" : 831,
            "54016" : 804,
            "54528" : 796,
            "55040" : 786,
            "55552" : 729,
            "56064" : 679,
            "56576" : 678,
            "57088" : 669,
            "57600" : 639,
            "58112" : 601,
            "58624" : 570,
            "59136" : 585,
            "59648" : 566,
            "60160" : 576,
            "60672" : 532,
            "61184" : 535,
            "61696" : 521,
            "62208" : 462,
            "62720" : 449,
            "63232" : 402,
            "63744" : 400,
            "64256" : 361,
            "64768" : 353,
            "65280" : 349,
            "66048" : 657,
            "67072" : 653,
            "68096" : 576,
            "69120" : 534,
            "70144" : 478,
            "71168" : 492,
            "72192" : 431,
            "73216" : 442,
            "74240" : 388,
            "75264" : 398,
            "76288" : 344,
            "77312" : 344,
            "78336" : 293,
            "79360" : 266,
            "80384" : 271,
            "81408" : 237,
            "82432" : 217,
            "83456" : 201,
            "84480" : 169,
            "85504" : 160,
            "86528" : 144,
            "87552" : 151,
            "88576" : 121,
            "89600" : 123,
            "90624" : 104,
            "91648" : 81,
            "92672" : 85,
            "93696" : 80,
            "94720" : 76,
            "95744" : 58,
            "96768" : 65,
            "97792" : 68,
            "98816" : 71,
            "99840" : 62,
            "100864" : 55,
            "101888" : 36,
            "102912" : 36,
            "103936" : 41,
            "104960" : 28,
            "105984" : 25,
            "107008" : 31,
            "108032" : 34,
            "109056" : 36,
            "110080" : 14,
            "111104" : 19,
            "112128" : 15,
            "113152" : 26,
            "114176" : 21,
            "115200" : 21,
            "116224" : 13,
            "117248" : 21,
            "118272" : 14,
            "119296" : 15,
            "120320" : 18,
            "121344" : 6,
            "122368" : 9,
            "123392" : 7,
            "124416" : 13,
            "125440" : 9,
            "126464" : 9,
            "127488" : 8,
            "128512" : 8,
            "129536" : 2,
            "130560" : 4,
            "132096" : 11,
            "134144" : 12,
            "136192" : 6,
            "138240" : 7,
            "140288" : 4,