{
  "fio version" : "fio-3.39-38-gf18c",
  "timestamp" : 1744415262,
  "timestamp_ms" : 1744415262040,
  "time" : "Fri Apr 11 23:47:42 2025",
  "global options" : {
    "kb_base" : "1024",
    "runtime" : "600s"
  },
  "jobs" : [
    {
      "jobname" : "nfsv4-randwrite-17179869184-blk1048576-iod1",
      "groupid" : 0,
      "job_start" : 1744415133402,
      "error" : 0,
      "eta" : 0,
      "elapsed" : 129,
      "job options" : {
        "stonewall" : "",
        "rw" : "randwrite",
        "size" : "17179869184",
        "bs" : "1048576",
        "iodepth" : "1",
        "filename" : "/scratch/adam/fsbench/nfsv4/nfsv4-randwrite-17179869184-blk1048576-iod1.bin"
      },
      "read" : {
        "io_bytes" : 0,
        "io_kbytes" : 0,
        "bw_bytes" : 0,
        "bw" : 0,
        "iops" : 0.000000,
        "runtime" : 0,
        "total_ios" : 0,
        "short_ios" : 0,
        "drop_ios" : 0,
        "slat_ns" : {
          "min" : 0,
          "max" : 0,
          "mean" : 0.000000,
          "stddev" : 0.000000,
          "N" : 0
        },
        "clat_ns" : {
          "min" : 0,
          "max" : 0,
          "mean" : 0.000000,
          "stddev" : 0.000000,
          "N" : 0
        },
        "lat_ns" : {
          "min" : 0,
          "max" : 0,
          "mean" : 0.000000,
          "stddev" : 0.000000,
          "N" : 0
        },
        "bw_min" : 0,
        "bw_max" : 0,
        "bw_agg" : 0.000000,
        "bw_mean" : 0.000000,
        "bw_dev" : 0.000000,
        "bw_samples" : 0,
        "iops_min" : 0,
        "iops_max" : 0,
        "iops_mean" : 0.000000,
        "iops_stddev" : 0.000000,
        "iops_samples" : 0
      },
      "write" : {
        "io_bytes" : 17179869184,
        "io_kbytes" : 16777216,
        "bw_bytes" : 178906653,
        "bw" : 174713,
        "iops" : 170.618680,
        "runtime" : 96027,
        "total_ios" : 16384,
        "short_ios" : 0,
        "drop_ios" : 0,
        "slat_ns" : {
          "min" : 0,
          "max" : 0,
          "mean" : 0.000000,
          "stddev" : 0.000000,
          "N" : 0
        },
        "clat_ns" : {
          "min" : 388860,
          "max" : 34263647,
          "mean" : 5830450.706238,
          "stddev" : 6431692.571927,
          "N" : 16384,
          "percentile" : {
            "1.000000" : 403456,
            "5.000000" : 411648,
            "10.000000" : 419840,
            "20.000000" : 440320,
            "30.000000" : 518144,
            "40.000000" : 602112,
            "50.000000" : 749568,
            "60.000000" : 8585216,
            "70.000000" : 8847360,
            "80.000000" : 9895936,
            "90.000000" : 16187392,
            "95.000000" : 16908288,
            "99.000000" : 18219008,
            "99.500000" : 32636928,
            "99.900000" : 33161216,
            "99.950000" : 33816576,
            "99.990000" : 34340864
          },
          "bins" : {
            "387072" : 1,
            "391168" : 3,
            "395264" : 27,
            "399360" : 76,
            "403456" : 176,
            "407552" : 262,
            "411648" : 362,
            "415744" : 454,
            "419840" : 427,
            "423936" : 388,
            "428032" : 378,
            "432128" : 319,
            "436224" : 239,
            "440320" : 183,
            "444416" : 187,
            "448512" : 169,
            "452608" : 139,
            "456704" : 170,
            "460800" : 152,
            "464896" : 138,
            "468992" : 123,
            "473088" : 86,
            "477184" : 94,
            "481280" : 70,
            "485376" : 58,
            "489472" : 47,
            "493568" : 55,
            "497664" : 33,
            "501760" : 35,
            "505856" : 28,
            "509952" : 19,
            "514048" : 16,
            "518144" : 18,
            "522240" : 20,
            "528384" : 54,
            "536576" : 74,
            "544768" : 106,
            "552960" : 153,
            "561152" : 232,
            "569344" : 244,
            "577536" : 219,
            "585728" : 220,
            "593920" : 226,
            "602112" : 213,
            "610304" : 213,
            "618496" : 208,
            "626688" : 162,
            "634880" : 154,
            "643072" : 130,
            "651264" : 111,
            "659456" : 77,
            "667648" : 72,
            "675840" : 63,
            "684032" : 52,
            "692224" : 45,
            "700416" : 42,
            "708608" : 31,
            "716800" : 36,
            "724992" : 39,
            "733184" : 28,
            "741376" : 35,
            "749568" : 36,
            "757760" : 36,
            "765952" : 19,
            "774144" : 27,
            "782336" : 23,
            "790528" : 23,
            "798720" : 23,
            "806912" : 16,
            "815104" : 23,
            "823296" : 30,
            "831488" : 22,
            "839680" : 24,
            "847872" : 19,
            "856064" : 7,
            "864256" : 10,
            "872448" : 19,
            "880640" : 9,
            "888832" : 17,
            "897024" : 16,
            "905216" : 9,
            "913408" : 10,
            "921600" : 9,
            "929792" : 10,
            "937984" : 10,
            "946176" : 9,
            "954368" : 9,
            "962560" : 4,
            "970752" : 6,
            "978944" : 7,
            "987136" : 1,
            "995328" : 3,
            "1003520" : 3,
            "1011712" : 4,
            "1019904" : 3,
            "1028096" : 6,
            "1036288" : 3,
            "1044480" : 4,
            "1056768" : 5,
            "1073152" : 5,
            "1089536" : 6,
            "1105920" : 2,
            "1122304" : 1,
            "1138688" : 1,
            "1155072" : 2,
            "1187840" : 3,
            "1204224" : 1,
            "1220608" : 3,
            "1236992" : 4,
            "1286144" : 1,
            "1335296" : 1,
            "1384448" : 1,
            "6586368" : 1,
            "6651904" : 3,
            "6717440" : 20,
            "6782976" : 71,
            "6848512" : 257,
            "6914048" : 191,
            "6979584" : 31,
            "7045120" : 5,
            "7110656" : 2,
            "7438336" : 1,
            "7503872" : 3,
            "7569408" : 3,
            "7634944" : 7,
            "7700480" : 19,
            "7766016" : 76,
            "7831552" : 151,
            "7897088" : 129,
            "7962624" : 21,
            "8028160" : 11,
            "8093696" : 3,
            "8290304" : 1,
            "8355840" : 3,
            "8454144" : 18,
            "8585216" : 69,
            "8716288" : 432,
            "8847360" : 1936,
            "8978432" : 317,
            "9109504" : 43,
            "9240576" : 5,
            "9371648" : 3,
            "9502720" : 3,
            "9633792" : 22,
            "9764864" : 215,
            "9895936" : 351,
            "10027008" : 28,
            "10158080" : 6,
            "10551296" : 1,
            "10682368" : 6,
            "10813440" : 29,
            "10944512" : 8,
            "11337728" : 1,
            "11730944" : 1,
            "11862016" : 3,
            "11993088" : 5,
            "12124160" : 8,
            "12255232" : 12,
            "12386304" : 16,
            "12517376" : 1,
            "12779520" : 4,
            "12910592" : 3,
            "13041664" : 5,
            "13172736" : 5,
            "13303808" : 15,
            "13434880" : 27,
            "13697024" : 1,
            "13828096" : 3,
            "13959168" : 5,
            "14090240" : 17,
            "14221312" : 34,
            "14352384" : 234,
            "14483456" : 159,
            "14614528" : 10,
            "14745600" : 10,
            "14876672" : 13,
            "15007744" : 25,
            "15138816" : 47,
            "15269888" : 66,
            "15400960" : 247,
            "15532032" : 49,
            "15663104" : 26,
            "15794176" : 61,