{
  "fio version" : "fio-3.39-38-gf18c",
  "timestamp" : 1744242798,
  "timestamp_ms" : 1744242798682,
  "time" : "Wed Apr  9 23:53:18 2025",
  "global options" : {
    "kb_base" : "1024",
    "runtime" : "600"
  },
  "jobs" : [
    {
      "jobname" : "nfsv3-randwrite-4194304-blk256-iod1",
      "groupid" : 0,
      "job_start" : 1744242797542,
      "error" : 0,
      "eta" : 2147483647,
      "elapsed" : 2,
      "job options" : {
        "stonewall" : "",
        "rw" : "randwrite",
        "size" : "4194304",
        "bs" : "256",
        "iodepth" : "1",
        "filename" : "/nfsv3/scratch/adam/fsbench/nfsv3/nfsv3-randwrite-4194304-blk256-iod1.bin"
      },
      "read" : {
        "io_bytes" : 0,
        "io_kbytes" : 0,
        "bw_bytes" : 0,
        "bw" : 0,
        "iops" : 0.000000,
        "runtime" : 0,
        "total_ios" : 0,
        "short_ios" : 0,
        "drop_ios" : 0,
        "slat_ns" : {
          "min" : 0,
          "max" : 0,
          "mean" : 0.000000,
          "stddev" : 0.000000,
          "N" : 0
        },
        "clat_ns" : {
          "min" : 0,
          "max" : 0,
          "mean" : 0.000000,
          "stddev" : 0.000000,
          "N" : 0
        },
        "lat_ns" : {
          "min" : 0,
          "max" : 0,
          "mean" : 0.000000,
          "stddev" : 0.000000,
          "N" : 0
        },
        "bw_min" : 0,
        "bw_max" : 0,
        "bw_agg" : 0.000000,
        "bw_mean" : 0.000000,
        "bw_dev" : 0.000000,
        "bw_samples" : 0,
        "iops_min" : 0,
        "iops_max" : 0,
        "iops_mean" : 0.000000,
        "iops_stddev" : 0.000000,
        "iops_samples" : 0
      },
      "write" : {
        "io_bytes" : 4194304,
        "io_kbytes" : 4096,
        "bw_bytes" : 4223871,
        "bw" : 4124,
        "iops" : 16499.496475,
        "runtime" : 993,
        "total_ios" : 16384,
        "short_ios" : 0,
        "drop_ios" : 0,
        "slat_ns" : {
          "min" : 0,
          "max" : 0,
          "mean" : 0.000000,
          "stddev" : 0.000000,
          "N" : 0
        },
        "clat_ns" : {
          "min" : 951,
          "max" : 1507504,
          "mean" : 59891.604004,
          "stddev" : 227321.810916,
          "N" : 16384,
          "percentile" : {
            "1.000000" : 972,
            "5.000000" : 996,
            "10.000000" : 1012,
            "20.000000" : 1048,
            "30.000000" : 1080,
            "40.000000" : 1160,
            "50.000000" : 1320,
            "60.000000" : 1432,
            "70.000000" : 1576,
            "80.000000" : 1752,
            "90.000000" : 2288,
            "95.000000" : 913408,
            "99.000000" : 970752,
            "99.500000" : 987136,
            "99.900000" : 1056768,
            "99.950000" : 1073152,
            "99.990000" : 1236992
          },
          "bins" : {
            "948" : 2,
            "956" : 11,
            "964" : 63,
            "972" : 159,
            "980" : 244,
            "988" : 292,
            "996" : 402,
            "1004" : 383,
            "1012" : 310,
            "1020" : 331,
            "1032" : 911,
            "1048" : 937,
            "1064" : 660,
            "1080" : 472,
            "1096" : 395,
            "1112" : 318,
            "1128" : 296,
            "1144" : 209,
            "1160" : 213,
            "1176" : 173,
            "1192" : 159,
            "1208" : 168,
            "1224" : 147,
            "1240" : 159,
            "1256" : 186,
            "1272" : 187,
            "1288" : 190,
            "1304" : 201,
            "1320" : 209,
            "1336" : 228,
            "1352" : 258,
            "1368" : 232,
            "1384" : 239,
            "1400" : 205,
            "1416" : 220,
            "1432" : 207,
            "1448" : 172,
            "1464" : 178,
            "1480" : 225,
            "1496" : 189,
            "1512" : 177,
            "1528" : 181,
            "1544" : 182,
            "1560" : 168,
            "1576" : 160,
            "1592" : 157,
            "1608" : 142,
            "1624" : 132,
            "1640" : 145,
            "1656" : 147,
            "1672" : 129,
            "1688" : 152,
            "1704" : 135,
            "1720" : 130,
            "1736" : 137,
            "1752" : 116,
            "1768" : 119,
            "1784" : 113,
            "1800" : 117,
            "1816" : 100,
            "1832" : 96,
            "1848" : 89,
            "1864" : 91,
            "1880" : 91,
            "1896" : 76,
            "1912" : 60,
            "1928" : 61,
            "1944" : 61,
            "1960" : 56,
            "1976" : 46,
            "1992" : 46,
            "2008" : 48,
            "2024" : 36,
            "2040" : 28,
            "2064" : 53,
            "2096" : 51,
            "2128" : 48,
            "2160" : 30,
            "2192" : 33,
            "2224" : 24,
            "2256" : 22,
            "2288" : 32,
            "2320" : 23,
            "2352" : 23,
            "2384" : 12,
            "2416" : 11,
            "2448" : 12,
            "2480" : 10,
            "2512" : 8,
            "2544" : 11,
            "2576" : 9,
            "2608" : 12,
            "2640" : 13,
            "2672" : 8,
            "2704" : 9,
            "2736" : 10,
            "2768" : 3,
            "2800" : 6,
            "2832" : 10,
            "2864" : 9,
            "2896" : 5,
            "2928" : 7,
            "2960" : 6,
            "2992" : 3,
            "3024" : 7,
            "3056" : 6,
            "3088" : 8,
            "3120" : 9,
            "3152" : 6,
            "3184" : 3,
            "3216" : 5,
            "3248" : 5,
            "3280" : 8,
            "3312" : 7,
            "3344" : 4,
            "3376" : 5,
            "3408" : 8,
            "3440" : 9,
            "3472" : 6,
            "3504" : 4,
            "3536" : 2,
            "3568" : 4,
            "3600" : 4,
            "3632" : 3,
            "3664" : 8,
            "3696" : 4,
            "3728" : 5,
            "3760" : 6,
            "3792" : 7,
            "3824" : 3,
            "3856" : 5,
            "3888" : 3,
            "3920" : 2,
            "3952" : 6,
            "3984" : 3,
            "4016" : 3,
            "4048" : 5,
            "4080" : 4,
            "4128" : 10,
            "4192" : 14,
            "4256" : 11,
            "4320" : 5,
            "4384" : 10,
            "4448" : 6,
            "4512" : 9,
            "4576" : 4,
            "4640" : 6,
            "4704" : 11,
            "4768" : 6,
            "4832" : 12,
            "4896" : 6,
            "4960" : 5,
            "5024" : 4,
            "5088" : 1,
            "5152" : 3,
            "5216" : 4,
            "5280" : 1,
            "5344" : 5,
            "5472" : 3,
            "5536" : 5,
            "5600" : 1,
            "5664" : 1,
            "5728" : 2,
            "5856" : 1,
            "5920" : 1,
            "6112" : 1,
            "6176" : 1,
            "6240" : 2,
            "6304" : 3,
            "6432" : 2,
            "6560" : 1,
            "6624" : 1,
            "6752" : 1,
            "6880" : 1,
            "7456" : 1,
            "7520" : 1,
            "7584" : 1,
            "7712" : 1,
            "7776" : 1,
            "8032" : 1,
            "8640" : 1,
            "8768" : 1,
            "8896" : 1,
            "9024" : 2,
            "9152" : 2,
            "9280" : 1,
            "9536" : 1,
            "9664" : 1,
            "9920" : 1,
            "10048" : 2,
            "10304" : 1,
            "10432" : 1,
            "10560" : 3,
            "11072" : 1,
            "11200" : 1,
            "12096" : 2,
            "12864" : 1,
            "12992" : 2,
            "13504" : 1,
            "14144" : 1,
            "14272" : 2,
            "14400" : 1,
            "14784" : 1,
            "15168" : 2,
            "15936" : 1,
            "16064" : 2,
            "16512" : 2,