{
  "fio version" : "fio-3.39-38-gf18c",
  "timestamp" : 1744242937,
  "timestamp_ms" : 1744242937057,
  "time" : "Wed Apr  9 23:55:37 2025",
  "global options" : {
    "kb_base" : "1024",
    "runtime" : "600"
  },
  "jobs" : [
    {
      "jobname" : "nfsv3-randwrite-67108864-blk4096-iod4",
      "groupid" : 0,
      "job_start" : 1744242936916,
      "error" : 0,
      "eta" : 2147483647,
      "elapsed" : 1,
      "job options" : {
        "stonewall" : "",
        "rw" : "randwrite",
        "size" : "67108864",
        "bs" : "4096",
        "iodepth" : "4",
        "filename" : "/nfsv3/scratch/adam/fsbench/nfsv3/nfsv3-randwrite-67108864-blk4096-iod4.bin"
      },
      "read" : {
        "io_bytes" : 0,
        "io_kbytes" : 0,
        "bw_bytes" : 0,
        "bw" : 0,
        "iops" : 0.000000,
        "runtime" : 0,
        "total_ios" : 0,
        "short_ios" : 0,
        "drop_ios" : 0,
        "slat_ns" : {
          "min" : 0,
          "max" : 0,
          "mean" : 0.000000,
          "stddev" : 0.000000,
          "N" : 0
        },
        "clat_ns" : {
          "min" : 0,
          "max" : 0,
          "mean" : 0.000000,
          "stddev" : 0.000000,
          "N" : 0
        },
        "lat_ns" : {
          "min" : 0,
          "max" : 0,
          "mean" : 0.000000,
          "stddev" : 0.000000,
          "N" : 0
        },
        "bw_min" : 0,
        "bw_max" : 0,
        "bw_agg" : 0.000000,
        "bw_mean" : 0.000000,
        "bw_dev" : 0.000000,
        "bw_samples" : 0,
        "iops_min" : 0,
        "iops_max" : 0,
        "iops_mean" : 0.000000,
        "iops_stddev" : 0.000000,
        "iops_samples" : 0
      },
      "write" : {
        "io_bytes" : 67108864,
        "io_kbytes" : 65536,
        "bw_bytes" : 1427848170,
        "bw" : 1394382,
        "iops" : 348595.744681,
        "runtime" : 47,
        "total_ios" : 16384,
        "short_ios" : 0,
        "drop_ios" : 0,
        "slat_ns" : {
          "min" : 0,
          "max" : 0,
          "mean" : 0.000000,
          "stddev" : 0.000000,
          "N" : 0
        },
        "clat_ns" : {
          "min" : 1903,
          "max" : 28639,
          "mean" : 2418.689209,
          "stddev" : 1031.689301,
          "N" : 16384,
          "percentile" : {
            "1.000000" : 1960,
            "5.000000" : 2008,
            "10.000000" : 2040,
            "20.000000" : 2096,
            "30.000000" : 2128,
            "40.000000" : 2160,
            "50.000000" : 2192,
            "60.000000" : 2224,
            "70.000000" : 2288,
            "80.000000" : 2416,
            "90.000000" : 2928,
            "95.000000" : 3120,
            "99.000000" : 8256,
            "99.500000" : 9024,
            "99.900000" : 12864,
            "99.950000" : 17280,
            "99.990000" : 23168
          },
          "bins" : {
            "1896" : 1,
            "1912" : 6,
            "1928" : 28,
            "1944" : 104,
            "1960" : 190,
            "1976" : 215,
            "1992" : 208,
            "2008" : 324,
            "2024" : 468,
            "2040" : 539,
            "2064" : 1152,
            "2096" : 1481,
            "2128" : 1554,
            "2160" : 1423,
            "2192" : 1409,
            "2224" : 1039,
            "2256" : 897,
            "2288" : 715,
            "2320" : 521,
            "2352" : 445,
            "2384" : 299,
            "2416" : 258,
            "2448" : 188,
            "2480" : 175,
            "2512" : 141,
            "2544" : 126,
            "2576" : 97,
            "2608" : 70,
            "2640" : 72,
            "2672" : 51,
            "2704" : 39,
            "2736" : 49,
            "2768" : 66,
            "2800" : 65,
            "2832" : 85,
            "2864" : 103,
            "2896" : 131,
            "2928" : 147,
            "2960" : 173,
            "2992" : 159,
            "3024" : 124,
            "3056" : 99,
            "3088" : 68,
            "3120" : 76,
            "3152" : 69,
            "3184" : 52,
            "3216" : 43,
            "3248" : 31,
            "3280" : 24,
            "3312" : 31,
            "3344" : 21,
            "3376" : 10,
            "3408" : 18,
            "3440" : 16,
            "3472" : 10,
            "3504" : 12,
            "3536" : 9,
            "3568" : 10,
            "3600" : 13,
            "3632" : 5,
            "3664" : 7,
            "3696" : 3,
            "3728" : 7,
            "3760" : 6,
            "3792" : 9,
            "3824" : 5,
            "3856" : 2,
            "3888" : 4,
            "3920" : 2,
            "3952" : 2,
            "3984" : 1,
            "4016" : 4,
            "4048" : 2,
            "4080" : 3,
            "4128" : 2,
            "4192" : 3,
            "4256" : 4,
            "4320" : 1,
            "4384" : 4,
            "4448" : 3,
            "4512" : 1,
            "4576" : 1,
            "4640" : 3,
            "4704" : 1,
            "4768" : 2,
            "4960" : 1,
            "5024" : 1,
            "5088" : 2,
            "5152" : 1,
            "5216" : 1,
            "5472" : 3,
            "5536" : 2,
            "5600" : 4,
            "5728" : 1,
            "5792" : 2,
            "5856" : 2,
            "5984" : 4,
            "6048" : 5,
            "6112" : 3,
            "6176" : 3,
            "6240" : 1,
            "6304" : 1,
            "6368" : 2,
            "6432" : 1,
            "6496" : 1,
            "6560" : 2,
            "6624" : 1,
            "6816" : 2,
            "7008" : 2,
            "7264" : 1,
            "7328" : 2,
            "7392" : 3,
            "7456" : 4,
            "7520" : 3,
            "7584" : 8,
            "7648" : 8,
            "7712" : 13,
            "7776" : 18,
            "7840" : 3,
            "7904" : 11,
            "7968" : 7,
            "8032" : 15,
            "8096" : 16,
            "8160" : 10,
            "8256" : 16,
            "8384" : 24,
            "8512" : 27,
            "8640" : 14,
            "8768" : 7,
            "8896" : 8,
            "9024" : 8,
            "9152" : 7,
            "9280" : 5,
            "9408" : 6,
            "9536" : 4,
            "9664" : 7,
            "9792" : 1,
            "9920" : 3,
            "10048" : 1,
            "10176" : 3,
            "10304" : 4,
            "10432" : 3,
            "10560" : 3,
            "10688" : 2,
            "11328" : 4,
            "12352" : 2,
            "12480" : 1,
            "12608" : 1,
            "12864" : 1,
            "12992" : 1,
            "13248" : 1,
            "14400" : 1,
            "14528" : 2,
            "15040" : 1,
            "15424" : 1,
            "17280" : 1,
            "17536" : 1,
            "17792" : 1,
            "18560" : 1,
            "18816" : 2,
            "20096" : 1,
            "23168" : 1,
            "28544" : 1
          }
        },
        "lat_ns" : {
          "min" : 1944,
          "max" : 29973,
          "mean" : 2460.635437,
          "stddev" : 1034.876913,
          "N" : 16384
        },
        "bw_min" : 0,
        "bw_max" : 0,
        "bw_agg" : 0.000000,
        "bw_mean" : 0.000000,
        "bw_dev" : 0.000000,
        "bw_samples" : 0,
        "iops_min" : 0,
        "iops_max" : 0,
        "iops_mean" : 0.000000,
        "iops_stddev" : 0.000000,
        "iops_samples" : 0
      },
      "trim" : {
        "io_bytes" : 0,
        "io_kbytes" : 0,
        "bw_bytes" : 0,
        "bw" : 0,
        "iops" : 0.000000,
        "runtime" : 0,
        "total_ios" : 0,
        "short_ios" : 0,
        "drop_ios" : 0,
        "slat_ns" : {
          "min" : 0,
          "max" : 0,
          "mean" : 0.000000,
          "stddev" : 0.000000,
          "N" : 0
        },
        "clat_ns" : {
          "min" : 0,
          "max" : 0,
          "mean" : 0.000000,
          "stddev" : 0.000000,
          "N" : 0
        },
        "lat_ns" : {
          "min" : 0,