{
  "fio version" : "fio-3.39-38-gf18c",
  "timestamp" : 1744238180,
  "timestamp_ms" : 1744238180058,
  "time" : "Wed Apr  9 22:36:20 2025",
  "global options" : {
    "kb_base" : "1024",
    "runtime" : "600"
  },
  "jobs" : [
    {
      "jobname" : "nfsv4-write-67108864-blk4096-iod1",
      "groupid" : 0,
      "job_start" : 1744238179670,
      "error" : 0,
      "eta" : 2147483647,
      "elapsed" : 1,
      "job options" : {
        "stonewall" : "",
        "rw" : "write",
        "size" : "67108864",
        "bs" : "4096",
        "iodepth" : "1",
        "filename" : "/scratch/adam/fsbench/nfsv4/nfsv4-write-67108864-blk4096-iod1.bin"
      },
      "read" : {
        "io_bytes" : 0,
        "io_kbytes" : 0,
        "bw_bytes" : 0,
        "bw" : 0,
        "iops" : 0.000000,
        "runtime" : 0,
        "total_ios" : 0,
        "short_ios" : 0,
        "drop_ios" : 0,
        "slat_ns" : {
          "min" : 0,
          "max" : 0,
          "mean" : 0.000000,
          "stddev" : 0.000000,
          "N" : 0
        },
        "clat_ns" : {
          "min" : 0,
          "max" : 0,
          "mean" : 0.000000,
          "stddev" : 0.000000,
          "N" : 0
        },
        "lat_ns" : {
          "min" : 0,
          "max" : 0,
          "mean" : 0.000000,
          "stddev" : 0.000000,
          "N" : 0
        },
        "bw_min" : 0,
        "bw_max" : 0,
        "bw_agg" : 0.000000,
        "bw_mean" : 0.000000,
        "bw_dev" : 0.000000,
        "bw_samples" : 0,
        "iops_min" : 0,
        "iops_max" : 0,
        "iops_mean" : 0.000000,
        "iops_stddev" : 0.000000,
        "iops_samples" : 0
      },
      "write" : {
        "io_bytes" : 67108864,
        "io_kbytes" : 65536,
        "bw_bytes" : 1491308088,
        "bw" : 1456355,
        "iops" : 364088.888889,
        "runtime" : 45,
        "total_ios" : 16384,
        "short_ios" : 0,
        "drop_ios" : 0,
        "slat_ns" : {
          "min" : 0,
          "max" : 0,
          "mean" : 0.000000,
          "stddev" : 0.000000,
          "N" : 0
        },
        "clat_ns" : {
          "min" : 1877,
          "max" : 33834,
          "mean" : 2392.306091,
          "stddev" : 1027.589371,
          "N" : 16384,
          "percentile" : {
            "1.000000" : 1928,
            "5.000000" : 1976,
            "10.000000" : 2008,
            "20.000000" : 2040,
            "30.000000" : 2096,
            "40.000000" : 2128,
            "50.000000" : 2160,
            "60.000000" : 2192,
            "70.000000" : 2256,
            "80.000000" : 2384,
            "90.000000" : 2896,
            "95.000000" : 3120,
            "99.000000" : 8160,
            "99.500000" : 8640,
            "99.900000" : 12224,
            "99.950000" : 14784,
            "99.990000" : 32640
          },
          "bins" : {
            "1880" : 6,
            "1896" : 23,
            "1912" : 73,
            "1928" : 181,
            "1944" : 242,
            "1960" : 225,
            "1976" : 230,
            "1992" : 415,
            "2008" : 607,
            "2024" : 711,
            "2040" : 592,
            "2064" : 1370,
            "2096" : 1762,
            "2128" : 1334,
            "2160" : 1322,
            "2192" : 1067,
            "2224" : 805,
            "2256" : 678,
            "2288" : 514,
            "2320" : 382,
            "2352" : 313,
            "2384" : 258,
            "2416" : 211,
            "2448" : 175,
            "2480" : 135,
            "2512" : 128,
            "2544" : 98,
            "2576" : 74,
            "2608" : 55,
            "2640" : 56,
            "2672" : 65,
            "2704" : 79,
            "2736" : 66,
            "2768" : 75,
            "2800" : 103,
            "2832" : 135,
            "2864" : 146,
            "2896" : 157,
            "2928" : 140,
            "2960" : 116,
            "2992" : 148,
            "3024" : 117,
            "3056" : 87,
            "3088" : 78,
            "3120" : 63,
            "3152" : 58,
            "3184" : 43,
            "3216" : 29,
            "3248" : 28,
            "3280" : 26,
            "3312" : 20,
            "3344" : 20,
            "3376" : 18,
            "3408" : 16,
            "3440" : 16,
            "3472" : 7,
            "3504" : 9,
            "3536" : 6,
            "3568" : 9,
            "3600" : 10,
            "3632" : 5,
            "3664" : 4,
            "3696" : 4,
            "3728" : 6,
            "3760" : 4,
            "3792" : 6,
            "3824" : 5,
            "3856" : 3,
            "3888" : 3,
            "3920" : 5,
            "3952" : 1,
            "3984" : 3,
            "4016" : 1,
            "4048" : 6,
            "4080" : 1,
            "4128" : 3,
            "4192" : 5,
            "4256" : 4,
            "4320" : 3,
            "4384" : 4,
            "4448" : 4,
            "4512" : 4,
            "4576" : 1,
            "4640" : 5,
            "4704" : 2,
            "4768" : 2,
            "4832" : 2,
            "4896" : 2,
            "4960" : 1,
            "5088" : 3,
            "5152" : 2,
            "5216" : 2,
            "5280" : 1,
            "5344" : 1,
            "5408" : 2,
            "5536" : 2,
            "5600" : 1,
            "5728" : 1,
            "5792" : 2,
            "5856" : 2,
            "5920" : 2,
            "5984" : 3,
            "6112" : 2,
            "6176" : 4,
            "6240" : 1,
            "6304" : 3,
            "6368" : 1,
            "6432" : 2,
            "6496" : 1,
            "6560" : 2,
            "6624" : 5,
            "6688" : 1,
            "6880" : 2,
            "7072" : 1,
            "7136" : 2,
            "7200" : 3,
            "7264" : 1,
            "7392" : 1,
            "7456" : 5,
            "7520" : 5,
            "7584" : 8,
            "7648" : 16,
            "7712" : 9,
            "7776" : 17,
            "7840" : 15,
            "7904" : 14,
            "7968" : 13,
            "8032" : 9,
            "8096" : 14,
            "8160" : 21,
            "8256" : 23,
            "8384" : 21,
            "8512" : 15,
            "8640" : 13,
            "8768" : 10,
            "8896" : 8,
            "9024" : 11,
            "9152" : 5,
            "9280" : 2,
            "9408" : 2,
            "9536" : 3,
            "9664" : 2,
            "9792" : 2,
            "9920" : 1,
            "10048" : 3,
            "10176" : 3,
            "10304" : 3,
            "10432" : 1,
            "10688" : 1,
            "10816" : 1,
            "11072" : 1,
            "11328" : 1,
            "11968" : 1,
            "12224" : 2,
            "12352" : 1,
            "12608" : 3,
            "13120" : 1,
            "13504" : 1,
            "14656" : 1,
            "14784" : 1,
            "15040" : 1,
            "15296" : 2,
            "17536" : 1,
            "18304" : 1,
            "19840" : 1,
            "32640" : 1,
            "34048" : 1
          }
        },
        "lat_ns" : {
          "min" : 1920,
          "max" : 33904,
          "mean" : 2436.231079,
          "stddev" : 1033.679956,
          "N" : 16384
        },
        "bw_min" : 0,
        "bw_max" : 0,
        "bw_agg" : 0.000000,
        "bw_mean" : 0.000000,
        "bw_dev" : 0.000000,
        "bw_samples" : 0,
        "iops_min" : 0,
        "iops_max" : 0,
        "iops_mean" : 0.000000,
        "iops_stddev" : 0.000000,
        "iops_samples" : 0
      },
      "trim" : {
        "io_bytes" : 0,
        "io_kbytes" : 0,
        "bw_bytes" : 0,
        "bw" : 0,
        "iops" : 0.000000,
        "runtime" : 0,
        "total_ios" : 0,
        "short_ios" : 0,
        "drop_ios" : 0,
        "slat_ns" : {
          "min" : 0,
          "max" : 0,
          "mean" : 0.000000,
          "stddev" : 0.000000,
          "N" : 0
        },
        "clat_ns" : {
          "min" : 0,
          "max" : 0,
          "mean" : 0.000000,
          "stddev" : 0.000000,