{
  "fio version" : "fio-3.39-38-gf18c",
  "timestamp" : 1744238158,
  "timestamp_ms" : 1744238158480,
  "time" : "Wed Apr  9 22:35:58 2025",
  "global options" : {
    "kb_base" : "1024",
    "runtime" : "600"
  },
  "jobs" : [
    {
      "jobname" : "nfsv3-write-4194304-blk256-iod4",
      "groupid" : 0,
      "job_start" : 1744238158339,
      "error" : 0,
      "eta" : 2147483647,
      "elapsed" : 1,
      "job options" : {
        "stonewall" : "",
        "rw" : "write",
        "size" : "4194304",
        "bs" : "256",
        "iodepth" : "4",
        "filename" : "/nfsv3/scratch/adam/fsbench/nfsv3/nfsv3-write-4194304-blk256-iod4.bin"
      },
      "read" : {
        "io_bytes" : 0,
        "io_kbytes" : 0,
        "bw_bytes" : 0,
        "bw" : 0,
        "iops" : 0.000000,
        "runtime" : 0,
        "total_ios" : 0,
        "short_ios" : 0,
        "drop_ios" : 0,
        "slat_ns" : {
          "min" : 0,
          "max" : 0,
          "mean" : 0.000000,
          "stddev" : 0.000000,
          "N" : 0
        },
        "clat_ns" : {
          "min" : 0,
          "max" : 0,
          "mean" : 0.000000,
          "stddev" : 0.000000,
          "N" : 0
        },
        "lat_ns" : {
          "min" : 0,
          "max" : 0,
          "mean" : 0.000000,
          "stddev" : 0.000000,
          "N" : 0
        },
        "bw_min" : 0,
        "bw_max" : 0,
        "bw_agg" : 0.000000,
        "bw_mean" : 0.000000,
        "bw_dev" : 0.000000,
        "bw_samples" : 0,
        "iops_min" : 0,
        "iops_max" : 0,
        "iops_mean" : 0.000000,
        "iops_stddev" : 0.000000,
        "iops_samples" : 0
      },
      "write" : {
        "io_bytes" : 4194304,
        "io_kbytes" : 4096,
        "bw_bytes" : 199728761,
        "bw" : 195047,
        "iops" : 780190.476190,
        "runtime" : 21,
        "total_ios" : 16384,
        "short_ios" : 0,
        "drop_ios" : 0,
        "slat_ns" : {
          "min" : 0,
          "max" : 0,
          "mean" : 0.000000,
          "stddev" : 0.000000,
          "N" : 0
        },
        "clat_ns" : {
          "min" : 736,
          "max" : 24171,
          "mean" : 916.687073,
          "stddev" : 536.713263,
          "N" : 16384,
          "percentile" : {
            "1.000000" : 740,
            "5.000000" : 748,
            "10.000000" : 748,
            "20.000000" : 756,
            "30.000000" : 756,
            "40.000000" : 796,
            "50.000000" : 820,
            "60.000000" : 844,
            "70.000000" : 852,
            "80.000000" : 860,
            "90.000000" : 924,
            "95.000000" : 1928,
            "99.000000" : 2544,
            "99.500000" : 3088,
            "99.900000" : 7584,
            "99.950000" : 11456,
            "99.990000" : 15168
          },
          "bins" : {
            "740" : 228,
            "748" : 2509,
            "756" : 2392,
            "764" : 651,
            "772" : 327,
            "780" : 184,
            "788" : 155,
            "796" : 156,
            "804" : 504,
            "812" : 662,
            "820" : 471,
            "828" : 486,
            "836" : 444,
            "844" : 674,
            "852" : 2095,
            "860" : 1406,
            "868" : 415,
            "876" : 163,
            "884" : 93,
            "892" : 78,
            "900" : 61,
            "908" : 120,
            "916" : 425,
            "924" : 255,
            "932" : 82,
            "940" : 64,
            "948" : 24,
            "956" : 16,
            "964" : 12,
            "972" : 5,
            "980" : 10,
            "988" : 3,
            "996" : 6,
            "1004" : 6,
            "1012" : 3,
            "1032" : 5,
            "1048" : 6,
            "1064" : 5,
            "1080" : 14,
            "1096" : 11,
            "1112" : 7,
            "1128" : 4,
            "1144" : 4,
            "1160" : 9,
            "1176" : 10,
            "1192" : 6,
            "1208" : 6,
            "1224" : 6,
            "1240" : 7,
            "1256" : 5,
            "1272" : 4,
            "1288" : 3,
            "1304" : 5,
            "1336" : 5,
            "1352" : 3,
            "1384" : 5,
            "1416" : 1,
            "1432" : 1,
            "1448" : 1,
            "1464" : 1,
            "1480" : 2,
            "1496" : 1,
            "1512" : 2,
            "1528" : 1,
            "1544" : 1,
            "1560" : 1,
            "1592" : 1,
            "1624" : 1,
            "1640" : 2,
            "1656" : 1,
            "1672" : 3,
            "1688" : 1,
            "1704" : 4,
            "1720" : 7,
            "1736" : 6,
            "1752" : 7,
            "1768" : 6,
            "1784" : 11,
            "1800" : 17,
            "1816" : 17,
            "1832" : 24,
            "1848" : 18,
            "1864" : 19,
            "1880" : 30,
            "1896" : 30,
            "1912" : 29,
            "1928" : 20,
            "1944" : 25,
            "1960" : 27,
            "1976" : 28,
            "1992" : 38,
            "2008" : 32,
            "2024" : 30,
            "2040" : 28,
            "2064" : 47,
            "2096" : 55,
            "2128" : 50,
            "2160" : 45,
            "2192" : 39,
            "2224" : 28,
            "2256" : 27,
            "2288" : 36,
            "2320" : 32,
            "2352" : 16,
            "2384" : 14,
            "2416" : 15,
            "2448" : 13,
            "2480" : 9,
            "2512" : 4,
            "2544" : 3,
            "2576" : 6,
            "2608" : 4,
            "2640" : 2,
            "2672" : 10,
            "2704" : 8,
            "2736" : 6,
            "2768" : 4,
            "2800" : 3,
            "2832" : 2,
            "2864" : 1,
            "2896" : 5,
            "2928" : 2,
            "2960" : 2,
            "2992" : 7,
            "3024" : 4,
            "3056" : 7,
            "3088" : 8,
            "3152" : 3,
            "3184" : 5,
            "3216" : 4,
            "3248" : 3,
            "3280" : 2,
            "3312" : 2,
            "3376" : 6,
            "3408" : 3,
            "3440" : 2,
            "3536" : 2,
            "3632" : 2,
            "3696" : 2,
            "3792" : 1,
            "3824" : 1,
            "3856" : 1,
            "3888" : 2,
            "4016" : 1,
            "4048" : 1,
            "4128" : 1,
            "4192" : 2,
            "4448" : 1,
            "4512" : 2,
            "4640" : 2,
            "4768" : 1,
            "4896" : 1,
            "5152" : 1,
            "5408" : 1,
            "5472" : 2,
            "5536" : 1,
            "5920" : 1,
            "6496" : 1,
            "7008" : 1,
            "7392" : 1,
            "7456" : 1,
            "7520" : 1,
            "7584" : 1,
            "7776" : 1,
            "7904" : 1,
            "8256" : 1,
            "10048" : 2,
            "11072" : 2,
            "11456" : 1,
            "11584" : 1,
            "11968" : 1,
            "12352" : 1,
            "12992" : 1,
            "13376" : 1,
            "14272" : 1,
            "15168" : 1,
            "24192" : 1
          }
        },
        "lat_ns" : {
          "min" : 766,
          "max" : 26263,
          "mean" : 946.566833,
          "stddev" : 542.591787,
          "N" : 16384
        },
        "bw_min" : 0,
        "bw_max" : 0,
        "bw_agg" : 0.000000,
        "bw_mean" : 0.000000,
        "bw_dev" : 0.000000,
        "bw_samples" : 0,
        "iops_min" : 0,
        "iops_max" : 0,
        "iops_mean" : 0.000000,
        "iops_stddev" : 0.000000,
        "iops_samples" : 0
      },
      "trim" : {
        "io_bytes" : 0,
        "io_kbytes" : 0,
        "bw_bytes" : 0,
        "bw" : 0,
        "iops" : 0.000000,
        "runtime" : 0,
        "total_ios" : 0,
        "short_ios" : 0,
        "drop_ios" : 0,
        "slat_ns" : {
          "min" : 0,
          "max" : 0,
          "mean" : 0.000000,
          "stddev" : 0.000000,