{
  "fio version" : "fio-3.39-38-gf18c",
  "timestamp" : 1744242784,
  "timestamp_ms" : 1744242784567,
  "time" : "Wed Apr  9 23:53:04 2025",
  "global options" : {
    "kb_base" : "1024",
    "runtime" : "600"
  },
  "jobs" : [
    {
      "jobname" : "nfsv4-randwrite-262144-blk256-iod1",
      "groupid" : 0,
      "job_start" : 1744242784429,
      "error" : 0,
      "eta" : 2147483647,
      "elapsed" : 1,
      "job options" : {
        "stonewall" : "",
        "rw" : "randwrite",
        "size" : "262144",
        "bs" : "256",
        "iodepth" : "1",
        "filename" : "/scratch/adam/fsbench/nfsv4/nfsv4-randwrite-262144-blk256-iod1.bin"
      },
      "read" : {
        "io_bytes" : 0,
        "io_kbytes" : 0,
        "bw_bytes" : 0,
        "bw" : 0,
        "iops" : 0.000000,
        "runtime" : 0,
        "total_ios" : 0,
        "short_ios" : 0,
        "drop_ios" : 0,
        "slat_ns" : {
          "min" : 0,
          "max" : 0,
          "mean" : 0.000000,
          "stddev" : 0.000000,
          "N" : 0
        },
        "clat_ns" : {
          "min" : 0,
          "max" : 0,
          "mean" : 0.000000,
          "stddev" : 0.000000,
          "N" : 0
        },
        "lat_ns" : {
          "min" : 0,
          "max" : 0,
          "mean" : 0.000000,
          "stddev" : 0.000000,
          "N" : 0
        },
        "bw_min" : 0,
        "bw_max" : 0,
        "bw_agg" : 0.000000,
        "bw_mean" : 0.000000,
        "bw_dev" : 0.000000,
        "bw_samples" : 0,
        "iops_min" : 0,
        "iops_max" : 0,
        "iops_mean" : 0.000000,
        "iops_stddev" : 0.000000,
        "iops_samples" : 0
      },
      "write" : {
        "io_bytes" : 262144,
        "io_kbytes" : 256,
        "bw_bytes" : 3855058,
        "bw" : 3764,
        "iops" : 15058.823529,
        "runtime" : 68,
        "total_ios" : 1024,
        "short_ios" : 0,
        "drop_ios" : 0,
        "slat_ns" : {
          "min" : 0,
          "max" : 0,
          "mean" : 0.000000,
          "stddev" : 0.000000,
          "N" : 0
        },
        "clat_ns" : {
          "min" : 760,
          "max" : 1488802,
          "mean" : 64033.757812,
          "stddev" : 248305.256544,
          "N" : 1024,
          "percentile" : {
            "1.000000" : 868,
            "5.000000" : 916,
            "10.000000" : 916,
            "20.000000" : 932,
            "30.000000" : 956,
            "40.000000" : 980,
            "50.000000" : 996,
            "60.000000" : 1048,
            "70.000000" : 1208,
            "80.000000" : 1368,
            "90.000000" : 2008,
            "95.000000" : 987136,
            "99.000000" : 1073152,
            "99.500000" : 1155072,
            "99.900000" : 1253376,
            "99.950000" : 1482752,
            "99.990000" : 1482752
          },
          "bins" : {
            "764" : 1,
            "772" : 1,
            "844" : 2,
            "852" : 3,
            "860" : 3,
            "868" : 4,
            "876" : 1,
            "884" : 2,
            "892" : 2,
            "900" : 4,
            "908" : 25,
            "916" : 55,
            "924" : 54,
            "932" : 57,
            "940" : 52,
            "948" : 24,
            "956" : 23,
            "964" : 31,
            "972" : 50,
            "980" : 50,
            "988" : 48,
            "996" : 32,
            "1004" : 16,
            "1012" : 9,
            "1020" : 10,
            "1032" : 31,
            "1048" : 29,
            "1064" : 23,
            "1080" : 6,
            "1096" : 5,
            "1112" : 9,
            "1128" : 12,
            "1144" : 8,
            "1160" : 10,
            "1176" : 6,
            "1192" : 8,
            "1208" : 13,
            "1224" : 11,
            "1240" : 9,
            "1256" : 16,
            "1272" : 12,
            "1288" : 13,
            "1304" : 10,
            "1320" : 10,
            "1336" : 7,
            "1352" : 11,
            "1368" : 7,
            "1384" : 9,
            "1400" : 7,
            "1416" : 5,
            "1432" : 11,
            "1448" : 7,
            "1464" : 3,
            "1480" : 6,
            "1496" : 11,
            "1512" : 4,
            "1528" : 2,
            "1544" : 4,
            "1560" : 7,
            "1576" : 2,
            "1592" : 3,
            "1608" : 3,
            "1624" : 4,
            "1656" : 3,
            "1672" : 1,
            "1768" : 1,
            "1800" : 3,
            "2008" : 1,
            "2024" : 1,
            "2064" : 1,
            "2224" : 1,
            "2768" : 1,
            "3056" : 1,
            "3088" : 2,
            "3184" : 2,
            "3280" : 2,
            "3312" : 1,
            "3472" : 1,
            "3568" : 1,
            "3760" : 1,
            "3824" : 1,
            "3856" : 1,
            "3888" : 2,
            "4016" : 1,
            "4048" : 2,
            "4128" : 2,
            "4192" : 1,
            "4256" : 2,
            "4320" : 1,
            "4384" : 2,
            "4448" : 2,
            "4512" : 1,
            "4704" : 2,
            "4896" : 2,
            "7328" : 1,
            "12992" : 1,
            "49920" : 1,
            "954368" : 1,
            "970752" : 3,
            "978944" : 4,
            "987136" : 7,
            "995328" : 5,
            "1003520" : 7,
            "1011712" : 7,
            "1019904" : 6,
            "1028096" : 5,
            "1044480" : 1,
            "1056768" : 3,
            "1073152" : 3,
            "1089536" : 2,
            "1122304" : 1,
            "1155072" : 2,
            "1171456" : 2,
            "1204224" : 1,
            "1253376" : 1,
            "1482752" : 1
          }
        },
        "lat_ns" : {
          "min" : 791,
          "max" : 1488832,
          "mean" : 64087.301758,
          "stddev" : 248333.153773,
          "N" : 1024
        },
        "bw_min" : 0,
        "bw_max" : 0,
        "bw_agg" : 0.000000,
        "bw_mean" : 0.000000,
        "bw_dev" : 0.000000,
        "bw_samples" : 0,
        "iops_min" : 0,
        "iops_max" : 0,
        "iops_mean" : 0.000000,
        "iops_stddev" : 0.000000,
        "iops_samples" : 0
      },
      "trim" : {
        "io_bytes" : 0,
        "io_kbytes" : 0,
        "bw_bytes" : 0,
        "bw" : 0,
        "iops" : 0.000000,
        "runtime" : 0,
        "total_ios" : 0,
        "short_ios" : 0,
        "drop_ios" : 0,
        "slat_ns" : {
          "min" : 0,
          "max" : 0,
          "mean" : 0.000000,
          "stddev" : 0.000000,
          "N" : 0
        },
        "clat_ns" : {
          "min" : 0,
          "max" : 0,
          "mean" : 0.000000,
          "stddev" : 0.000000,
          "N" : 0
        },
        "lat_ns" : {
          "min" : 0,
          "max" : 0,
          "mean" : 0.000000,
          "stddev" : 0.000000,
          "N" : 0
        },
        "bw_min" : 0,
        "bw_max" : 0,
        "bw_agg" : 0.000000,
        "bw_mean" : 0.000000,
        "bw_dev" : 0.000000,
        "bw_samples" : 0,
        "iops_min" : 0,
        "iops_max" : 0,
        "iops_mean" : 0.000000,
        "iops_stddev" : 0.000000,
        "iops_samples" : 0
      },
      "sync" : {
        "total_ios" : 0,
        "lat_ns" : {
          "min" : 0,
          "max" : 0,
          "mean" : 0.000000,
          "stddev" : 0.000000,
          "N" : 0
        }
      },
      "job_runtime" : 67,
      "usr_cpu" : 2.985075,
      "sys_cpu" : 1.492537,
      "ctx" : 63,
      "majf" : 0,
      "minf" : 7,
      "iodepth_level" : {
        "1" : 100.000000,
        "2" : 0.000000,
        "4" : 0.000000,
        "8" : 0.000000,
        "16" : 0.000000,
        "32" : 0.000000,
        ">=64" : 0.000000
      },
      "iodepth_submit" : {
        "0" : 0.000000,
        "4" : 100.000000,
        "8" : 0.000000,
        "16" : 0.000000,
        "32" : 0.000000,
        "64" : 0.000000,
        ">=64" : 0.000000
      },