{
  "fio version" : "fio-3.39-38-gf18c",
  "timestamp" : 1744333996,
  "timestamp_ms" : 1744333996988,
  "time" : "Fri Apr 11 01:13:16 2025",
  "global options" : {
    "kb_base" : "1024",
    "runtime" : "600"
  },
  "jobs" : [
    {
      "jobname" : "nfsv4-write-17179869184-blk65536-iod16",
      "groupid" : 0,
      "job_start" : 1744333866601,
      "error" : 0,
      "eta" : 0,
      "elapsed" : 131,
      "job options" : {
        "stonewall" : "",
        "rw" : "write",
        "size" : "17179869184",
        "bs" : "65536",
        "iodepth" : "16",
        "filename" : "/scratch/adam/fsbench/nfsv4/nfsv4-write-17179869184-blk65536-iod16.bin"
      },
      "read" : {
        "io_bytes" : 0,
        "io_kbytes" : 0,
        "bw_bytes" : 0,
        "bw" : 0,
        "iops" : 0.000000,
        "runtime" : 0,
        "total_ios" : 0,
        "short_ios" : 0,
        "drop_ios" : 0,
        "slat_ns" : {
          "min" : 0,
          "max" : 0,
          "mean" : 0.000000,
          "stddev" : 0.000000,
          "N" : 0
        },
        "clat_ns" : {
          "min" : 0,
          "max" : 0,
          "mean" : 0.000000,
          "stddev" : 0.000000,
          "N" : 0
        },
        "lat_ns" : {
          "min" : 0,
          "max" : 0,
          "mean" : 0.000000,
          "stddev" : 0.000000,
          "N" : 0
        },
        "bw_min" : 0,
        "bw_max" : 0,
        "bw_agg" : 0.000000,
        "bw_mean" : 0.000000,
        "bw_dev" : 0.000000,
        "bw_samples" : 0,
        "iops_min" : 0,
        "iops_max" : 0,
        "iops_mean" : 0.000000,
        "iops_stddev" : 0.000000,
        "iops_samples" : 0
      },
      "write" : {
        "io_bytes" : 17179869184,
        "io_kbytes" : 16777216,
        "bw_bytes" : 170151624,
        "bw" : 166163,
        "iops" : 2596.307741,
        "runtime" : 100968,
        "total_ios" : 262144,
        "short_ios" : 0,
        "drop_ios" : 0,
        "slat_ns" : {
          "min" : 0,
          "max" : 0,
          "mean" : 0.000000,
          "stddev" : 0.000000,
          "N" : 0
        },
        "clat_ns" : {
          "min" : 18283,
          "max" : 37961530,
          "mean" : 384182.640236,
          "stddev" : 2026906.082104,
          "N" : 262144,
          "percentile" : {
            "1.000000" : 24192,
            "5.000000" : 25216,
            "10.000000" : 25984,
            "20.000000" : 27008,
            "30.000000" : 28288,
            "40.000000" : 29568,
            "50.000000" : 32384,
            "60.000000" : 37120,
            "70.000000" : 40704,
            "80.000000" : 44800,
            "90.000000" : 56576,
            "95.000000" : 79360,
            "99.000000" : 10682368,
            "99.500000" : 14090240,
            "99.900000" : 16056320,
            "99.950000" : 33816576,
            "99.990000" : 35913728
          },
          "bins" : {
            "18304" : 1,
            "19584" : 1,
            "20864" : 1,
            "21120" : 1,
            "21632" : 1,
            "21888" : 1,
            "22144" : 2,
            "22656" : 6,
            "22912" : 17,
            "23168" : 47,
            "23424" : 143,
            "23680" : 372,
            "23936" : 856,
            "24192" : 1558,
            "24448" : 2423,
            "24704" : 3097,
            "24960" : 3501,
            "25216" : 4051,
            "25472" : 4461,
            "25728" : 4912,
            "25984" : 4968,
            "26240" : 5097,
            "26496" : 5462,
            "26752" : 5910,
            "27008" : 5775,
            "27264" : 6068,
            "27520" : 6124,
            "27776" : 6201,
            "28032" : 6051,
            "28288" : 5631,
            "28544" : 5021,
            "28800" : 4779,
            "29056" : 4464,
            "29312" : 4106,
            "29568" : 3821,
            "29824" : 3506,
            "30080" : 3316,
            "30336" : 3121,
            "30592" : 2902,
            "30848" : 2561,
            "31104" : 2358,
            "31360" : 2086,
            "31616" : 1856,
            "31872" : 1760,
            "32128" : 1554,
            "32384" : 1545,
            "32640" : 1612,
            "33024" : 3252,
            "33536" : 3397,
            "34048" : 3285,
            "34560" : 3061,
            "35072" : 2758,
            "35584" : 2419,
            "36096" : 2383,
            "36608" : 2308,
            "37120" : 2494,
            "37632" : 2896,
            "38144" : 3555,
            "38656" : 4008,
            "39168" : 4021,
            "39680" : 3801,
            "40192" : 3774,
            "40704" : 3733,
            "41216" : 3772,
            "41728" : 3565,
            "42240" : 3277,
            "42752" : 3305,
            "43264" : 3349,
            "43776" : 3468,
            "44288" : 3513,
            "44800" : 3707,
            "45312" : 3624,
            "45824" : 3044,
            "46336" : 2615,
            "46848" : 2046,
            "47360" : 1750,
            "47872" : 1311,
            "48384" : 1205,
            "48896" : 975,
            "49408" : 866,
            "49920" : 685,
            "50432" : 604,
            "50944" : 526,
            "51456" : 505,
            "51968" : 455,
            "52480" : 411,
            "52992" : 433,
            "53504" : 378,
            "54016" : 415,
            "54528" : 417,
            "55040" : 358,
            "55552" : 420,
            "56064" : 365,
            "56576" : 408,
            "57088" : 402,
            "57600" : 376,
            "58112" : 357,
            "58624" : 399,
            "59136" : 399,
            "59648" : 427,
            "60160" : 387,
            "60672" : 390,
            "61184" : 431,
            "61696" : 417,
            "62208" : 395,
            "62720" : 403,
            "63232" : 380,
            "63744" : 384,
            "64256" : 303,
            "64768" : 363,
            "65280" : 347,
            "66048" : 627,
            "67072" : 603,
            "68096" : 573,
            "69120" : 503,
            "70144" : 503,
            "71168" : 448,
            "72192" : 422,
            "73216" : 453,
            "74240" : 444,
            "75264" : 383,
            "76288" : 450,
            "77312" : 386,
            "78336" : 360,
            "79360" : 377,
            "80384" : 352,
            "81408" : 300,
            "82432" : 268,
            "83456" : 252,
            "84480" : 233,
            "85504" : 214,
            "86528" : 209,
            "87552" : 192,
            "88576" : 154,
            "89600" : 136,
            "90624" : 156,
            "91648" : 102,
            "92672" : 118,
            "93696" : 91,
            "94720" : 84,
            "95744" : 89,
            "96768" : 76,
            "97792" : 65,
            "98816" : 52,
            "99840" : 63,
            "100864" : 60,
            "101888" : 58,
            "102912" : 63,
            "103936" : 52,
            "104960" : 44,
            "105984" : 41,
            "107008" : 52,
            "108032" : 25,
            "109056" : 41,
            "110080" : 34,
            "111104" : 31,
            "112128" : 33,
            "113152" : 38,
            "114176" : 33,
            "115200" : 29,
            "116224" : 35,
            "117248" : 25,
            "118272" : 13,
            "119296" : 21,
            "120320" : 18,
            "121344" : 15,
            "122368" : 15,
            "123392" : 12,
            "124416" : 13,
            "125440" : 11,
            "126464" : 7,
            "127488" : 6,
            "128512" : 11,
            "129536" : 6,
            "130560" : 6,
            "132096" : 14,
            "134144" : 13,
            "136192" : 6,
            "138240" : 7,
            "140288" : 9,
            "142336" : 5,
            "144384" : 5,
            "146432" : 5,
            "148480" : 11,
            "150528" : 4,
            "152576" : 4,
            "156672" : 4,