{
  "fio version" : "fio-3.39-38-gf18c",
  "timestamp" : 1744244984,
  "timestamp_ms" : 1744244984367,
  "time" : "Thu Apr 10 00:29:44 2025",
  "global options" : {
    "kb_base" : "1024",
    "runtime" : "600"
  },
  "jobs" : [
    {
      "jobname" : "nfsv3-randwrite-1073741824-blk4096-iod4",
      "groupid" : 0,
      "job_start" : 1744244975978,
      "error" : 0,
      "eta" : 0,
      "elapsed" : 9,
      "job options" : {
        "stonewall" : "",
        "rw" : "randwrite",
        "size" : "1073741824",
        "bs" : "4096",
        "iodepth" : "4",
        "filename" : "/nfsv3/scratch/adam/fsbench/nfsv3/nfsv3-randwrite-1073741824-blk4096-iod4.bin"
      },
      "read" : {
        "io_bytes" : 0,
        "io_kbytes" : 0,
        "bw_bytes" : 0,
        "bw" : 0,
        "iops" : 0.000000,
        "runtime" : 0,
        "total_ios" : 0,
        "short_ios" : 0,
        "drop_ios" : 0,
        "slat_ns" : {
          "min" : 0,
          "max" : 0,
          "mean" : 0.000000,
          "stddev" : 0.000000,
          "N" : 0
        },
        "clat_ns" : {
          "min" : 0,
          "max" : 0,
          "mean" : 0.000000,
          "stddev" : 0.000000,
          "N" : 0
        },
        "lat_ns" : {
          "min" : 0,
          "max" : 0,
          "mean" : 0.000000,
          "stddev" : 0.000000,
          "N" : 0
        },
        "bw_min" : 0,
        "bw_max" : 0,
        "bw_agg" : 0.000000,
        "bw_mean" : 0.000000,
        "bw_dev" : 0.000000,
        "bw_samples" : 0,
        "iops_min" : 0,
        "iops_max" : 0,
        "iops_mean" : 0.000000,
        "iops_stddev" : 0.000000,
        "iops_samples" : 0
      },
      "write" : {
        "io_bytes" : 1073741824,
        "io_kbytes" : 1048576,
        "bw_bytes" : 1407263203,
        "bw" : 1374280,
        "iops" : 343570.117955,
        "runtime" : 763,
        "total_ios" : 262144,
        "short_ios" : 0,
        "drop_ios" : 0,
        "slat_ns" : {
          "min" : 0,
          "max" : 0,
          "mean" : 0.000000,
          "stddev" : 0.000000,
          "N" : 0
        },
        "clat_ns" : {
          "min" : 1851,
          "max" : 98355,
          "mean" : 2598.904896,
          "stddev" : 1081.256728,
          "N" : 262144,
          "percentile" : {
            "1.000000" : 1960,
            "5.000000" : 2064,
            "10.000000" : 2128,
            "20.000000" : 2224,
            "30.000000" : 2256,
            "40.000000" : 2320,
            "50.000000" : 2352,
            "60.000000" : 2416,
            "70.000000" : 2512,
            "80.000000" : 2672,
            "90.000000" : 3152,
            "95.000000" : 3472,
            "99.000000" : 7968,
            "99.500000" : 8768,
            "99.900000" : 13888,
            "99.950000" : 16320,
            "99.990000" : 26496
          },
          "bins" : {
            "1848" : 3,
            "1864" : 55,
            "1880" : 221,
            "1896" : 427,
            "1912" : 418,
            "1928" : 377,
            "1944" : 468,
            "1960" : 861,
            "1976" : 1336,
            "1992" : 1410,
            "2008" : 1459,
            "2024" : 1459,
            "2040" : 1823,
            "2064" : 4955,
            "2096" : 5895,
            "2128" : 7683,
            "2160" : 10993,
            "2192" : 12245,
            "2224" : 15151,
            "2256" : 16622,
            "2288" : 16301,
            "2320" : 17136,
            "2352" : 15581,
            "2384" : 14425,
            "2416" : 12886,
            "2448" : 10761,
            "2480" : 9077,
            "2512" : 7574,
            "2544" : 6297,
            "2576" : 5120,
            "2608" : 4272,
            "2640" : 3620,
            "2672" : 2984,
            "2704" : 2518,
            "2736" : 2073,
            "2768" : 1882,
            "2800" : 1668,
            "2832" : 1471,
            "2864" : 1378,
            "2896" : 1400,
            "2928" : 1374,
            "2960" : 1459,
            "2992" : 1764,
            "3024" : 1789,
            "3056" : 1932,
            "3088" : 2041,
            "3120" : 2109,
            "3152" : 2052,
            "3184" : 1956,
            "3216" : 1791,
            "3248" : 1706,
            "3280" : 1442,
            "3312" : 1284,
            "3344" : 1227,
            "3376" : 1068,
            "3408" : 896,
            "3440" : 797,
            "3472" : 709,
            "3504" : 635,
            "3536" : 603,
            "3568" : 505,
            "3600" : 424,
            "3632" : 364,
            "3664" : 321,
            "3696" : 289,
            "3728" : 240,
            "3760" : 223,
            "3792" : 197,
            "3824" : 177,
            "3856" : 156,
            "3888" : 156,
            "3920" : 121,
            "3952" : 122,
            "3984" : 100,
            "4016" : 123,
            "4048" : 77,
            "4080" : 74,
            "4128" : 150,
            "4192" : 165,
            "4256" : 130,
            "4320" : 114,
            "4384" : 120,
            "4448" : 118,
            "4512" : 117,
            "4576" : 85,
            "4640" : 86,
            "4704" : 70,
            "4768" : 62,
            "4832" : 53,
            "4896" : 43,
            "4960" : 44,
            "5024" : 33,
            "5088" : 25,
            "5152" : 27,
            "5216" : 29,
            "5280" : 30,
            "5344" : 38,
            "5408" : 55,
            "5472" : 61,
            "5536" : 84,
            "5600" : 93,
            "5664" : 102,
            "5728" : 119,
            "5792" : 120,
            "5856" : 139,
            "5920" : 154,
            "5984" : 150,
            "6048" : 121,
            "6112" : 144,
            "6176" : 150,
            "6240" : 159,
            "6304" : 131,
            "6368" : 113,
            "6432" : 122,
            "6496" : 104,
            "6560" : 92,
            "6624" : 78,
            "6688" : 82,
            "6752" : 62,
            "6816" : 73,
            "6880" : 74,
            "6944" : 54,
            "7008" : 45,
            "7072" : 43,
            "7136" : 32,
            "7200" : 31,
            "7264" : 33,
            "7328" : 30,
            "7392" : 19,
            "7456" : 43,
            "7520" : 35,
            "7584" : 51,
            "7648" : 54,
            "7712" : 57,
            "7776" : 76,
            "7840" : 71,
            "7904" : 102,
            "7968" : 102,
            "8032" : 102,
            "8096" : 109,
            "8160" : 110,
            "8256" : 241,
            "8384" : 214,
            "8512" : 187,
            "8640" : 164,
            "8768" : 135,
            "8896" : 109,
            "9024" : 96,
            "9152" : 82,
            "9280" : 75,
            "9408" : 46,
            "9536" : 47,
            "9664" : 36,
            "9792" : 27,
            "9920" : 36,
            "10048" : 25,
            "10176" : 21,
            "10304" : 23,
            "10432" : 19,
            "10560" : 20,
            "10688" : 14,
            "10816" : 19,
            "10944" : 14,
            "11072" : 16,
            "11200" : 19,
            "11328" : 13,
            "11456" : 19,
            "11584" : 20,
            "11712" : 23,
            "11840" : 15,
            "11968" : 19,
            "12096" : 7,
            "12224" : 16,
            "12352" : 16,
            "12480" : 17,
            "12608" : 15,
            "12736" : 16,
            "12864" : 12,
            "12992" : 10,
            "13120" : 9,
            "13248" : 13,
            "13376" : 12,
            "13504" : 7,
            "13632" : 12,
            "13760" : 12,
            "13888" : 6,
            "14016" : 12,
            "14144" : 9,
            "14272" : 4,
            "14400" : 7,
            "14528" : 14,
            "14656" : 10,
            "14784" : 6,
            "14912" : 6,
            "15040" : 7,
            "15168" : 6,
            "15296" : 7,