{
  "fio version" : "fio-3.39-38-gf18c",
  "timestamp" : 1744238408,
  "timestamp_ms" : 1744238408009,
  "time" : "Wed Apr  9 22:40:08 2025",
  "global options" : {
    "kb_base" : "1024",
    "runtime" : "600"
  },
  "jobs" : [
    {
      "jobname" : "nfsv4-write-1073741824-blk65536-iod16",
      "groupid" : 0,
      "job_start" : 1744238400005,
      "error" : 0,
      "eta" : 0,
      "elapsed" : 9,
      "job options" : {
        "stonewall" : "",
        "rw" : "write",
        "size" : "1073741824",
        "bs" : "65536",
        "iodepth" : "16",
        "filename" : "/scratch/adam/fsbench/nfsv4/nfsv4-write-1073741824-blk65536-iod16.bin"
      },
      "read" : {
        "io_bytes" : 0,
        "io_kbytes" : 0,
        "bw_bytes" : 0,
        "bw" : 0,
        "iops" : 0.000000,
        "runtime" : 0,
        "total_ios" : 0,
        "short_ios" : 0,
        "drop_ios" : 0,
        "slat_ns" : {
          "min" : 0,
          "max" : 0,
          "mean" : 0.000000,
          "stddev" : 0.000000,
          "N" : 0
        },
        "clat_ns" : {
          "min" : 0,
          "max" : 0,
          "mean" : 0.000000,
          "stddev" : 0.000000,
          "N" : 0
        },
        "lat_ns" : {
          "min" : 0,
          "max" : 0,
          "mean" : 0.000000,
          "stddev" : 0.000000,
          "N" : 0
        },
        "bw_min" : 0,
        "bw_max" : 0,
        "bw_agg" : 0.000000,
        "bw_mean" : 0.000000,
        "bw_dev" : 0.000000,
        "bw_samples" : 0,
        "iops_min" : 0,
        "iops_max" : 0,
        "iops_mean" : 0.000000,
        "iops_stddev" : 0.000000,
        "iops_samples" : 0
      },
      "write" : {
        "io_bytes" : 1073741824,
        "io_kbytes" : 1048576,
        "bw_bytes" : 2236962133,
        "bw" : 2184533,
        "iops" : 34133.333333,
        "runtime" : 480,
        "total_ios" : 16384,
        "short_ios" : 0,
        "drop_ios" : 0,
        "slat_ns" : {
          "min" : 0,
          "max" : 0,
          "mean" : 0.000000,
          "stddev" : 0.000000,
          "N" : 0
        },
        "clat_ns" : {
          "min" : 24096,
          "max" : 162240,
          "mean" : 28626.137451,
          "stddev" : 4633.448400,
          "N" : 16384,
          "percentile" : {
            "1.000000" : 24960,
            "5.000000" : 25472,
            "10.000000" : 25728,
            "20.000000" : 25984,
            "30.000000" : 26240,
            "40.000000" : 26496,
            "50.000000" : 27008,
            "60.000000" : 27520,
            "70.000000" : 29312,
            "80.000000" : 30848,
            "90.000000" : 33536,
            "95.000000" : 35584,
            "99.000000" : 43776,
            "99.500000" : 47872,
            "99.900000" : 67072,
            "99.950000" : 102912,
            "99.990000" : 152576
          },
          "bins" : {
            "24192" : 4,
            "24448" : 16,
            "24704" : 80,
            "24960" : 206,
            "25216" : 481,
            "25472" : 772,
            "25728" : 1127,
            "25984" : 1360,
            "26240" : 1422,
            "26496" : 1268,
            "26752" : 1121,
            "27008" : 914,
            "27264" : 653,
            "27520" : 468,
            "27776" : 312,
            "28032" : 241,
            "28288" : 179,
            "28544" : 154,
            "28800" : 165,
            "29056" : 266,
            "29312" : 312,
            "29568" : 371,
            "29824" : 365,
            "30080" : 305,
            "30336" : 285,
            "30592" : 238,
            "30848" : 172,
            "31104" : 142,
            "31360" : 124,
            "31616" : 129,
            "31872" : 140,
            "32128" : 155,
            "32384" : 190,
            "32640" : 192,
            "33024" : 386,
            "33536" : 318,
            "34048" : 211,
            "34560" : 160,
            "35072" : 106,
            "35584" : 88,
            "36096" : 76,
            "36608" : 72,
            "37120" : 62,
            "37632" : 61,
            "38144" : 48,
            "38656" : 50,
            "39168" : 44,
            "39680" : 27,
            "40192" : 33,
            "40704" : 30,
            "41216" : 27,
            "41728" : 16,
            "42240" : 17,
            "42752" : 28,
            "43264" : 19,
            "43776" : 14,
            "44288" : 14,
            "44800" : 12,
            "45312" : 15,
            "45824" : 13,
            "46336" : 6,
            "46848" : 6,
            "47360" : 4,
            "47872" : 12,
            "48384" : 8,
            "48896" : 3,
            "49408" : 4,
            "49920" : 7,
            "50432" : 6,
            "50944" : 1,
            "51456" : 5,
            "51968" : 1,
            "52480" : 3,
            "52992" : 5,
            "53504" : 2,
            "54016" : 2,
            "54528" : 1,
            "56576" : 1,
            "57088" : 2,
            "58624" : 2,
            "59136" : 1,
            "59648" : 3,
            "60160" : 1,
            "61184" : 1,
            "62208" : 1,
            "63232" : 1,
            "65280" : 2,
            "67072" : 2,
            "68096" : 2,
            "73216" : 1,
            "74240" : 1,
            "78336" : 1,
            "79360" : 1,
            "102912" : 2,
            "104960" : 1,
            "116224" : 1,
            "134144" : 1,
            "142336" : 1,
            "144384" : 1,
            "152576" : 1,
            "162816" : 1
          }
        },
        "lat_ns" : {
          "min" : 24417,
          "max" : 162534,
          "mean" : 28965.371216,
          "stddev" : 4663.899513,
          "N" : 16384
        },
        "bw_min" : 2097152,
        "bw_max" : 2097152,
        "bw_agg" : 96.000000,
        "bw_mean" : 2097152.000000,
        "bw_dev" : 0.000000,
        "bw_samples" : 1,
        "iops_min" : 32768,
        "iops_max" : 32768,
        "iops_mean" : 32768.000000,
        "iops_stddev" : 0.000000,
        "iops_samples" : 1
      },
      "trim" : {
        "io_bytes" : 0,
        "io_kbytes" : 0,
        "bw_bytes" : 0,
        "bw" : 0,
        "iops" : 0.000000,
        "runtime" : 0,
        "total_ios" : 0,
        "short_ios" : 0,
        "drop_ios" : 0,
        "slat_ns" : {
          "min" : 0,
          "max" : 0,
          "mean" : 0.000000,
          "stddev" : 0.000000,
          "N" : 0
        },
        "clat_ns" : {
          "min" : 0,
          "max" : 0,
          "mean" : 0.000000,
          "stddev" : 0.000000,
          "N" : 0
        },
        "lat_ns" : {
          "min" : 0,
          "max" : 0,
          "mean" : 0.000000,
          "stddev" : 0.000000,
          "N" : 0
        },
        "bw_min" : 0,
        "bw_max" : 0,
        "bw_agg" : 0.000000,
        "bw_mean" : 0.000000,
        "bw_dev" : 0.000000,
        "bw_samples" : 0,
        "iops_min" : 0,
        "iops_max" : 0,
        "iops_mean" : 0.000000,
        "iops_stddev" : 0.000000,
        "iops_samples" : 0
      },
      "sync" : {
        "total_ios" : 0,
        "lat_ns" : {
          "min" : 0,
          "max" : 0,
          "mean" : 0.000000,
          "stddev" : 0.000000,
          "N" : 0
        }
      },
      "job_runtime" : 479,
      "usr_cpu" : 2.922756,
      "sys_cpu" : 96.659708,
      "ctx" : 1,
      "majf" : 0,
      "minf" : 7,
      "iodepth_level" : {
        "1" : 100.000000,
        "2" : 0.000000,
        "4" : 0.000000,
        "8" : 0.000000,
        "16" : 0.000000,
        "32" : 0.000000,
        ">=64" : 0.000000
      },
      "iodepth_submit" : {
        "0" : 0.000000,
        "4" : 100.000000,
        "8" : 0.000000,
        "16" : 0.000000,
        "32" : 0.000000,
        "64" : 0.000000,
        ">=64" : 0.000000
      },
      "iodepth_complete" : {
        "0" : 0.000000,
        "4" : 100.000000,
        "8" : 0.000000,
        "16" : 0.000000,
        "32" : 0.000000,
        "64" : 0.000000,