{
  "fio version" : "fio-3.39-38-gf18c",
  "timestamp" : 1744238161,
  "timestamp_ms" : 1744238161941,
  "time" : "Wed Apr  9 22:36:01 2025",
  "global options" : {
    "kb_base" : "1024",
    "runtime" : "600"
  },
  "jobs" : [
    {
      "jobname" : "nfsv4-write-4194304-blk4096-iod4",
      "groupid" : 0,
      "job_start" : 1744238161803,
      "error" : 0,
      "eta" : 2147483647,
      "elapsed" : 1,
      "job options" : {
        "stonewall" : "",
        "rw" : "write",
        "size" : "4194304",
        "bs" : "4096",
        "iodepth" : "4",
        "filename" : "/scratch/adam/fsbench/nfsv4/nfsv4-write-4194304-blk4096-iod4.bin"
      },
      "read" : {
        "io_bytes" : 0,
        "io_kbytes" : 0,
        "bw_bytes" : 0,
        "bw" : 0,
        "iops" : 0.000000,
        "runtime" : 0,
        "total_ios" : 0,
        "short_ios" : 0,
        "drop_ios" : 0,
        "slat_ns" : {
          "min" : 0,
          "max" : 0,
          "mean" : 0.000000,
          "stddev" : 0.000000,
          "N" : 0
        },
        "clat_ns" : {
          "min" : 0,
          "max" : 0,
          "mean" : 0.000000,
          "stddev" : 0.000000,
          "N" : 0
        },
        "lat_ns" : {
          "min" : 0,
          "max" : 0,
          "mean" : 0.000000,
          "stddev" : 0.000000,
          "N" : 0
        },
        "bw_min" : 0,
        "bw_max" : 0,
        "bw_agg" : 0.000000,
        "bw_mean" : 0.000000,
        "bw_dev" : 0.000000,
        "bw_samples" : 0,
        "iops_min" : 0,
        "iops_max" : 0,
        "iops_mean" : 0.000000,
        "iops_stddev" : 0.000000,
        "iops_samples" : 0
      },
      "write" : {
        "io_bytes" : 4194304,
        "io_kbytes" : 4096,
        "bw_bytes" : 838860800,
        "bw" : 819200,
        "iops" : 204800.000000,
        "runtime" : 5,
        "total_ios" : 1024,
        "short_ios" : 0,
        "drop_ios" : 0,
        "slat_ns" : {
          "min" : 0,
          "max" : 0,
          "mean" : 0.000000,
          "stddev" : 0.000000,
          "N" : 0
        },
        "clat_ns" : {
          "min" : 1944,
          "max" : 47875,
          "mean" : 2633.881836,
          "stddev" : 1750.420981,
          "N" : 1024,
          "percentile" : {
            "1.000000" : 1976,
            "5.000000" : 2040,
            "10.000000" : 2096,
            "20.000000" : 2192,
            "30.000000" : 2224,
            "40.000000" : 2288,
            "50.000000" : 2352,
            "60.000000" : 2416,
            "70.000000" : 2512,
            "80.000000" : 2736,
            "90.000000" : 3184,
            "95.000000" : 3472,
            "99.000000" : 8640,
            "99.500000" : 9408,
            "99.900000" : 15296,
            "99.950000" : 47872,
            "99.990000" : 47872
          },
          "bins" : {
            "1944" : 1,
            "1960" : 8,
            "1976" : 6,
            "1992" : 7,
            "2008" : 6,
            "2024" : 9,
            "2040" : 19,
            "2064" : 27,
            "2096" : 41,
            "2128" : 41,
            "2160" : 35,
            "2192" : 50,
            "2224" : 64,
            "2256" : 46,
            "2288" : 65,
            "2320" : 57,
            "2352" : 49,
            "2384" : 41,
            "2416" : 49,
            "2448" : 46,
            "2480" : 34,
            "2512" : 25,
            "2544" : 20,
            "2576" : 11,
            "2608" : 18,
            "2640" : 14,
            "2672" : 14,
            "2704" : 11,
            "2736" : 8,
            "2768" : 7,
            "2800" : 10,
            "2832" : 9,
            "2864" : 6,
            "2896" : 3,
            "2928" : 6,
            "2960" : 13,
            "2992" : 2,
            "3024" : 10,
            "3056" : 10,
            "3088" : 5,
            "3120" : 6,
            "3152" : 8,
            "3184" : 9,
            "3216" : 7,
            "3248" : 6,
            "3280" : 7,
            "3312" : 4,
            "3344" : 6,
            "3376" : 6,
            "3408" : 5,
            "3440" : 3,
            "3472" : 5,
            "3504" : 3,
            "3536" : 2,
            "3568" : 1,
            "3600" : 3,
            "3632" : 3,
            "3696" : 2,
            "3728" : 3,
            "3760" : 2,
            "3824" : 1,
            "3856" : 1,
            "3888" : 1,
            "3952" : 1,
            "4016" : 1,
            "4048" : 1,
            "4448" : 1,
            "4576" : 2,
            "4640" : 1,
            "4704" : 1,
            "4768" : 1,
            "5344" : 1,
            "7200" : 1,
            "7584" : 1,
            "7904" : 1,
            "8096" : 1,
            "8384" : 1,
            "8512" : 1,
            "8640" : 1,
            "8768" : 2,
            "8896" : 2,
            "9408" : 1,
            "11584" : 1,
            "11840" : 1,
            "14528" : 1,
            "15296" : 1,
            "47872" : 1
          }
        },
        "lat_ns" : {
          "min" : 1984,
          "max" : 49205,
          "mean" : 2677.301758,
          "stddev" : 1785.558977,
          "N" : 1024
        },
        "bw_min" : 0,
        "bw_max" : 0,
        "bw_agg" : 0.000000,
        "bw_mean" : 0.000000,
        "bw_dev" : 0.000000,
        "bw_samples" : 0,
        "iops_min" : 0,
        "iops_max" : 0,
        "iops_mean" : 0.000000,
        "iops_stddev" : 0.000000,
        "iops_samples" : 0
      },
      "trim" : {
        "io_bytes" : 0,
        "io_kbytes" : 0,
        "bw_bytes" : 0,
        "bw" : 0,
        "iops" : 0.000000,
        "runtime" : 0,
        "total_ios" : 0,
        "short_ios" : 0,
        "drop_ios" : 0,
        "slat_ns" : {
          "min" : 0,
          "max" : 0,
          "mean" : 0.000000,
          "stddev" : 0.000000,
          "N" : 0
        },
        "clat_ns" : {
          "min" : 0,
          "max" : 0,
          "mean" : 0.000000,
          "stddev" : 0.000000,
          "N" : 0
        },
        "lat_ns" : {
          "min" : 0,
          "max" : 0,
          "mean" : 0.000000,
          "stddev" : 0.000000,
          "N" : 0
        },
        "bw_min" : 0,
        "bw_max" : 0,
        "bw_agg" : 0.000000,
        "bw_mean" : 0.000000,
        "bw_dev" : 0.000000,
        "bw_samples" : 0,
        "iops_min" : 0,
        "iops_max" : 0,
        "iops_mean" : 0.000000,
        "iops_stddev" : 0.000000,
        "iops_samples" : 0
      },
      "sync" : {
        "total_ios" : 0,
        "lat_ns" : {
          "min" : 0,
          "max" : 0,
          "mean" : 0.000000,
          "stddev" : 0.000000,
          "N" : 0
        }
      },
      "job_runtime" : 4,
      "usr_cpu" : 0.000000,
      "sys_cpu" : 50.000000,
      "ctx" : 1,
      "majf" : 0,
      "minf" : 8,
      "iodepth_level" : {
        "1" : 100.000000,
        "2" : 0.000000,
        "4" : 0.000000,
        "8" : 0.000000,
        "16" : 0.000000,
        "32" : 0.000000,
        ">=64" : 0.000000
      },
      "iodepth_submit" : {
        "0" : 0.000000,
        "4" : 100.000000,
        "8" : 0.000000,
        "16" : 0.000000,
        "32" : 0.000000,
        "64" : 0.000000,
        ">=64" : 0.000000
      },
      "iodepth_complete" : {
        "0" : 0.000000,
        "4" : 100.000000,
        "8" : 0.000000,
        "16" : 0.000000,
        "32" : 0.000000,
        "64" : 0.000000,
        ">=64" : 0.000000
      },
      "latency_ns" : {
        "2" : 0.000000,
        "4" : 0.000000,
        "10" : 0.000000,
        "20" : 0.000000,
        "50" : 0.000000,
        "100" : 0.000000,
        "250" : 0.000000,
        "500" : 0.000000,
        "750" : 0.000000,
        "1000" : 0.000000
      },
      "latency_us" : {
        "2" : 2.148438,
        "4" : 95.312500,
        "10" : 2.050781,
        "20" : 0.390625,
        "50" : 0.097656,
        "100" : 0.000000,
        "250" : 0.000000,
        "500" : 0.000000,
        "750" : 0.000000,
        "1000" : 0.000000
      },