{
  "fio version" : "fio-3.39-38-gf18c",
  "timestamp" : 1744238163,
  "timestamp_ms" : 1744238163685,
  "time" : "Wed Apr  9 22:36:03 2025",
  "global options" : {
    "kb_base" : "1024",
    "runtime" : "600"
  },
  "jobs" : [
    {
      "jobname" : "nfsv3-write-4194304-blk4096-iod16",
      "groupid" : 0,
      "job_start" : 1744238163545,
      "error" : 0,
      "eta" : 2147483647,
      "elapsed" : 1,
      "job options" : {
        "stonewall" : "",
        "rw" : "write",
        "size" : "4194304",
        "bs" : "4096",
        "iodepth" : "16",
        "filename" : "/nfsv3/scratch/adam/fsbench/nfsv3/nfsv3-write-4194304-blk4096-iod16.bin"
      },
      "read" : {
        "io_bytes" : 0,
        "io_kbytes" : 0,
        "bw_bytes" : 0,
        "bw" : 0,
        "iops" : 0.000000,
        "runtime" : 0,
        "total_ios" : 0,
        "short_ios" : 0,
        "drop_ios" : 0,
        "slat_ns" : {
          "min" : 0,
          "max" : 0,
          "mean" : 0.000000,
          "stddev" : 0.000000,
          "N" : 0
        },
        "clat_ns" : {
          "min" : 0,
          "max" : 0,
          "mean" : 0.000000,
          "stddev" : 0.000000,
          "N" : 0
        },
        "lat_ns" : {
          "min" : 0,
          "max" : 0,
          "mean" : 0.000000,
          "stddev" : 0.000000,
          "N" : 0
        },
        "bw_min" : 0,
        "bw_max" : 0,
        "bw_agg" : 0.000000,
        "bw_mean" : 0.000000,
        "bw_dev" : 0.000000,
        "bw_samples" : 0,
        "iops_min" : 0,
        "iops_max" : 0,
        "iops_mean" : 0.000000,
        "iops_stddev" : 0.000000,
        "iops_samples" : 0
      },
      "write" : {
        "io_bytes" : 4194304,
        "io_kbytes" : 4096,
        "bw_bytes" : 838860800,
        "bw" : 819200,
        "iops" : 204800.000000,
        "runtime" : 5,
        "total_ios" : 1024,
        "short_ios" : 0,
        "drop_ios" : 0,
        "slat_ns" : {
          "min" : 0,
          "max" : 0,
          "mean" : 0.000000,
          "stddev" : 0.000000,
          "N" : 0
        },
        "clat_ns" : {
          "min" : 1871,
          "max" : 25011,
          "mean" : 2476.847656,
          "stddev" : 1555.725143,
          "N" : 1024,
          "percentile" : {
            "1.000000" : 1912,
            "5.000000" : 1976,
            "10.000000" : 2008,
            "20.000000" : 2064,
            "30.000000" : 2096,
            "40.000000" : 2128,
            "50.000000" : 2192,
            "60.000000" : 2224,
            "70.000000" : 2288,
            "80.000000" : 2416,
            "90.000000" : 2896,
            "95.000000" : 3152,
            "99.000000" : 8640,
            "99.500000" : 12736,
            "99.900000" : 24192,
            "99.950000" : 24960,
            "99.990000" : 24960
          },
          "bins" : {
            "1864" : 1,
            "1880" : 1,
            "1896" : 7,
            "1912" : 8,
            "1928" : 11,
            "1944" : 2,
            "1960" : 15,
            "1976" : 21,
            "1992" : 16,
            "2008" : 30,
            "2024" : 25,
            "2040" : 31,
            "2064" : 87,
            "2096" : 74,
            "2128" : 87,
            "2160" : 85,
            "2192" : 74,
            "2224" : 63,
            "2256" : 58,
            "2288" : 40,
            "2320" : 30,
            "2352" : 22,
            "2384" : 21,
            "2416" : 20,
            "2448" : 17,
            "2480" : 7,
            "2512" : 11,
            "2544" : 4,
            "2576" : 6,
            "2640" : 1,
            "2672" : 3,
            "2704" : 6,
            "2736" : 3,
            "2768" : 5,
            "2800" : 7,
            "2832" : 6,
            "2864" : 12,
            "2896" : 7,
            "2928" : 10,
            "2960" : 5,
            "2992" : 13,
            "3024" : 8,
            "3056" : 5,
            "3088" : 4,
            "3120" : 2,
            "3152" : 6,
            "3184" : 1,
            "3216" : 1,
            "3248" : 2,
            "3280" : 2,
            "3312" : 1,
            "3344" : 1,
            "3376" : 2,
            "3472" : 2,
            "3536" : 2,
            "3632" : 1,
            "3664" : 1,
            "3728" : 1,
            "3792" : 1,
            "4016" : 1,
            "4080" : 1,
            "4128" : 1,
            "4704" : 1,
            "5024" : 1,
            "5152" : 1,
            "6304" : 1,
            "7456" : 1,
            "7776" : 1,
            "7904" : 2,
            "8096" : 2,
            "8160" : 1,
            "8256" : 1,
            "8384" : 1,
            "8512" : 1,
            "8640" : 3,
            "8896" : 1,
            "9408" : 1,
            "10560" : 1,
            "12736" : 1,
            "13888" : 1,
            "17024" : 1,
            "19840" : 1,
            "24192" : 1,
            "24960" : 1
          }
        },
        "lat_ns" : {
          "min" : 1909,
          "max" : 26336,
          "mean" : 2518.406250,
          "stddev" : 1574.811833,
          "N" : 1024
        },
        "bw_min" : 0,
        "bw_max" : 0,
        "bw_agg" : 0.000000,
        "bw_mean" : 0.000000,
        "bw_dev" : 0.000000,
        "bw_samples" : 0,
        "iops_min" : 0,
        "iops_max" : 0,
        "iops_mean" : 0.000000,
        "iops_stddev" : 0.000000,
        "iops_samples" : 0
      },
      "trim" : {
        "io_bytes" : 0,
        "io_kbytes" : 0,
        "bw_bytes" : 0,
        "bw" : 0,
        "iops" : 0.000000,
        "runtime" : 0,
        "total_ios" : 0,
        "short_ios" : 0,
        "drop_ios" : 0,
        "slat_ns" : {
          "min" : 0,
          "max" : 0,
          "mean" : 0.000000,
          "stddev" : 0.000000,
          "N" : 0
        },
        "clat_ns" : {
          "min" : 0,
          "max" : 0,
          "mean" : 0.000000,
          "stddev" : 0.000000,
          "N" : 0
        },
        "lat_ns" : {
          "min" : 0,
          "max" : 0,
          "mean" : 0.000000,
          "stddev" : 0.000000,
          "N" : 0
        },
        "bw_min" : 0,
        "bw_max" : 0,
        "bw_agg" : 0.000000,
        "bw_mean" : 0.000000,
        "bw_dev" : 0.000000,
        "bw_samples" : 0,
        "iops_min" : 0,
        "iops_max" : 0,
        "iops_mean" : 0.000000,
        "iops_stddev" : 0.000000,
        "iops_samples" : 0
      },
      "sync" : {
        "total_ios" : 0,
        "lat_ns" : {
          "min" : 0,
          "max" : 0,
          "mean" : 0.000000,
          "stddev" : 0.000000,
          "N" : 0
        }
      },
      "job_runtime" : 4,
      "usr_cpu" : 0.000000,
      "sys_cpu" : 50.000000,
      "ctx" : 2,
      "majf" : 0,
      "minf" : 7,
      "iodepth_level" : {
        "1" : 100.000000,
        "2" : 0.000000,
        "4" : 0.000000,
        "8" : 0.000000,
        "16" : 0.000000,
        "32" : 0.000000,
        ">=64" : 0.000000
      },
      "iodepth_submit" : {
        "0" : 0.000000,
        "4" : 100.000000,
        "8" : 0.000000,
        "16" : 0.000000,
        "32" : 0.000000,
        "64" : 0.000000,
        ">=64" : 0.000000
      },
      "iodepth_complete" : {
        "0" : 0.000000,
        "4" : 100.000000,
        "8" : 0.000000,
        "16" : 0.000000,
        "32" : 0.000000,
        "64" : 0.000000,
        ">=64" : 0.000000
      },
      "latency_ns" : {
        "2" : 0.000000,
        "4" : 0.000000,
        "10" : 0.000000,
        "20" : 0.000000,
        "50" : 0.000000,
        "100" : 0.000000,
        "250" : 0.000000,
        "500" : 0.000000,
        "750" : 0.000000,
        "1000" : 0.000000
      },
      "latency_us" : {
        "2" : 8.007812,
        "4" : 89.160156,
        "10" : 2.148438,
        "20" : 0.488281,
        "50" : 0.195312,
        "100" : 0.000000,
        "250" : 0.000000,
        "500" : 0.000000,
        "750" : 0.000000,
        "1000" : 0.000000
      },
      "latency_ms" : {
        "2" : 0.000000,
        "4" : 0.000000,