{
  "fio version" : "fio-3.39-38-gf18c",
  "timestamp" : 1744238156,
  "timestamp_ms" : 1744238156754,
  "time" : "Wed Apr  9 22:35:56 2025",
  "global options" : {
    "kb_base" : "1024",
    "runtime" : "600"
  },
  "jobs" : [
    {
      "jobname" : "nfsv4-write-4194304-blk256-iod1",
      "groupid" : 0,
      "job_start" : 1744238156616,
      "error" : 0,
      "eta" : 2147483647,
      "elapsed" : 1,
      "job options" : {
        "stonewall" : "",
        "rw" : "write",
        "size" : "4194304",
        "bs" : "256",
        "iodepth" : "1",
        "filename" : "/scratch/adam/fsbench/nfsv4/nfsv4-write-4194304-blk256-iod1.bin"
      },
      "read" : {
        "io_bytes" : 0,
        "io_kbytes" : 0,
        "bw_bytes" : 0,
        "bw" : 0,
        "iops" : 0.000000,
        "runtime" : 0,
        "total_ios" : 0,
        "short_ios" : 0,
        "drop_ios" : 0,
        "slat_ns" : {
          "min" : 0,
          "max" : 0,
          "mean" : 0.000000,
          "stddev" : 0.000000,
          "N" : 0
        },
        "clat_ns" : {
          "min" : 0,
          "max" : 0,
          "mean" : 0.000000,
          "stddev" : 0.000000,
          "N" : 0
        },
        "lat_ns" : {
          "min" : 0,
          "max" : 0,
          "mean" : 0.000000,
          "stddev" : 0.000000,
          "N" : 0
        },
        "bw_min" : 0,
        "bw_max" : 0,
        "bw_agg" : 0.000000,
        "bw_mean" : 0.000000,
        "bw_dev" : 0.000000,
        "bw_samples" : 0,
        "iops_min" : 0,
        "iops_max" : 0,
        "iops_mean" : 0.000000,
        "iops_stddev" : 0.000000,
        "iops_samples" : 0
      },
      "write" : {
        "io_bytes" : 4194304,
        "io_kbytes" : 4096,
        "bw_bytes" : 199728761,
        "bw" : 195047,
        "iops" : 780190.476190,
        "runtime" : 21,
        "total_ios" : 16384,
        "short_ios" : 0,
        "drop_ios" : 0,
        "slat_ns" : {
          "min" : 0,
          "max" : 0,
          "mean" : 0.000000,
          "stddev" : 0.000000,
          "N" : 0
        },
        "clat_ns" : {
          "min" : 769,
          "max" : 24904,
          "mean" : 965.558655,
          "stddev" : 590.449884,
          "N" : 16384,
          "percentile" : {
            "1.000000" : 780,
            "5.000000" : 788,
            "10.000000" : 788,
            "20.000000" : 796,
            "30.000000" : 804,
            "40.000000" : 852,
            "50.000000" : 876,
            "60.000000" : 884,
            "70.000000" : 892,
            "80.000000" : 900,
            "90.000000" : 956,
            "95.000000" : 1944,
            "99.000000" : 2640,
            "99.500000" : 3248,
            "99.900000" : 9024,
            "99.950000" : 10688,
            "99.990000" : 21632
          },
          "bins" : {
            "772" : 10,
            "780" : 428,
            "788" : 1480,
            "796" : 1782,
            "804" : 1467,
            "812" : 416,
            "820" : 209,
            "828" : 126,
            "836" : 138,
            "844" : 473,
            "852" : 237,
            "860" : 562,
            "868" : 521,
            "876" : 1094,
            "884" : 1760,
            "892" : 1880,
            "900" : 958,
            "908" : 357,
            "916" : 163,
            "924" : 62,
            "932" : 80,
            "940" : 178,
            "948" : 220,
            "956" : 237,
            "964" : 119,
            "972" : 60,
            "980" : 23,
            "988" : 17,
            "996" : 16,
            "1004" : 8,
            "1012" : 9,
            "1020" : 8,
            "1032" : 6,
            "1048" : 5,
            "1064" : 4,
            "1080" : 4,
            "1096" : 8,
            "1112" : 12,
            "1128" : 8,
            "1144" : 12,
            "1160" : 9,
            "1176" : 16,
            "1192" : 10,
            "1208" : 12,
            "1224" : 6,
            "1240" : 16,
            "1256" : 7,
            "1272" : 9,
            "1288" : 10,
            "1304" : 12,
            "1320" : 7,
            "1336" : 6,
            "1352" : 7,
            "1368" : 5,
            "1384" : 3,
            "1400" : 4,
            "1416" : 2,
            "1432" : 2,
            "1448" : 1,
            "1480" : 2,
            "1496" : 1,
            "1544" : 2,
            "1560" : 2,
            "1576" : 3,
            "1592" : 1,
            "1608" : 2,
            "1640" : 1,
            "1656" : 2,
            "1672" : 2,
            "1688" : 3,
            "1704" : 5,
            "1720" : 5,
            "1736" : 8,
            "1752" : 7,
            "1768" : 7,
            "1784" : 12,
            "1800" : 17,
            "1816" : 15,
            "1832" : 17,
            "1848" : 15,
            "1864" : 19,
            "1880" : 19,
            "1896" : 27,
            "1912" : 25,
            "1928" : 18,
            "1944" : 27,
            "1960" : 25,
            "1976" : 19,
            "1992" : 33,
            "2008" : 21,
            "2024" : 36,
            "2040" : 33,
            "2064" : 53,
            "2096" : 46,
            "2128" : 51,
            "2160" : 52,
            "2192" : 38,
            "2224" : 22,
            "2256" : 37,
            "2288" : 23,
            "2320" : 21,
            "2352" : 19,
            "2384" : 16,
            "2416" : 21,
            "2448" : 13,
            "2480" : 13,
            "2512" : 18,
            "2544" : 21,
            "2576" : 9,
            "2608" : 6,
            "2640" : 12,
            "2672" : 5,
            "2704" : 7,
            "2736" : 5,
            "2768" : 6,
            "2800" : 4,
            "2832" : 9,
            "2864" : 2,
            "2896" : 2,
            "2928" : 3,
            "2960" : 5,
            "2992" : 5,
            "3024" : 4,
            "3056" : 4,
            "3088" : 3,
            "3120" : 3,
            "3152" : 3,
            "3184" : 4,
            "3216" : 2,
            "3248" : 4,
            "3280" : 2,
            "3312" : 3,
            "3344" : 4,
            "3376" : 1,
            "3408" : 2,
            "3440" : 2,
            "3472" : 2,
            "3600" : 1,
            "3632" : 1,
            "3664" : 3,
            "3792" : 1,
            "3856" : 1,
            "3888" : 1,
            "3952" : 1,
            "4048" : 1,
            "4080" : 2,
            "4192" : 2,
            "4256" : 2,
            "4384" : 2,
            "4448" : 2,
            "4576" : 1,
            "4768" : 1,
            "4832" : 1,
            "4960" : 1,
            "5088" : 2,
            "5152" : 1,
            "5216" : 2,
            "5344" : 2,
            "5472" : 1,
            "5664" : 2,
            "5728" : 1,
            "5856" : 1,
            "5920" : 1,
            "7072" : 1,
            "7520" : 1,
            "7584" : 1,
            "8096" : 3,
            "8256" : 1,
            "8640" : 2,
            "8768" : 1,
            "8896" : 1,
            "9024" : 1,
            "9280" : 1,
            "9536" : 3,
            "9920" : 1,
            "10432" : 1,
            "10560" : 1,
            "10688" : 1,
            "10944" : 1,
            "11072" : 1,
            "12608" : 2,
            "17024" : 1,
            "18816" : 1,
            "21632" : 1,
            "24960" : 1
          }
        },
        "lat_ns" : {
          "min" : 801,
          "max" : 26226,
          "mean" : 996.339294,
          "stddev" : 594.409752,
          "N" : 16384
        },
        "bw_min" : 0,
        "bw_max" : 0,
        "bw_agg" : 0.000000,
        "bw_mean" : 0.000000,
        "bw_dev" : 0.000000,
        "bw_samples" : 0,
        "iops_min" : 0,
        "iops_max" : 0,
        "iops_mean" : 0.000000,
        "iops_stddev" : 0.000000,
        "iops_samples" : 0
      },
      "trim" : {
        "io_bytes" : 0,
        "io_kbytes" : 0,
        "bw_bytes" : 0,
        "bw" : 0,
        "iops" : 0.000000,
        "runtime" : 0,