{
  "fio version" : "fio-3.39-38-gf18c",
  "timestamp" : 1744238159,
  "timestamp_ms" : 1744238159771,
  "time" : "Wed Apr  9 22:35:59 2025",
  "global options" : {
    "kb_base" : "1024",
    "runtime" : "600"
  },
  "jobs" : [
    {
      "jobname" : "nfsv3-write-4194304-blk256-iod16",
      "groupid" : 0,
      "job_start" : 1744238159631,
      "error" : 0,
      "eta" : 2147483647,
      "elapsed" : 1,
      "job options" : {
        "stonewall" : "",
        "rw" : "write",
        "size" : "4194304",
        "bs" : "256",
        "iodepth" : "16",
        "filename" : "/nfsv3/scratch/adam/fsbench/nfsv3/nfsv3-write-4194304-blk256-iod16.bin"
      },
      "read" : {
        "io_bytes" : 0,
        "io_kbytes" : 0,
        "bw_bytes" : 0,
        "bw" : 0,
        "iops" : 0.000000,
        "runtime" : 0,
        "total_ios" : 0,
        "short_ios" : 0,
        "drop_ios" : 0,
        "slat_ns" : {
          "min" : 0,
          "max" : 0,
          "mean" : 0.000000,
          "stddev" : 0.000000,
          "N" : 0
        },
        "clat_ns" : {
          "min" : 0,
          "max" : 0,
          "mean" : 0.000000,
          "stddev" : 0.000000,
          "N" : 0
        },
        "lat_ns" : {
          "min" : 0,
          "max" : 0,
          "mean" : 0.000000,
          "stddev" : 0.000000,
          "N" : 0
        },
        "bw_min" : 0,
        "bw_max" : 0,
        "bw_agg" : 0.000000,
        "bw_mean" : 0.000000,
        "bw_dev" : 0.000000,
        "bw_samples" : 0,
        "iops_min" : 0,
        "iops_max" : 0,
        "iops_mean" : 0.000000,
        "iops_stddev" : 0.000000,
        "iops_samples" : 0
      },
      "write" : {
        "io_bytes" : 4194304,
        "io_kbytes" : 4096,
        "bw_bytes" : 190650181,
        "bw" : 186181,
        "iops" : 744727.272727,
        "runtime" : 22,
        "total_ios" : 16384,
        "short_ios" : 0,
        "drop_ios" : 0,
        "slat_ns" : {
          "min" : 0,
          "max" : 0,
          "mean" : 0.000000,
          "stddev" : 0.000000,
          "N" : 0
        },
        "clat_ns" : {
          "min" : 769,
          "max" : 26557,
          "mean" : 963.876221,
          "stddev" : 606.952594,
          "N" : 16384,
          "percentile" : {
            "1.000000" : 780,
            "5.000000" : 780,
            "10.000000" : 788,
            "20.000000" : 788,
            "30.000000" : 796,
            "40.000000" : 836,
            "50.000000" : 860,
            "60.000000" : 868,
            "70.000000" : 868,
            "80.000000" : 884,
            "90.000000" : 1048,
            "95.000000" : 1912,
            "99.000000" : 2800,
            "99.500000" : 3408,
            "99.900000" : 8896,
            "99.950000" : 11584,
            "99.990000" : 20352
          },
          "bins" : {
            "772" : 42,
            "780" : 1589,
            "788" : 2704,
            "796" : 870,
            "804" : 346,
            "812" : 222,
            "820" : 257,
            "828" : 237,
            "836" : 306,
            "844" : 542,
            "852" : 463,
            "860" : 967,
            "868" : 3089,
            "876" : 1157,
            "884" : 433,
            "892" : 254,
            "900" : 128,
            "908" : 69,
            "916" : 53,
            "924" : 239,
            "932" : 394,
            "940" : 103,
            "948" : 91,
            "956" : 52,
            "964" : 20,
            "972" : 17,
            "980" : 14,
            "988" : 13,
            "996" : 11,
            "1004" : 13,
            "1012" : 10,
            "1020" : 14,
            "1032" : 11,
            "1048" : 24,
            "1064" : 19,
            "1080" : 22,
            "1096" : 23,
            "1112" : 27,
            "1128" : 33,
            "1144" : 27,
            "1160" : 39,
            "1176" : 38,
            "1192" : 41,
            "1208" : 22,
            "1224" : 24,
            "1240" : 25,
            "1256" : 27,
            "1272" : 18,
            "1288" : 21,
            "1304" : 11,
            "1320" : 14,
            "1336" : 16,
            "1352" : 16,
            "1368" : 11,
            "1384" : 11,
            "1400" : 5,
            "1416" : 5,
            "1432" : 4,
            "1448" : 5,
            "1464" : 10,
            "1480" : 2,
            "1496" : 2,
            "1512" : 6,
            "1528" : 1,
            "1544" : 3,
            "1560" : 3,
            "1576" : 1,
            "1592" : 3,
            "1608" : 2,
            "1624" : 2,
            "1640" : 3,
            "1656" : 6,
            "1672" : 6,
            "1688" : 6,
            "1704" : 7,
            "1720" : 8,
            "1736" : 15,
            "1752" : 15,
            "1768" : 18,
            "1784" : 16,
            "1800" : 19,
            "1816" : 28,
            "1832" : 19,
            "1848" : 31,
            "1864" : 19,
            "1880" : 32,
            "1896" : 23,
            "1912" : 28,
            "1928" : 27,
            "1944" : 26,
            "1960" : 23,
            "1976" : 32,
            "1992" : 28,
            "2008" : 22,
            "2024" : 25,
            "2040" : 22,
            "2064" : 38,
            "2096" : 48,
            "2128" : 29,
            "2160" : 34,
            "2192" : 30,
            "2224" : 21,
            "2256" : 21,
            "2288" : 20,
            "2320" : 22,
            "2352" : 16,
            "2384" : 20,
            "2416" : 15,
            "2448" : 14,
            "2480" : 15,
            "2512" : 15,
            "2544" : 13,
            "2576" : 10,
            "2608" : 7,
            "2640" : 9,
            "2672" : 9,
            "2704" : 5,
            "2736" : 8,
            "2768" : 4,
            "2800" : 8,
            "2832" : 5,
            "2864" : 7,
            "2896" : 10,
            "2928" : 5,
            "2960" : 3,
            "2992" : 6,
            "3024" : 5,
            "3056" : 4,
            "3088" : 2,
            "3120" : 3,
            "3152" : 4,
            "3184" : 5,
            "3216" : 3,
            "3248" : 2,
            "3280" : 6,
            "3312" : 1,
            "3344" : 1,
            "3376" : 1,
            "3408" : 2,
            "3440" : 4,
            "3504" : 1,
            "3536" : 1,
            "3600" : 3,
            "3696" : 1,
            "3728" : 2,
            "3792" : 2,
            "3824" : 1,
            "3856" : 2,
            "3888" : 1,
            "4016" : 1,
            "4080" : 3,
            "4128" : 1,
            "4320" : 2,
            "4448" : 2,
            "4640" : 2,
            "4768" : 1,
            "4832" : 1,
            "4896" : 3,
            "5152" : 1,
            "5408" : 3,
            "5472" : 1,
            "5664" : 1,
            "5792" : 1,
            "5856" : 2,
            "6048" : 2,
            "6752" : 1,
            "6816" : 1,
            "6880" : 2,
            "7520" : 1,
            "7712" : 1,
            "7840" : 1,
            "7968" : 1,
            "8032" : 2,
            "8256" : 1,
            "8384" : 3,
            "8512" : 1,
            "8640" : 1,
            "8768" : 1,
            "8896" : 3,
            "9024" : 1,
            "9280" : 2,
            "9408" : 1,
            "9536" : 1,
            "11072" : 2,
            "11584" : 2,
            "11968" : 1,
            "12224" : 1,
            "12864" : 1,
            "13632" : 1,
            "16192" : 1,
            "20352" : 1,
            "26496" : 1
          }
        },
        "lat_ns" : {
          "min" : 798,
          "max" : 28013,
          "mean" : 995.714355,
          "stddev" : 615.163251,
          "N" : 16384
        },
        "bw_min" : 0,
        "bw_max" : 0,
        "bw_agg" : 0.000000,
        "bw_mean" : 0.000000,
        "bw_dev" : 0.000000,
        "bw_samples" : 0,
        "iops_min" : 0,
        "iops_max" : 0,
        "iops_mean" : 0.000000,
        "iops_stddev" : 0.000000,