{
  "fio version" : "fio-3.39-38-gf18c",
  "timestamp" : 1744415678,
  "timestamp_ms" : 1744415678685,
  "time" : "Fri Apr 11 23:54:38 2025",
  "global options" : {
    "kb_base" : "1024",
    "runtime" : "600s"
  },
  "jobs" : [
    {
      "jobname" : "nfsv3-randwrite-17179869184-blk1048576-iod4",
      "groupid" : 0,
      "job_start" : 1744415549802,
      "error" : 0,
      "eta" : 0,
      "elapsed" : 129,
      "job options" : {
        "stonewall" : "",
        "rw" : "randwrite",
        "size" : "17179869184",
        "bs" : "1048576",
        "iodepth" : "4",
        "filename" : "/nfsv3/scratch/adam/fsbench/nfsv3/nfsv3-randwrite-17179869184-blk1048576-iod4.bin"
      },
      "read" : {
        "io_bytes" : 0,
        "io_kbytes" : 0,
        "bw_bytes" : 0,
        "bw" : 0,
        "iops" : 0.000000,
        "runtime" : 0,
        "total_ios" : 0,
        "short_ios" : 0,
        "drop_ios" : 0,
        "slat_ns" : {
          "min" : 0,
          "max" : 0,
          "mean" : 0.000000,
          "stddev" : 0.000000,
          "N" : 0
        },
        "clat_ns" : {
          "min" : 0,
          "max" : 0,
          "mean" : 0.000000,
          "stddev" : 0.000000,
          "N" : 0
        },
        "lat_ns" : {
          "min" : 0,
          "max" : 0,
          "mean" : 0.000000,
          "stddev" : 0.000000,
          "N" : 0
        },
        "bw_min" : 0,
        "bw_max" : 0,
        "bw_agg" : 0.000000,
        "bw_mean" : 0.000000,
        "bw_dev" : 0.000000,
        "bw_samples" : 0,
        "iops_min" : 0,
        "iops_max" : 0,
        "iops_mean" : 0.000000,
        "iops_stddev" : 0.000000,
        "iops_samples" : 0
      },
      "write" : {
        "io_bytes" : 17179869184,
        "io_kbytes" : 16777216,
        "bw_bytes" : 178286538,
        "bw" : 174107,
        "iops" : 170.027293,
        "runtime" : 96361,
        "total_ios" : 16384,
        "short_ios" : 0,
        "drop_ios" : 0,
        "slat_ns" : {
          "min" : 0,
          "max" : 0,
          "mean" : 0.000000,
          "stddev" : 0.000000,
          "N" : 0
        },
        "clat_ns" : {
          "min" : 386793,
          "max" : 31400519,
          "mean" : 5849731.861084,
          "stddev" : 6268753.083239,
          "N" : 16384,
          "percentile" : {
            "1.000000" : 403456,
            "5.000000" : 419840,
            "10.000000" : 428032,
            "20.000000" : 456704,
            "30.000000" : 505856,
            "40.000000" : 577536,
            "50.000000" : 708608,
            "60.000000" : 8847360,
            "70.000000" : 9764864,
            "80.000000" : 9895936,
            "90.000000" : 16318464,
            "95.000000" : 17170432,
            "99.000000" : 18219008,
            "99.500000" : 18219008,
            "99.900000" : 31064064,
            "99.950000" : 31064064,
            "99.990000" : 31064064
          },
          "bins" : {
            "387072" : 3,
            "391168" : 11,
            "395264" : 30,
            "399360" : 47,
            "403456" : 97,
            "407552" : 162,
            "411648" : 197,
            "415744" : 244,
            "419840" : 263,
            "423936" : 325,
            "428032" : 313,
            "432128" : 295,
            "436224" : 252,
            "440320" : 266,
            "444416" : 259,
            "448512" : 239,
            "452608" : 214,
            "456704" : 194,
            "460800" : 176,
            "464896" : 178,
            "468992" : 186,
            "473088" : 152,
            "477184" : 143,
            "481280" : 146,
            "485376" : 123,
            "489472" : 116,
            "493568" : 96,
            "497664" : 72,
            "501760" : 67,
            "505856" : 55,
            "509952" : 37,
            "514048" : 33,
            "518144" : 50,
            "522240" : 60,
            "528384" : 134,
            "536576" : 194,
            "544768" : 193,
            "552960" : 247,
            "561152" : 244,
            "569344" : 237,
            "577536" : 236,
            "585728" : 210,
            "593920" : 188,
            "602112" : 191,
            "610304" : 155,
            "618496" : 156,
            "626688" : 151,
            "634880" : 107,
            "643072" : 88,
            "651264" : 76,
            "659456" : 57,
            "667648" : 61,
            "675840" : 46,
            "684032" : 33,
            "692224" : 30,
            "700416" : 28,
            "708608" : 39,
            "716800" : 21,
            "724992" : 24,
            "733184" : 19,
            "741376" : 27,
            "749568" : 25,
            "757760" : 24,
            "765952" : 20,
            "774144" : 19,
            "782336" : 24,
            "790528" : 28,
            "798720" : 18,
            "806912" : 15,
            "815104" : 17,
            "823296" : 14,
            "831488" : 20,
            "839680" : 8,
            "847872" : 11,
            "856064" : 14,
            "864256" : 15,
            "872448" : 9,
            "880640" : 14,
            "888832" : 10,
            "897024" : 8,
            "905216" : 10,
            "913408" : 5,
            "921600" : 9,
            "929792" : 12,
            "937984" : 3,
            "946176" : 11,
            "954368" : 7,
            "962560" : 5,
            "970752" : 3,
            "978944" : 5,
            "987136" : 5,
            "995328" : 5,
            "1003520" : 4,
            "1011712" : 1,
            "1019904" : 2,
            "1028096" : 3,
            "1036288" : 5,
            "1044480" : 4,
            "1056768" : 8,
            "1073152" : 6,
            "1089536" : 5,
            "1105920" : 1,
            "1122304" : 1,
            "1138688" : 5,
            "1155072" : 3,
            "1171456" : 4,
            "1187840" : 1,
            "1220608" : 4,
            "1253376" : 1,
            "1269760" : 2,
            "1286144" : 1,
            "1302528" : 1,
            "1335296" : 2,
            "1368064" : 1,
            "1384448" : 1,
            "1728512" : 1,
            "6586368" : 1,
            "6651904" : 1,
            "6717440" : 5,
            "6782976" : 26,
            "6848512" : 127,
            "6914048" : 53,
            "6979584" : 7,
            "7176192" : 1,
            "7503872" : 3,
            "7569408" : 6,
            "7634944" : 7,
            "7700480" : 19,
            "7766016" : 52,
            "7831552" : 122,
            "7897088" : 41,
            "7962624" : 7,
            "8028160" : 2,
            "8093696" : 2,
            "8290304" : 1,
            "8355840" : 5,
            "8454144" : 11,
            "8585216" : 67,
            "8716288" : 331,
            "8847360" : 1303,
            "8978432" : 95,
            "9109504" : 18,
            "9240576" : 2,
            "9371648" : 2,
            "9502720" : 13,
            "9633792" : 116,
            "9764864" : 1215,
            "9895936" : 750,
            "10027008" : 53,
            "10158080" : 3,
            "10289152" : 2,
            "10420224" : 1,
            "10551296" : 4,
            "10682368" : 42,
            "10813440" : 174,
            "10944512" : 24,
            "11075584" : 3,
            "11337728" : 1,
            "11599872" : 1,
            "11730944" : 1,
            "11862016" : 5,
            "11993088" : 3,
            "12124160" : 3,
            "12255232" : 9,
            "12386304" : 14,
            "12517376" : 1,
            "12648448" : 1,
            "12779520" : 3,
            "12910592" : 4,
            "13041664" : 10,
            "13172736" : 11,
            "13303808" : 110,
            "13434880" : 36,
            "13565952" : 1,
            "13697024" : 1,
            "13828096" : 6,
            "13959168" : 21,
            "14090240" : 23,
            "14221312" : 68,
            "14352384" : 211,
            "14483456" : 18,
            "14614528" : 3,
            "14745600" : 5,