{
  "fio version" : "fio-3.39-38-gf18c",
  "timestamp" : 1744238187,
  "timestamp_ms" : 1744238187841,
  "time" : "Wed Apr  9 22:36:27 2025",
  "global options" : {
    "kb_base" : "1024",
    "runtime" : "600"
  },
  "jobs" : [
    {
      "jobname" : "nfsv4-write-67108864-blk65536-iod4",
      "groupid" : 0,
      "job_start" : 1744238187706,
      "error" : 0,
      "eta" : 2147483647,
      "elapsed" : 1,
      "job options" : {
        "stonewall" : "",
        "rw" : "write",
        "size" : "67108864",
        "bs" : "65536",
        "iodepth" : "4",
        "filename" : "/scratch/adam/fsbench/nfsv4/nfsv4-write-67108864-blk65536-iod4.bin"
      },
      "read" : {
        "io_bytes" : 0,
        "io_kbytes" : 0,
        "bw_bytes" : 0,
        "bw" : 0,
        "iops" : 0.000000,
        "runtime" : 0,
        "total_ios" : 0,
        "short_ios" : 0,
        "drop_ios" : 0,
        "slat_ns" : {
          "min" : 0,
          "max" : 0,
          "mean" : 0.000000,
          "stddev" : 0.000000,
          "N" : 0
        },
        "clat_ns" : {
          "min" : 0,
          "max" : 0,
          "mean" : 0.000000,
          "stddev" : 0.000000,
          "N" : 0
        },
        "lat_ns" : {
          "min" : 0,
          "max" : 0,
          "mean" : 0.000000,
          "stddev" : 0.000000,
          "N" : 0
        },
        "bw_min" : 0,
        "bw_max" : 0,
        "bw_agg" : 0.000000,
        "bw_mean" : 0.000000,
        "bw_dev" : 0.000000,
        "bw_samples" : 0,
        "iops_min" : 0,
        "iops_max" : 0,
        "iops_mean" : 0.000000,
        "iops_stddev" : 0.000000,
        "iops_samples" : 0
      },
      "write" : {
        "io_bytes" : 67108864,
        "io_kbytes" : 65536,
        "bw_bytes" : 1560671255,
        "bw" : 1524093,
        "iops" : 23813.953488,
        "runtime" : 43,
        "total_ios" : 1024,
        "short_ios" : 0,
        "drop_ios" : 0,
        "slat_ns" : {
          "min" : 0,
          "max" : 0,
          "mean" : 0.000000,
          "stddev" : 0.000000,
          "N" : 0
        },
        "clat_ns" : {
          "min" : 26167,
          "max" : 155417,
          "mean" : 38881.004883,
          "stddev" : 8778.708516,
          "N" : 1024,
          "percentile" : {
            "1.000000" : 26752,
            "5.000000" : 27776,
            "10.000000" : 29312,
            "20.000000" : 34560,
            "30.000000" : 36096,
            "40.000000" : 36608,
            "50.000000" : 37632,
            "60.000000" : 38144,
            "70.000000" : 40192,
            "80.000000" : 43776,
            "90.000000" : 46336,
            "95.000000" : 50432,
            "99.000000" : 66048,
            "99.500000" : 72192,
            "99.900000" : 136192,
            "99.950000" : 154624,
            "99.990000" : 154624
          },
          "bins" : {
            "26240" : 2,
            "26496" : 6,
            "26752" : 7,
            "27008" : 9,
            "27264" : 9,
            "27520" : 13,
            "27776" : 18,
            "28032" : 13,
            "28288" : 7,
            "28544" : 6,
            "28800" : 5,
            "29056" : 7,
            "29312" : 3,
            "29568" : 3,
            "29824" : 2,
            "30080" : 2,
            "30336" : 2,
            "30592" : 2,
            "30848" : 7,
            "31104" : 3,
            "31360" : 3,
            "31616" : 3,
            "31872" : 2,
            "32128" : 4,
            "32384" : 5,
            "32640" : 7,
            "33024" : 10,
            "33536" : 19,
            "34048" : 9,
            "34560" : 26,
            "35072" : 24,
            "35584" : 51,
            "36096" : 57,
            "36608" : 76,
            "37120" : 79,
            "37632" : 61,
            "38144" : 58,
            "38656" : 47,
            "39168" : 24,
            "39680" : 20,
            "40192" : 14,
            "40704" : 8,
            "41216" : 8,
            "41728" : 11,
            "42240" : 16,
            "42752" : 24,
            "43264" : 19,
            "43776" : 34,
            "44288" : 23,
            "44800" : 21,
            "45312" : 19,
            "45824" : 10,
            "46336" : 13,
            "46848" : 11,
            "47360" : 3,
            "47872" : 5,
            "48384" : 4,
            "48896" : 5,
            "49408" : 5,
            "49920" : 3,
            "50432" : 6,
            "50944" : 4,
            "51456" : 2,
            "51968" : 3,
            "52480" : 1,
            "53504" : 1,
            "54016" : 2,
            "54528" : 5,
            "55040" : 2,
            "55552" : 3,
            "56064" : 1,
            "57088" : 2,
            "57600" : 1,
            "58112" : 1,
            "59136" : 3,
            "59648" : 1,
            "60160" : 1,
            "60672" : 3,
            "62208" : 1,
            "63744" : 1,
            "64256" : 1,
            "65280" : 1,
            "66048" : 1,
            "67072" : 1,
            "68096" : 2,
            "69120" : 1,
            "72192" : 1,
            "86528" : 1,
            "97792" : 1,
            "99840" : 1,
            "136192" : 1,
            "154624" : 1
          }
        },
        "lat_ns" : {
          "min" : 26515,
          "max" : 155831,
          "mean" : 39353.895508,
          "stddev" : 8865.274121,
          "N" : 1024
        },
        "bw_min" : 0,
        "bw_max" : 0,
        "bw_agg" : 0.000000,
        "bw_mean" : 0.000000,
        "bw_dev" : 0.000000,
        "bw_samples" : 0,
        "iops_min" : 0,
        "iops_max" : 0,
        "iops_mean" : 0.000000,
        "iops_stddev" : 0.000000,
        "iops_samples" : 0
      },
      "trim" : {
        "io_bytes" : 0,
        "io_kbytes" : 0,
        "bw_bytes" : 0,
        "bw" : 0,
        "iops" : 0.000000,
        "runtime" : 0,
        "total_ios" : 0,
        "short_ios" : 0,
        "drop_ios" : 0,
        "slat_ns" : {
          "min" : 0,
          "max" : 0,
          "mean" : 0.000000,
          "stddev" : 0.000000,
          "N" : 0
        },
        "clat_ns" : {
          "min" : 0,
          "max" : 0,
          "mean" : 0.000000,
          "stddev" : 0.000000,
          "N" : 0
        },
        "lat_ns" : {
          "min" : 0,
          "max" : 0,
          "mean" : 0.000000,
          "stddev" : 0.000000,
          "N" : 0
        },
        "bw_min" : 0,
        "bw_max" : 0,
        "bw_agg" : 0.000000,
        "bw_mean" : 0.000000,
        "bw_dev" : 0.000000,
        "bw_samples" : 0,
        "iops_min" : 0,
        "iops_max" : 0,
        "iops_mean" : 0.000000,
        "iops_stddev" : 0.000000,
        "iops_samples" : 0
      },
      "sync" : {
        "total_ios" : 0,
        "lat_ns" : {
          "min" : 0,
          "max" : 0,
          "mean" : 0.000000,
          "stddev" : 0.000000,
          "N" : 0
        }
      },
      "job_runtime" : 42,
      "usr_cpu" : 0.000000,
      "sys_cpu" : 92.857143,
      "ctx" : 2,
      "majf" : 0,
      "minf" : 6,
      "iodepth_level" : {
        "1" : 100.000000,
        "2" : 0.000000,
        "4" : 0.000000,
        "8" : 0.000000,
        "16" : 0.000000,
        "32" : 0.000000,
        ">=64" : 0.000000
      },
      "iodepth_submit" : {
        "0" : 0.000000,
        "4" : 100.000000,
        "8" : 0.000000,
        "16" : 0.000000,
        "32" : 0.000000,
        "64" : 0.000000,
        ">=64" : 0.000000
      },
      "iodepth_complete" : {
        "0" : 0.000000,
        "4" : 100.000000,
        "8" : 0.000000,
        "16" : 0.000000,
        "32" : 0.000000,
        "64" : 0.000000,
        ">=64" : 0.000000
      },
      "latency_ns" : {
        "2" : 0.000000,
        "4" : 0.000000,
        "10" : 0.000000,
        "20" : 0.000000,
        "50" : 0.000000,
        "100" : 0.000000,
        "250" : 0.000000,
        "500" : 0.000000,
        "750" : 0.000000,
        "1000" : 0.000000
      },
      "latency_us" : {
        "2" : 0.000000,