{
  "fio version" : "fio-3.39-38-gf18c",
  "timestamp" : 1744242874,
  "timestamp_ms" : 1744242874023,
  "time" : "Wed Apr  9 23:54:34 2025",
  "global options" : {
    "kb_base" : "1024",
    "runtime" : "600"
  },
  "jobs" : [
    {
      "jobname" : "nfsv4-randwrite-67108864-blk256-iod4",
      "groupid" : 0,
      "job_start" : 1744242856135,
      "error" : 0,
      "eta" : 0,
      "elapsed" : 18,
      "job options" : {
        "stonewall" : "",
        "rw" : "randwrite",
        "size" : "67108864",
        "bs" : "256",
        "iodepth" : "4",
        "filename" : "/scratch/adam/fsbench/nfsv4/nfsv4-randwrite-67108864-blk256-iod4.bin"
      },
      "read" : {
        "io_bytes" : 0,
        "io_kbytes" : 0,
        "bw_bytes" : 0,
        "bw" : 0,
        "iops" : 0.000000,
        "runtime" : 0,
        "total_ios" : 0,
        "short_ios" : 0,
        "drop_ios" : 0,
        "slat_ns" : {
          "min" : 0,
          "max" : 0,
          "mean" : 0.000000,
          "stddev" : 0.000000,
          "N" : 0
        },
        "clat_ns" : {
          "min" : 0,
          "max" : 0,
          "mean" : 0.000000,
          "stddev" : 0.000000,
          "N" : 0
        },
        "lat_ns" : {
          "min" : 0,
          "max" : 0,
          "mean" : 0.000000,
          "stddev" : 0.000000,
          "N" : 0
        },
        "bw_min" : 0,
        "bw_max" : 0,
        "bw_agg" : 0.000000,
        "bw_mean" : 0.000000,
        "bw_dev" : 0.000000,
        "bw_samples" : 0,
        "iops_min" : 0,
        "iops_max" : 0,
        "iops_mean" : 0.000000,
        "iops_stddev" : 0.000000,
        "iops_samples" : 0
      },
      "write" : {
        "io_bytes" : 67108864,
        "io_kbytes" : 65536,
        "bw_bytes" : 3800264,
        "bw" : 3711,
        "iops" : 14844.781698,
        "runtime" : 17659,
        "total_ios" : 262144,
        "short_ios" : 0,
        "drop_ios" : 0,
        "slat_ns" : {
          "min" : 0,
          "max" : 0,
          "mean" : 0.000000,
          "stddev" : 0.000000,
          "N" : 0
        },
        "clat_ns" : {
          "min" : 906,
          "max" : 102938634,
          "mean" : 66880.155735,
          "stddev" : 357205.538612,
          "N" : 262144,
          "percentile" : {
            "1.000000" : 956,
            "5.000000" : 1020,
            "10.000000" : 1128,
            "20.000000" : 1208,
            "30.000000" : 1256,
            "40.000000" : 1304,
            "50.000000" : 1368,
            "60.000000" : 1448,
            "70.000000" : 1576,
            "80.000000" : 1784,
            "90.000000" : 2640,
            "95.000000" : 970752,
            "99.000000" : 1056768,
            "99.500000" : 1073152,
            "99.900000" : 1236992,
            "99.950000" : 1466368,
            "99.990000" : 7766016
          },
          "bins" : {
            "908" : 8,
            "916" : 45,
            "924" : 186,
            "932" : 447,
            "940" : 751,
            "948" : 864,
            "956" : 994,
            "964" : 902,
            "972" : 984,
            "980" : 1027,
            "988" : 1252,
            "996" : 1433,
            "1004" : 1491,
            "1012" : 1428,
            "1020" : 1376,
            "1032" : 2444,
            "1048" : 2239,
            "1064" : 2038,
            "1080" : 1819,
            "1096" : 1936,
            "1112" : 2129,
            "1128" : 2916,
            "1144" : 3827,
            "1160" : 4625,
            "1176" : 5243,
            "1192" : 6192,
            "1208" : 7167,
            "1224" : 8233,
            "1240" : 8553,
            "1256" : 8333,
            "1272" : 8515,
            "1288" : 8668,
            "1304" : 8492,
            "1320" : 7929,
            "1336" : 7018,
            "1352" : 6370,
            "1368" : 6038,
            "1384" : 5568,
            "1400" : 5005,
            "1416" : 4602,
            "1432" : 4263,
            "1448" : 3993,
            "1464" : 3930,
            "1480" : 3708,
            "1496" : 3490,
            "1512" : 3276,
            "1528" : 3397,
            "1544" : 3077,
            "1560" : 3025,
            "1576" : 2874,
            "1592" : 2638,
            "1608" : 2545,
            "1624" : 2480,
            "1640" : 2386,
            "1656" : 2227,
            "1672" : 2212,
            "1688" : 2098,
            "1704" : 1866,
            "1720" : 1837,
            "1736" : 1863,
            "1752" : 1645,
            "1768" : 1545,
            "1784" : 1399,
            "1800" : 1460,
            "1816" : 1373,
            "1832" : 1315,
            "1848" : 1271,
            "1864" : 1160,
            "1880" : 1116,
            "1896" : 1037,
            "1912" : 896,
            "1928" : 932,
            "1944" : 901,
            "1960" : 777,
            "1976" : 776,
            "1992" : 716,
            "2008" : 692,
            "2024" : 696,
            "2040" : 596,
            "2064" : 1153,
            "2096" : 1057,
            "2128" : 941,
            "2160" : 815,
            "2192" : 686,
            "2224" : 655,
            "2256" : 540,
            "2288" : 515,
            "2320" : 472,
            "2352" : 428,
            "2384" : 335,
            "2416" : 309,
            "2448" : 254,
            "2480" : 239,
            "2512" : 225,
            "2544" : 214,
            "2576" : 194,
            "2608" : 197,
            "2640" : 160,
            "2672" : 139,
            "2704" : 137,
            "2736" : 135,
            "2768" : 136,
            "2800" : 118,
            "2832" : 83,
            "2864" : 95,
            "2896" : 85,
            "2928" : 90,
            "2960" : 109,
            "2992" : 65,
            "3024" : 75,
            "3056" : 72,
            "3088" : 91,
            "3120" : 74,
            "3152" : 85,
            "3184" : 70,
            "3216" : 76,
            "3248" : 78,
            "3280" : 90,
            "3312" : 78,
            "3344" : 94,
            "3376" : 97,
            "3408" : 102,
            "3440" : 90,
            "3472" : 96,
            "3504" : 93,
            "3536" : 100,
            "3568" : 100,
            "3600" : 88,
            "3632" : 90,
            "3664" : 111,
            "3696" : 110,
            "3728" : 110,
            "3760" : 111,
            "3792" : 103,
            "3824" : 120,
            "3856" : 110,
            "3888" : 127,
            "3920" : 112,
            "3952" : 107,
            "3984" : 113,
            "4016" : 124,
            "4048" : 124,
            "4080" : 108,
            "4128" : 253,
            "4192" : 245,
            "4256" : 225,
            "4320" : 271,
            "4384" : 245,
            "4448" : 240,
            "4512" : 244,
            "4576" : 250,
            "4640" : 242,
            "4704" : 228,
            "4768" : 219,
            "4832" : 186,
            "4896" : 198,
            "4960" : 140,
            "5024" : 152,
            "5088" : 112,
            "5152" : 103,
            "5216" : 118,
            "5280" : 112,
            "5344" : 80,
            "5408" : 62,
            "5472" : 61,
            "5536" : 43,
            "5600" : 45,
            "5664" : 27,
            "5728" : 36,
            "5792" : 36,
            "5856" : 38,
            "5920" : 27,
            "5984" : 21,
            "6048" : 26,
            "6112" : 21,
            "6176" : 17,
            "6240" : 18,
            "6304" : 17,
            "6368" : 17,
            "6432" : 15,
            "6496" : 17,
            "6560" : 13,
            "6624" : 13,
            "6688" : 13,
            "6752" : 10,
            "6816" : 9,
            "6880" : 14,
            "6944" : 7,
            "7008" : 8,
            "7072" : 12,
            "7136" : 8,
            "7200" : 7,
            "7264" : 11,
            "7328" : 10,
            "7392" : 15,
            "7456" : 15,
            "7584" : 7,
            "7648" : 10,