{
  "fio version" : "fio-3.39-38-gf18c",
  "timestamp" : 1744242800,
  "timestamp_ms" : 1744242800819,
  "time" : "Wed Apr  9 23:53:20 2025",
  "global options" : {
    "kb_base" : "1024",
    "runtime" : "600"
  },
  "jobs" : [
    {
      "jobname" : "nfsv4-randwrite-4194304-blk256-iod4",
      "groupid" : 0,
      "job_start" : 1744242799682,
      "error" : 0,
      "eta" : 2147483647,
      "elapsed" : 2,
      "job options" : {
        "stonewall" : "",
        "rw" : "randwrite",
        "size" : "4194304",
        "bs" : "256",
        "iodepth" : "4",
        "filename" : "/scratch/adam/fsbench/nfsv4/nfsv4-randwrite-4194304-blk256-iod4.bin"
      },
      "read" : {
        "io_bytes" : 0,
        "io_kbytes" : 0,
        "bw_bytes" : 0,
        "bw" : 0,
        "iops" : 0.000000,
        "runtime" : 0,
        "total_ios" : 0,
        "short_ios" : 0,
        "drop_ios" : 0,
        "slat_ns" : {
          "min" : 0,
          "max" : 0,
          "mean" : 0.000000,
          "stddev" : 0.000000,
          "N" : 0
        },
        "clat_ns" : {
          "min" : 0,
          "max" : 0,
          "mean" : 0.000000,
          "stddev" : 0.000000,
          "N" : 0
        },
        "lat_ns" : {
          "min" : 0,
          "max" : 0,
          "mean" : 0.000000,
          "stddev" : 0.000000,
          "N" : 0
        },
        "bw_min" : 0,
        "bw_max" : 0,
        "bw_agg" : 0.000000,
        "bw_mean" : 0.000000,
        "bw_dev" : 0.000000,
        "bw_samples" : 0,
        "iops_min" : 0,
        "iops_max" : 0,
        "iops_mean" : 0.000000,
        "iops_stddev" : 0.000000,
        "iops_samples" : 0
      },
      "write" : {
        "io_bytes" : 4194304,
        "io_kbytes" : 4096,
        "bw_bytes" : 4076097,
        "bw" : 3980,
        "iops" : 15922.254616,
        "runtime" : 1029,
        "total_ios" : 16384,
        "short_ios" : 0,
        "drop_ios" : 0,
        "slat_ns" : {
          "min" : 0,
          "max" : 0,
          "mean" : 0.000000,
          "stddev" : 0.000000,
          "N" : 0
        },
        "clat_ns" : {
          "min" : 875,
          "max" : 1711319,
          "mean" : 62251.485229,
          "stddev" : 237327.576150,
          "N" : 16384,
          "percentile" : {
            "1.000000" : 948,
            "5.000000" : 964,
            "10.000000" : 980,
            "20.000000" : 1012,
            "30.000000" : 1032,
            "40.000000" : 1080,
            "50.000000" : 1160,
            "60.000000" : 1272,
            "70.000000" : 1400,
            "80.000000" : 1560,
            "90.000000" : 2160,
            "95.000000" : 946176,
            "99.000000" : 1011712,
            "99.500000" : 1028096,
            "99.900000" : 1236992,
            "99.950000" : 1318912,
            "99.990000" : 1646592
          },
          "bins" : {
            "876" : 1,
            "924" : 2,
            "932" : 19,
            "940" : 113,
            "948" : 204,
            "956" : 365,
            "964" : 413,
            "972" : 414,
            "980" : 347,
            "988" : 260,
            "996" : 327,
            "1004" : 350,
            "1012" : 516,
            "1020" : 633,
            "1032" : 1122,
            "1048" : 743,
            "1064" : 574,
            "1080" : 476,
            "1096" : 407,
            "1112" : 320,
            "1128" : 283,
            "1144" : 280,
            "1160" : 256,
            "1176" : 229,
            "1192" : 181,
            "1208" : 190,
            "1224" : 244,
            "1240" : 232,
            "1256" : 251,
            "1272" : 182,
            "1288" : 191,
            "1304" : 215,
            "1320" : 207,
            "1336" : 220,
            "1352" : 225,
            "1368" : 197,
            "1384" : 197,
            "1400" : 211,
            "1416" : 170,
            "1432" : 189,
            "1448" : 186,
            "1464" : 168,
            "1480" : 160,
            "1496" : 137,
            "1512" : 148,
            "1528" : 133,
            "1544" : 128,
            "1560" : 132,
            "1576" : 114,
            "1592" : 89,
            "1608" : 81,
            "1624" : 103,
            "1640" : 89,
            "1656" : 95,
            "1672" : 73,
            "1688" : 70,
            "1704" : 71,
            "1720" : 62,
            "1736" : 63,
            "1752" : 51,
            "1768" : 43,
            "1784" : 60,
            "1800" : 43,
            "1816" : 50,
            "1832" : 47,
            "1848" : 38,
            "1864" : 32,
            "1880" : 25,
            "1896" : 33,
            "1912" : 18,
            "1928" : 31,
            "1944" : 19,
            "1960" : 19,
            "1976" : 21,
            "1992" : 25,
            "2008" : 17,
            "2024" : 12,
            "2040" : 14,
            "2064" : 29,
            "2096" : 28,
            "2128" : 21,
            "2160" : 20,
            "2192" : 16,
            "2224" : 16,
            "2256" : 19,
            "2288" : 14,
            "2320" : 12,
            "2352" : 9,
            "2384" : 13,
            "2416" : 9,
            "2448" : 14,
            "2480" : 14,
            "2512" : 3,
            "2544" : 9,
            "2576" : 13,
            "2608" : 8,
            "2640" : 9,
            "2672" : 3,
            "2704" : 8,
            "2736" : 10,
            "2768" : 7,
            "2800" : 4,
            "2832" : 7,
            "2864" : 7,
            "2896" : 6,
            "2928" : 4,
            "2960" : 3,
            "2992" : 4,
            "3024" : 4,
            "3056" : 4,
            "3088" : 6,
            "3120" : 4,
            "3152" : 7,
            "3184" : 5,
            "3216" : 6,
            "3248" : 5,
            "3280" : 9,
            "3312" : 3,
            "3344" : 5,
            "3408" : 7,
            "3440" : 5,
            "3472" : 3,
            "3504" : 5,
            "3536" : 6,
            "3568" : 7,
            "3600" : 5,
            "3632" : 5,
            "3664" : 5,
            "3696" : 1,
            "3728" : 4,
            "3760" : 2,
            "3792" : 5,
            "3824" : 3,
            "3856" : 3,
            "3888" : 4,
            "3920" : 4,
            "3952" : 3,
            "3984" : 7,
            "4016" : 4,
            "4048" : 2,
            "4080" : 4,
            "4128" : 11,
            "4192" : 3,
            "4256" : 2,
            "4320" : 13,
            "4384" : 13,
            "4448" : 8,
            "4512" : 12,
            "4576" : 9,
            "4640" : 5,
            "4704" : 9,
            "4768" : 4,
            "4832" : 2,
            "4896" : 8,
            "4960" : 6,
            "5024" : 3,
            "5088" : 6,
            "5152" : 3,
            "5216" : 4,
            "5280" : 6,
            "5344" : 4,
            "5408" : 4,
            "5472" : 3,
            "5536" : 8,
            "5600" : 5,
            "5664" : 3,
            "5728" : 3,
            "5792" : 1,
            "5856" : 5,
            "5920" : 1,
            "5984" : 3,
            "6112" : 2,
            "6176" : 2,
            "6304" : 1,
            "6368" : 2,
            "6496" : 1,
            "6560" : 1,
            "6624" : 1,
            "6752" : 2,
            "6880" : 1,
            "6944" : 1,
            "7712" : 1,
            "8256" : 1,
            "8512" : 1,
            "8640" : 2,
            "8768" : 1,
            "8896" : 1,
            "9024" : 2,
            "9152" : 1,
            "9536" : 1,
            "9664" : 1,
            "9920" : 1,
            "10048" : 1,
            "10304" : 1,
            "10432" : 1,
            "10816" : 1,
            "11072" : 2,
            "11328" : 1,
            "11840" : 1,
            "12096" : 1,
            "13504" : 1,
            "13632" : 1,
            "14016" : 1,
            "14400" : 1,
            "14784" : 1,
            "14912" : 1,
            "15168" : 1,
            "16320" : 1,