{
  "fio version" : "fio-3.39-38-gf18c",
  "timestamp" : 1744238184,
  "timestamp_ms" : 1744238184208,
  "time" : "Wed Apr  9 22:36:24 2025",
  "global options" : {
    "kb_base" : "1024",
    "runtime" : "600"
  },
  "jobs" : [
    {
      "jobname" : "nfsv4-write-67108864-blk4096-iod16",
      "groupid" : 0,
      "job_start" : 1744238183821,
      "error" : 0,
      "eta" : 2147483647,
      "elapsed" : 1,
      "job options" : {
        "stonewall" : "",
        "rw" : "write",
        "size" : "67108864",
        "bs" : "4096",
        "iodepth" : "16",
        "filename" : "/scratch/adam/fsbench/nfsv4/nfsv4-write-67108864-blk4096-iod16.bin"
      },
      "read" : {
        "io_bytes" : 0,
        "io_kbytes" : 0,
        "bw_bytes" : 0,
        "bw" : 0,
        "iops" : 0.000000,
        "runtime" : 0,
        "total_ios" : 0,
        "short_ios" : 0,
        "drop_ios" : 0,
        "slat_ns" : {
          "min" : 0,
          "max" : 0,
          "mean" : 0.000000,
          "stddev" : 0.000000,
          "N" : 0
        },
        "clat_ns" : {
          "min" : 0,
          "max" : 0,
          "mean" : 0.000000,
          "stddev" : 0.000000,
          "N" : 0
        },
        "lat_ns" : {
          "min" : 0,
          "max" : 0,
          "mean" : 0.000000,
          "stddev" : 0.000000,
          "N" : 0
        },
        "bw_min" : 0,
        "bw_max" : 0,
        "bw_agg" : 0.000000,
        "bw_mean" : 0.000000,
        "bw_dev" : 0.000000,
        "bw_samples" : 0,
        "iops_min" : 0,
        "iops_max" : 0,
        "iops_mean" : 0.000000,
        "iops_stddev" : 0.000000,
        "iops_samples" : 0
      },
      "write" : {
        "io_bytes" : 67108864,
        "io_kbytes" : 65536,
        "bw_bytes" : 1427848170,
        "bw" : 1394382,
        "iops" : 348595.744681,
        "runtime" : 47,
        "total_ios" : 16384,
        "short_ios" : 0,
        "drop_ios" : 0,
        "slat_ns" : {
          "min" : 0,
          "max" : 0,
          "mean" : 0.000000,
          "stddev" : 0.000000,
          "N" : 0
        },
        "clat_ns" : {
          "min" : 1876,
          "max" : 33254,
          "mean" : 2512.650208,
          "stddev" : 1247.677355,
          "N" : 16384,
          "percentile" : {
            "1.000000" : 1944,
            "5.000000" : 1992,
            "10.000000" : 2024,
            "20.000000" : 2064,
            "30.000000" : 2096,
            "40.000000" : 2128,
            "50.000000" : 2192,
            "60.000000" : 2256,
            "70.000000" : 2352,
            "80.000000" : 2768,
            "90.000000" : 3056,
            "95.000000" : 3408,
            "99.000000" : 8384,
            "99.500000" : 9792,
            "99.900000" : 17280,
            "99.950000" : 19584,
            "99.990000" : 31616
          },
          "bins" : {
            "1880" : 4,
            "1896" : 11,
            "1912" : 34,
            "1928" : 94,
            "1944" : 165,
            "1960" : 212,
            "1976" : 199,
            "1992" : 286,
            "2008" : 427,
            "2024" : 536,
            "2040" : 571,
            "2064" : 1146,
            "2096" : 1568,
            "2128" : 1324,
            "2160" : 1170,
            "2192" : 1115,
            "2224" : 808,
            "2256" : 712,
            "2288" : 541,
            "2320" : 397,
            "2352" : 355,
            "2384" : 254,
            "2416" : 219,
            "2448" : 166,
            "2480" : 154,
            "2512" : 111,
            "2544" : 93,
            "2576" : 63,
            "2608" : 60,
            "2640" : 71,
            "2672" : 68,
            "2704" : 69,
            "2736" : 60,
            "2768" : 97,
            "2800" : 115,
            "2832" : 171,
            "2864" : 174,
            "2896" : 192,
            "2928" : 199,
            "2960" : 207,
            "2992" : 186,
            "3024" : 194,
            "3056" : 151,
            "3088" : 117,
            "3120" : 129,
            "3152" : 103,
            "3184" : 93,
            "3216" : 83,
            "3248" : 69,
            "3280" : 55,
            "3312" : 48,
            "3344" : 41,
            "3376" : 31,
            "3408" : 50,
            "3440" : 25,
            "3472" : 34,
            "3504" : 28,
            "3536" : 28,
            "3568" : 26,
            "3600" : 22,
            "3632" : 14,
            "3664" : 11,
            "3696" : 14,
            "3728" : 17,
            "3760" : 8,
            "3792" : 14,
            "3824" : 7,
            "3856" : 11,
            "3888" : 12,
            "3920" : 10,
            "3952" : 13,
            "3984" : 3,
            "4016" : 2,
            "4048" : 3,
            "4080" : 7,
            "4128" : 10,
            "4192" : 15,
            "4256" : 15,
            "4320" : 13,
            "4384" : 20,
            "4448" : 12,
            "4512" : 8,
            "4576" : 7,
            "4640" : 3,
            "4704" : 10,
            "4768" : 5,
            "4832" : 5,
            "4960" : 5,
            "5024" : 3,
            "5088" : 2,
            "5152" : 1,
            "5216" : 3,
            "5280" : 2,
            "5344" : 1,
            "5536" : 1,
            "5600" : 1,
            "5856" : 2,
            "5920" : 2,
            "5984" : 1,
            "6048" : 2,
            "6240" : 2,
            "6304" : 1,
            "6368" : 1,
            "6432" : 1,
            "6496" : 3,
            "6560" : 2,
            "6624" : 1,
            "6752" : 2,
            "6816" : 1,
            "6880" : 1,
            "6944" : 2,
            "7008" : 3,
            "7072" : 2,
            "7200" : 2,
            "7264" : 2,
            "7328" : 1,
            "7392" : 5,
            "7456" : 3,
            "7520" : 5,
            "7584" : 8,
            "7648" : 6,
            "7712" : 6,
            "7776" : 10,
            "7840" : 11,
            "7904" : 12,
            "7968" : 10,
            "8032" : 13,
            "8096" : 13,
            "8160" : 18,
            "8256" : 37,
            "8384" : 11,
            "8512" : 11,
            "8640" : 16,
            "8768" : 11,
            "8896" : 17,
            "9024" : 8,
            "9152" : 6,
            "9280" : 3,
            "9408" : 5,
            "9664" : 3,
            "9792" : 5,
            "9920" : 1,
            "10048" : 4,
            "10176" : 3,
            "10304" : 2,
            "10432" : 4,
            "10560" : 3,
            "10688" : 4,
            "10816" : 1,
            "10944" : 1,
            "11328" : 3,
            "11456" : 2,
            "11712" : 1,
            "11840" : 1,
            "12096" : 1,
            "12224" : 1,
            "12352" : 2,
            "12480" : 2,
            "12608" : 1,
            "13248" : 3,
            "13376" : 1,
            "13632" : 1,
            "14144" : 1,
            "14272" : 1,
            "14528" : 1,
            "14656" : 1,
            "14784" : 1,
            "14912" : 1,
            "15424" : 1,
            "15552" : 2,
            "15808" : 2,
            "16064" : 1,
            "16320" : 1,
            "16512" : 2,
            "16768" : 1,
            "17280" : 5,
            "17536" : 2,
            "17792" : 4,
            "19584" : 1,
            "20096" : 1,
            "21120" : 1,
            "22144" : 2,
            "22656" : 1,
            "24704" : 1,
            "31616" : 1,
            "33024" : 1
          }
        },
        "lat_ns" : {
          "min" : 1918,
          "max" : 33297,
          "mean" : 2558.705139,
          "stddev" : 1250.825365,
          "N" : 16384
        },
        "bw_min" : 0,
        "bw_max" : 0,
        "bw_agg" : 0.000000,
        "bw_mean" : 0.000000,
        "bw_dev" : 0.000000,
        "bw_samples" : 0,
        "iops_min" : 0,
        "iops_max" : 0,
        "iops_mean" : 0.000000,
        "iops_stddev" : 0.000000,
        "iops_samples" : 0
      },