{
  "fio version" : "fio-3.39-38-gf18c",
  "timestamp" : 1744242809,
  "timestamp_ms" : 1744242809548,
  "time" : "Wed Apr  9 23:53:29 2025",
  "global options" : {
    "kb_base" : "1024",
    "runtime" : "600"
  },
  "jobs" : [
    {
      "jobname" : "nfsv4-randwrite-4194304-blk4096-iod16",
      "groupid" : 0,
      "job_start" : 1744242809409,
      "error" : 0,
      "eta" : 2147483647,
      "elapsed" : 1,
      "job options" : {
        "stonewall" : "",
        "rw" : "randwrite",
        "size" : "4194304",
        "bs" : "4096",
        "iodepth" : "16",
        "filename" : "/scratch/adam/fsbench/nfsv4/nfsv4-randwrite-4194304-blk4096-iod16.bin"
      },
      "read" : {
        "io_bytes" : 0,
        "io_kbytes" : 0,
        "bw_bytes" : 0,
        "bw" : 0,
        "iops" : 0.000000,
        "runtime" : 0,
        "total_ios" : 0,
        "short_ios" : 0,
        "drop_ios" : 0,
        "slat_ns" : {
          "min" : 0,
          "max" : 0,
          "mean" : 0.000000,
          "stddev" : 0.000000,
          "N" : 0
        },
        "clat_ns" : {
          "min" : 0,
          "max" : 0,
          "mean" : 0.000000,
          "stddev" : 0.000000,
          "N" : 0
        },
        "lat_ns" : {
          "min" : 0,
          "max" : 0,
          "mean" : 0.000000,
          "stddev" : 0.000000,
          "N" : 0
        },
        "bw_min" : 0,
        "bw_max" : 0,
        "bw_agg" : 0.000000,
        "bw_mean" : 0.000000,
        "bw_dev" : 0.000000,
        "bw_samples" : 0,
        "iops_min" : 0,
        "iops_max" : 0,
        "iops_mean" : 0.000000,
        "iops_stddev" : 0.000000,
        "iops_samples" : 0
      },
      "write" : {
        "io_bytes" : 4194304,
        "io_kbytes" : 4096,
        "bw_bytes" : 838860800,
        "bw" : 819200,
        "iops" : 204800.000000,
        "runtime" : 5,
        "total_ios" : 1024,
        "short_ios" : 0,
        "drop_ios" : 0,
        "slat_ns" : {
          "min" : 0,
          "max" : 0,
          "mean" : 0.000000,
          "stddev" : 0.000000,
          "N" : 0
        },
        "clat_ns" : {
          "min" : 1980,
          "max" : 24814,
          "mean" : 2459.216797,
          "stddev" : 1177.219821,
          "N" : 1024,
          "percentile" : {
            "1.000000" : 2008,
            "5.000000" : 2064,
            "10.000000" : 2096,
            "20.000000" : 2160,
            "30.000000" : 2192,
            "40.000000" : 2224,
            "50.000000" : 2256,
            "60.000000" : 2320,
            "70.000000" : 2384,
            "80.000000" : 2512,
            "90.000000" : 2960,
            "95.000000" : 3152,
            "99.000000" : 4512,
            "99.500000" : 7392,
            "99.900000" : 21376,
            "99.950000" : 24704,
            "99.990000" : 24704
          },
          "bins" : {
            "1976" : 1,
            "1992" : 1,
            "2008" : 9,
            "2024" : 7,
            "2040" : 15,
            "2064" : 30,
            "2096" : 63,
            "2128" : 60,
            "2160" : 88,
            "2192" : 94,
            "2224" : 73,
            "2256" : 82,
            "2288" : 67,
            "2320" : 72,
            "2352" : 39,
            "2384" : 30,
            "2416" : 34,
            "2448" : 22,
            "2480" : 16,
            "2512" : 19,
            "2544" : 15,
            "2576" : 15,
            "2608" : 10,
            "2640" : 14,
            "2672" : 7,
            "2704" : 4,
            "2768" : 5,
            "2800" : 5,
            "2832" : 6,
            "2864" : 5,
            "2896" : 6,
            "2928" : 7,
            "2960" : 7,
            "2992" : 11,
            "3024" : 6,
            "3056" : 9,
            "3088" : 9,
            "3120" : 8,
            "3152" : 7,
            "3184" : 5,
            "3216" : 1,
            "3248" : 9,
            "3280" : 1,
            "3312" : 4,
            "3344" : 2,
            "3376" : 1,
            "3408" : 3,
            "3504" : 2,
            "3600" : 2,
            "3664" : 1,
            "3696" : 1,
            "3984" : 1,
            "4128" : 1,
            "4256" : 1,
            "4512" : 1,
            "4640" : 2,
            "6112" : 1,
            "6560" : 1,
            "7392" : 1,
            "11328" : 1,
            "13120" : 1,
            "16064" : 1,
            "21376" : 1,
            "24704" : 1
          }
        },
        "lat_ns" : {
          "min" : 2019,
          "max" : 25994,
          "mean" : 2501.717773,
          "stddev" : 1199.865982,
          "N" : 1024
        },
        "bw_min" : 0,
        "bw_max" : 0,
        "bw_agg" : 0.000000,
        "bw_mean" : 0.000000,
        "bw_dev" : 0.000000,
        "bw_samples" : 0,
        "iops_min" : 0,
        "iops_max" : 0,
        "iops_mean" : 0.000000,
        "iops_stddev" : 0.000000,
        "iops_samples" : 0
      },
      "trim" : {
        "io_bytes" : 0,
        "io_kbytes" : 0,
        "bw_bytes" : 0,
        "bw" : 0,
        "iops" : 0.000000,
        "runtime" : 0,
        "total_ios" : 0,
        "short_ios" : 0,
        "drop_ios" : 0,
        "slat_ns" : {
          "min" : 0,
          "max" : 0,
          "mean" : 0.000000,
          "stddev" : 0.000000,
          "N" : 0
        },
        "clat_ns" : {
          "min" : 0,
          "max" : 0,
          "mean" : 0.000000,
          "stddev" : 0.000000,
          "N" : 0
        },
        "lat_ns" : {
          "min" : 0,
          "max" : 0,
          "mean" : 0.000000,
          "stddev" : 0.000000,
          "N" : 0
        },
        "bw_min" : 0,
        "bw_max" : 0,
        "bw_agg" : 0.000000,
        "bw_mean" : 0.000000,
        "bw_dev" : 0.000000,
        "bw_samples" : 0,
        "iops_min" : 0,
        "iops_max" : 0,
        "iops_mean" : 0.000000,
        "iops_stddev" : 0.000000,
        "iops_samples" : 0
      },
      "sync" : {
        "total_ios" : 0,
        "lat_ns" : {
          "min" : 0,
          "max" : 0,
          "mean" : 0.000000,
          "stddev" : 0.000000,
          "N" : 0
        }
      },
      "job_runtime" : 4,
      "usr_cpu" : 0.000000,
      "sys_cpu" : 50.000000,
      "ctx" : 1,
      "majf" : 0,
      "minf" : 7,
      "iodepth_level" : {
        "1" : 100.000000,
        "2" : 0.000000,
        "4" : 0.000000,
        "8" : 0.000000,
        "16" : 0.000000,
        "32" : 0.000000,
        ">=64" : 0.000000
      },
      "iodepth_submit" : {
        "0" : 0.000000,
        "4" : 100.000000,
        "8" : 0.000000,
        "16" : 0.000000,
        "32" : 0.000000,
        "64" : 0.000000,
        ">=64" : 0.000000
      },
      "iodepth_complete" : {
        "0" : 0.000000,
        "4" : 100.000000,
        "8" : 0.000000,
        "16" : 0.000000,
        "32" : 0.000000,
        "64" : 0.000000,
        ">=64" : 0.000000
      },
      "latency_ns" : {
        "2" : 0.000000,
        "4" : 0.000000,
        "10" : 0.000000,
        "20" : 0.000000,
        "50" : 0.000000,
        "100" : 0.000000,
        "250" : 0.000000,
        "500" : 0.000000,
        "750" : 0.000000,
        "1000" : 0.000000
      },
      "latency_us" : {
        "2" : 0.195312,
        "4" : 98.535156,
        "10" : 0.781250,
        "20" : 0.292969,
        "50" : 0.195312,
        "100" : 0.000000,
        "250" : 0.000000,
        "500" : 0.000000,
        "750" : 0.000000,
        "1000" : 0.000000
      },
      "latency_ms" : {
        "2" : 0.000000,
        "4" : 0.000000,
        "10" : 0.000000,
        "20" : 0.000000,
        "50" : 0.000000,
        "100" : 0.000000,
        "250" : 0.000000,
        "500" : 0.000000,
        "750" : 0.000000,
        "1000" : 0.000000,
        "2000" : 0.000000,
        ">=2000" : 0.000000
      },
      "latency_depth" : 16,
      "latency_target" : 0,
      "latency_percentile" : 100.000000,
      "latency_window" : 0
    }
  ]
}
