{
  "fio version" : "fio-3.39-38-gf18c",
  "timestamp" : 1744244975,
  "timestamp_ms" : 1744244975536,
  "time" : "Thu Apr 10 00:29:35 2025",
  "global options" : {
    "kb_base" : "1024",
    "runtime" : "600"
  },
  "jobs" : [
    {
      "jobname" : "nfsv4-randwrite-1073741824-blk4096-iod4",
      "groupid" : 0,
      "job_start" : 1744244967148,
      "error" : 0,
      "eta" : 0,
      "elapsed" : 9,
      "job options" : {
        "stonewall" : "",
        "rw" : "randwrite",
        "size" : "1073741824",
        "bs" : "4096",
        "iodepth" : "4",
        "filename" : "/scratch/adam/fsbench/nfsv4/nfsv4-randwrite-1073741824-blk4096-iod4.bin"
      },
      "read" : {
        "io_bytes" : 0,
        "io_kbytes" : 0,
        "bw_bytes" : 0,
        "bw" : 0,
        "iops" : 0.000000,
        "runtime" : 0,
        "total_ios" : 0,
        "short_ios" : 0,
        "drop_ios" : 0,
        "slat_ns" : {
          "min" : 0,
          "max" : 0,
          "mean" : 0.000000,
          "stddev" : 0.000000,
          "N" : 0
        },
        "clat_ns" : {
          "min" : 0,
          "max" : 0,
          "mean" : 0.000000,
          "stddev" : 0.000000,
          "N" : 0
        },
        "lat_ns" : {
          "min" : 0,
          "max" : 0,
          "mean" : 0.000000,
          "stddev" : 0.000000,
          "N" : 0
        },
        "bw_min" : 0,
        "bw_max" : 0,
        "bw_agg" : 0.000000,
        "bw_mean" : 0.000000,
        "bw_dev" : 0.000000,
        "bw_samples" : 0,
        "iops_min" : 0,
        "iops_max" : 0,
        "iops_mean" : 0.000000,
        "iops_stddev" : 0.000000,
        "iops_samples" : 0
      },
      "write" : {
        "io_bytes" : 1073741824,
        "io_kbytes" : 1048576,
        "bw_bytes" : 1270700383,
        "bw" : 1240918,
        "iops" : 310229.585799,
        "runtime" : 845,
        "total_ios" : 262144,
        "short_ios" : 0,
        "drop_ios" : 0,
        "slat_ns" : {
          "min" : 0,
          "max" : 0,
          "mean" : 0.000000,
          "stddev" : 0.000000,
          "N" : 0
        },
        "clat_ns" : {
          "min" : 1852,
          "max" : 116602,
          "mean" : 2848.151829,
          "stddev" : 1417.041532,
          "N" : 262144,
          "percentile" : {
            "1.000000" : 1960,
            "5.000000" : 2096,
            "10.000000" : 2160,
            "20.000000" : 2256,
            "30.000000" : 2320,
            "40.000000" : 2384,
            "50.000000" : 2448,
            "60.000000" : 2608,
            "70.000000" : 2960,
            "80.000000" : 3216,
            "90.000000" : 3568,
            "95.000000" : 4512,
            "99.000000" : 8512,
            "99.500000" : 9536,
            "99.900000" : 16512,
            "99.950000" : 19328,
            "99.990000" : 45312
          },
          "bins" : {
            "1848" : 2,
            "1864" : 35,
            "1880" : 180,
            "1896" : 375,
            "1912" : 421,
            "1928" : 405,
            "1944" : 486,
            "1960" : 746,
            "1976" : 1091,
            "1992" : 1185,
            "2008" : 1264,
            "2024" : 1302,
            "2040" : 1410,
            "2064" : 3717,
            "2096" : 4404,
            "2128" : 5451,
            "2160" : 7696,
            "2192" : 8810,
            "2224" : 10563,
            "2256" : 12794,
            "2288" : 12508,
            "2320" : 13324,
            "2352" : 12619,
            "2384" : 11472,
            "2416" : 10775,
            "2448" : 9272,
            "2480" : 7569,
            "2512" : 6477,
            "2544" : 5216,
            "2576" : 4374,
            "2608" : 3681,
            "2640" : 3025,
            "2672" : 2676,
            "2704" : 2291,
            "2736" : 1943,
            "2768" : 1797,
            "2800" : 1737,
            "2832" : 1759,
            "2864" : 1821,
            "2896" : 1940,
            "2928" : 2280,
            "2960" : 2650,
            "2992" : 2964,
            "3024" : 3185,
            "3056" : 3462,
            "3088" : 3783,
            "3120" : 3948,
            "3152" : 3843,
            "3184" : 3767,
            "3216" : 3576,
            "3248" : 3466,
            "3280" : 3108,
            "3312" : 2915,
            "3344" : 2787,
            "3376" : 2433,
            "3408" : 2210,
            "3440" : 2002,
            "3472" : 1810,
            "3504" : 1617,
            "3536" : 1506,
            "3568" : 1274,
            "3600" : 1147,
            "3632" : 1005,
            "3664" : 901,
            "3696" : 780,
            "3728" : 670,
            "3760" : 631,
            "3792" : 498,
            "3824" : 426,
            "3856" : 402,
            "3888" : 351,
            "3920" : 329,
            "3952" : 300,
            "3984" : 291,
            "4016" : 229,
            "4048" : 208,
            "4080" : 210,
            "4128" : 367,
            "4192" : 354,
            "4256" : 450,
            "4320" : 551,
            "4384" : 588,
            "4448" : 712,
            "4512" : 762,
            "4576" : 793,
            "4640" : 764,
            "4704" : 749,
            "4768" : 649,
            "4832" : 564,
            "4896" : 526,
            "4960" : 392,
            "5024" : 335,
            "5088" : 283,
            "5152" : 224,
            "5216" : 153,
            "5280" : 141,
            "5344" : 118,
            "5408" : 110,
            "5472" : 96,
            "5536" : 110,
            "5600" : 110,
            "5664" : 117,
            "5728" : 94,
            "5792" : 108,
            "5856" : 129,
            "5920" : 135,
            "5984" : 136,
            "6048" : 130,
            "6112" : 124,
            "6176" : 118,
            "6240" : 108,
            "6304" : 102,
            "6368" : 108,
            "6432" : 94,
            "6496" : 104,
            "6560" : 77,
            "6624" : 66,
            "6688" : 70,
            "6752" : 50,
            "6816" : 67,
            "6880" : 40,
            "6944" : 38,
            "7008" : 40,
            "7072" : 31,
            "7136" : 44,
            "7200" : 39,
            "7264" : 29,
            "7328" : 33,
            "7392" : 23,
            "7456" : 28,
            "7520" : 40,
            "7584" : 44,
            "7648" : 61,
            "7712" : 71,
            "7776" : 101,
            "7840" : 99,
            "7904" : 104,
            "7968" : 125,
            "8032" : 147,
            "8096" : 147,
            "8160" : 128,
            "8256" : 281,
            "8384" : 287,
            "8512" : 266,
            "8640" : 253,
            "8768" : 213,
            "8896" : 193,
            "9024" : 175,
            "9152" : 141,
            "9280" : 101,
            "9408" : 85,
            "9536" : 71,
            "9664" : 67,
            "9792" : 61,
            "9920" : 62,
            "10048" : 64,
            "10176" : 31,
            "10304" : 43,
            "10432" : 35,
            "10560" : 32,
            "10688" : 21,
            "10816" : 23,
            "10944" : 18,
            "11072" : 19,
            "11200" : 23,
            "11328" : 23,
            "11456" : 10,
            "11584" : 18,
            "11712" : 25,
            "11840" : 11,
            "11968" : 17,
            "12096" : 12,
            "12224" : 8,
            "12352" : 8,
            "12480" : 20,
            "12608" : 6,
            "12736" : 13,
            "12864" : 12,
            "12992" : 14,
            "13120" : 10,
            "13248" : 13,
            "13376" : 13,
            "13504" : 7,
            "13632" : 10,
            "13760" : 11,
            "13888" : 7,
            "14016" : 10,
            "14144" : 6,
            "14272" : 7,
            "14400" : 8,
            "14528" : 20,
            "14656" : 9,
            "14784" : 5,
            "14912" : 8,
            "15040" : 15,
            "15168" : 14,