{
  "fio version" : "fio-3.39-38-gf18c",
  "timestamp" : 1744415965,
  "timestamp_ms" : 1744415965941,
  "time" : "Fri Apr 11 23:59:25 2025",
  "global options" : {
    "kb_base" : "1024",
    "runtime" : "600s"
  },
  "jobs" : [
    {
      "jobname" : "nfsv3-randwrite-17179869184-blk1048576-iod16",
      "groupid" : 0,
      "job_start" : 1744415837061,
      "error" : 0,
      "eta" : 0,
      "elapsed" : 129,
      "job options" : {
        "stonewall" : "",
        "rw" : "randwrite",
        "size" : "17179869184",
        "bs" : "1048576",
        "iodepth" : "16",
        "filename" : "/nfsv3/scratch/adam/fsbench/nfsv3/nfsv3-randwrite-17179869184-blk1048576-iod16.bin"
      },
      "read" : {
        "io_bytes" : 0,
        "io_kbytes" : 0,
        "bw_bytes" : 0,
        "bw" : 0,
        "iops" : 0.000000,
        "runtime" : 0,
        "total_ios" : 0,
        "short_ios" : 0,
        "drop_ios" : 0,
        "slat_ns" : {
          "min" : 0,
          "max" : 0,
          "mean" : 0.000000,
          "stddev" : 0.000000,
          "N" : 0
        },
        "clat_ns" : {
          "min" : 0,
          "max" : 0,
          "mean" : 0.000000,
          "stddev" : 0.000000,
          "N" : 0
        },
        "lat_ns" : {
          "min" : 0,
          "max" : 0,
          "mean" : 0.000000,
          "stddev" : 0.000000,
          "N" : 0
        },
        "bw_min" : 0,
        "bw_max" : 0,
        "bw_agg" : 0.000000,
        "bw_mean" : 0.000000,
        "bw_dev" : 0.000000,
        "bw_samples" : 0,
        "iops_min" : 0,
        "iops_max" : 0,
        "iops_mean" : 0.000000,
        "iops_stddev" : 0.000000,
        "iops_samples" : 0
      },
      "write" : {
        "io_bytes" : 17179869184,
        "io_kbytes" : 16777216,
        "bw_bytes" : 179692587,
        "bw" : 175481,
        "iops" : 171.368205,
        "runtime" : 95607,
        "total_ios" : 16384,
        "short_ios" : 0,
        "drop_ios" : 0,
        "slat_ns" : {
          "min" : 0,
          "max" : 0,
          "mean" : 0.000000,
          "stddev" : 0.000000,
          "N" : 0
        },
        "clat_ns" : {
          "min" : 364170,
          "max" : 31998141,
          "mean" : 5805726.976563,
          "stddev" : 6147652.112262,
          "N" : 16384,
          "percentile" : {
            "1.000000" : 399360,
            "5.000000" : 411648,
            "10.000000" : 419840,
            "20.000000" : 440320,
            "30.000000" : 481280,
            "40.000000" : 585728,
            "50.000000" : 765952,
            "60.000000" : 8847360,
            "70.000000" : 9764864,
            "80.000000" : 9895936,
            "90.000000" : 16187392,
            "95.000000" : 17170432,
            "99.000000" : 18219008,
            "99.500000" : 18481152,
            "99.900000" : 31064064,
            "99.950000" : 31064064,
            "99.990000" : 31326208
          },
          "bins" : {
            "362496" : 1,
            "374784" : 1,
            "382976" : 1,
            "387072" : 6,
            "391168" : 33,
            "395264" : 62,
            "399360" : 114,
            "403456" : 170,
            "407552" : 233,
            "411648" : 331,
            "415744" : 401,
            "419840" : 379,
            "423936" : 392,
            "428032" : 405,
            "432128" : 381,
            "436224" : 335,
            "440320" : 263,
            "444416" : 194,
            "448512" : 176,
            "452608" : 154,
            "456704" : 178,
            "460800" : 145,
            "464896" : 164,
            "468992" : 138,
            "473088" : 115,
            "477184" : 113,
            "481280" : 62,
            "485376" : 42,
            "489472" : 51,
            "493568" : 36,
            "497664" : 27,
            "501760" : 19,
            "505856" : 21,
            "509952" : 11,
            "514048" : 23,
            "518144" : 15,
            "522240" : 23,
            "528384" : 81,
            "536576" : 123,
            "544768" : 180,
            "552960" : 177,
            "561152" : 205,
            "569344" : 211,
            "577536" : 195,
            "585728" : 181,
            "593920" : 162,
            "602112" : 188,
            "610304" : 171,
            "618496" : 154,
            "626688" : 131,
            "634880" : 143,
            "643072" : 102,
            "651264" : 75,
            "659456" : 55,
            "667648" : 57,
            "675840" : 44,
            "684032" : 33,
            "692224" : 45,
            "700416" : 41,
            "708608" : 37,
            "716800" : 39,
            "724992" : 30,
            "733184" : 20,
            "741376" : 24,
            "749568" : 25,
            "757760" : 31,
            "765952" : 21,
            "774144" : 24,
            "782336" : 18,
            "790528" : 33,
            "798720" : 14,
            "806912" : 17,
            "815104" : 20,
            "823296" : 15,
            "831488" : 20,
            "839680" : 15,
            "847872" : 20,
            "856064" : 14,
            "864256" : 16,
            "872448" : 21,
            "880640" : 12,
            "888832" : 17,
            "897024" : 12,
            "905216" : 19,
            "913408" : 9,
            "921600" : 7,
            "929792" : 7,
            "937984" : 11,
            "946176" : 9,
            "954368" : 11,
            "962560" : 7,
            "970752" : 10,
            "978944" : 6,
            "987136" : 6,
            "995328" : 3,
            "1003520" : 4,
            "1011712" : 5,
            "1019904" : 8,
            "1028096" : 4,
            "1036288" : 6,
            "1044480" : 3,
            "1056768" : 7,
            "1073152" : 5,
            "1089536" : 2,
            "1105920" : 3,
            "1122304" : 1,
            "1138688" : 2,
            "1155072" : 2,
            "1171456" : 3,
            "1187840" : 3,
            "1236992" : 2,
            "1253376" : 1,
            "1286144" : 2,
            "1302528" : 1,
            "1368064" : 1,
            "1417216" : 1,
            "6586368" : 1,
            "6651904" : 1,
            "6717440" : 3,
            "6782976" : 24,
            "6848512" : 124,
            "6914048" : 57,
            "6979584" : 4,
            "7045120" : 1,
            "7110656" : 1,
            "7372800" : 1,
            "7438336" : 1,
            "7503872" : 2,
            "7569408" : 4,
            "7634944" : 9,
            "7700480" : 18,
            "7766016" : 46,
            "7831552" : 120,
            "7897088" : 84,
            "7962624" : 9,
            "8028160" : 1,
            "8159232" : 1,
            "8224768" : 1,
            "8290304" : 3,
            "8355840" : 1,
            "8454144" : 22,
            "8585216" : 93,
            "8716288" : 459,
            "8847360" : 1074,
            "8978432" : 128,
            "9109504" : 26,
            "9240576" : 4,
            "9371648" : 12,
            "9502720" : 47,
            "9633792" : 170,
            "9764864" : 1263,
            "9895936" : 848,
            "10027008" : 70,
            "10158080" : 12,
            "10289152" : 4,
            "10420224" : 3,
            "10551296" : 10,
            "10682368" : 54,
            "10813440" : 176,
            "10944512" : 27,
            "11075584" : 7,
            "11599872" : 2,
            "11730944" : 2,
            "11862016" : 8,
            "11993088" : 1,
            "12124160" : 9,
            "12255232" : 13,
            "12386304" : 25,
            "12517376" : 2,
            "12779520" : 1,
            "13041664" : 4,
            "13172736" : 12,
            "13303808" : 105,
            "13434880" : 86,
            "13565952" : 5,
            "13828096" : 3,
            "13959168" : 6,
            "14090240" : 18,
            "14221312" : 27,
            "14352384" : 204,
            "14483456" : 42,
            "14614528" : 4,
            "14745600" : 2,