{
  "fio version" : "fio-3.39-38-gf18c",
  "timestamp" : 1744242785,
  "timestamp_ms" : 1744242785874,
  "time" : "Wed Apr  9 23:53:05 2025",
  "global options" : {
    "kb_base" : "1024",
    "runtime" : "600"
  },
  "jobs" : [
    {
      "jobname" : "nfsv4-randwrite-262144-blk256-iod4",
      "groupid" : 0,
      "job_start" : 1744242785735,
      "error" : 0,
      "eta" : 2147483647,
      "elapsed" : 1,
      "job options" : {
        "stonewall" : "",
        "rw" : "randwrite",
        "size" : "262144",
        "bs" : "256",
        "iodepth" : "4",
        "filename" : "/scratch/adam/fsbench/nfsv4/nfsv4-randwrite-262144-blk256-iod4.bin"
      },
      "read" : {
        "io_bytes" : 0,
        "io_kbytes" : 0,
        "bw_bytes" : 0,
        "bw" : 0,
        "iops" : 0.000000,
        "runtime" : 0,
        "total_ios" : 0,
        "short_ios" : 0,
        "drop_ios" : 0,
        "slat_ns" : {
          "min" : 0,
          "max" : 0,
          "mean" : 0.000000,
          "stddev" : 0.000000,
          "N" : 0
        },
        "clat_ns" : {
          "min" : 0,
          "max" : 0,
          "mean" : 0.000000,
          "stddev" : 0.000000,
          "N" : 0
        },
        "lat_ns" : {
          "min" : 0,
          "max" : 0,
          "mean" : 0.000000,
          "stddev" : 0.000000,
          "N" : 0
        },
        "bw_min" : 0,
        "bw_max" : 0,
        "bw_agg" : 0.000000,
        "bw_mean" : 0.000000,
        "bw_dev" : 0.000000,
        "bw_samples" : 0,
        "iops_min" : 0,
        "iops_max" : 0,
        "iops_mean" : 0.000000,
        "iops_stddev" : 0.000000,
        "iops_samples" : 0
      },
      "write" : {
        "io_bytes" : 262144,
        "io_kbytes" : 256,
        "bw_bytes" : 3912597,
        "bw" : 3820,
        "iops" : 15283.582090,
        "runtime" : 67,
        "total_ios" : 1024,
        "short_ios" : 0,
        "drop_ios" : 0,
        "slat_ns" : {
          "min" : 0,
          "max" : 0,
          "mean" : 0.000000,
          "stddev" : 0.000000,
          "N" : 0
        },
        "clat_ns" : {
          "min" : 804,
          "max" : 1408106,
          "mean" : 62981.566406,
          "stddev" : 243964.181662,
          "N" : 1024,
          "percentile" : {
            "1.000000" : 908,
            "5.000000" : 948,
            "10.000000" : 956,
            "20.000000" : 980,
            "30.000000" : 1004,
            "40.000000" : 1020,
            "50.000000" : 1032,
            "60.000000" : 1064,
            "70.000000" : 1160,
            "80.000000" : 1336,
            "90.000000" : 2024,
            "95.000000" : 978944,
            "99.000000" : 1044480,
            "99.500000" : 1089536,
            "99.900000" : 1269760,
            "99.950000" : 1400832,
            "99.990000" : 1400832
          },
          "bins" : {
            "804" : 1,
            "812" : 1,
            "868" : 2,
            "876" : 1,
            "892" : 3,
            "900" : 1,
            "908" : 2,
            "916" : 3,
            "924" : 1,
            "932" : 11,
            "940" : 15,
            "948" : 26,
            "956" : 39,
            "964" : 42,
            "972" : 38,
            "980" : 58,
            "988" : 33,
            "996" : 25,
            "1004" : 36,
            "1012" : 31,
            "1020" : 55,
            "1032" : 110,
            "1048" : 72,
            "1064" : 22,
            "1080" : 28,
            "1096" : 20,
            "1112" : 13,
            "1128" : 14,
            "1144" : 9,
            "1160" : 11,
            "1176" : 5,
            "1192" : 12,
            "1208" : 4,
            "1224" : 14,
            "1240" : 8,
            "1256" : 9,
            "1272" : 13,
            "1288" : 11,
            "1304" : 8,
            "1320" : 4,
            "1336" : 12,
            "1352" : 8,
            "1368" : 10,
            "1384" : 9,
            "1400" : 7,
            "1416" : 6,
            "1432" : 7,
            "1448" : 5,
            "1464" : 2,
            "1480" : 1,
            "1496" : 4,
            "1512" : 5,
            "1528" : 1,
            "1544" : 2,
            "1560" : 1,
            "1576" : 2,
            "1608" : 2,
            "1624" : 3,
            "1640" : 2,
            "1656" : 3,
            "1672" : 5,
            "1688" : 2,
            "1720" : 2,
            "1736" : 2,
            "1768" : 2,
            "1784" : 1,
            "1800" : 1,
            "1816" : 1,
            "1848" : 1,
            "1960" : 1,
            "2024" : 2,
            "2288" : 1,
            "2320" : 1,
            "2352" : 1,
            "2384" : 1,
            "2416" : 1,
            "2672" : 1,
            "2736" : 1,
            "2960" : 1,
            "3056" : 2,
            "3152" : 1,
            "3184" : 2,
            "3344" : 1,
            "3408" : 1,
            "3472" : 1,
            "3504" : 1,
            "3632" : 1,
            "3664" : 1,
            "3728" : 1,
            "3792" : 2,
            "3856" : 1,
            "4080" : 2,
            "4320" : 1,
            "4384" : 2,
            "4512" : 1,
            "4576" : 2,
            "4768" : 1,
            "4960" : 1,
            "5344" : 1,
            "5472" : 1,
            "6048" : 1,
            "9408" : 1,
            "12736" : 1,
            "30080" : 1,
            "954368" : 3,
            "962560" : 3,
            "970752" : 4,
            "978944" : 9,
            "987136" : 4,
            "995328" : 4,
            "1003520" : 4,
            "1011712" : 7,
            "1019904" : 2,
            "1028096" : 8,
            "1036288" : 2,
            "1044480" : 5,
            "1089536" : 4,
            "1204224" : 1,
            "1269760" : 1,
            "1400832" : 1
          }
        },
        "lat_ns" : {
          "min" : 835,
          "max" : 1408136,
          "mean" : 63035.209961,
          "stddev" : 243999.679671,
          "N" : 1024
        },
        "bw_min" : 0,
        "bw_max" : 0,
        "bw_agg" : 0.000000,
        "bw_mean" : 0.000000,
        "bw_dev" : 0.000000,
        "bw_samples" : 0,
        "iops_min" : 0,
        "iops_max" : 0,
        "iops_mean" : 0.000000,
        "iops_stddev" : 0.000000,
        "iops_samples" : 0
      },
      "trim" : {
        "io_bytes" : 0,
        "io_kbytes" : 0,
        "bw_bytes" : 0,
        "bw" : 0,
        "iops" : 0.000000,
        "runtime" : 0,
        "total_ios" : 0,
        "short_ios" : 0,
        "drop_ios" : 0,
        "slat_ns" : {
          "min" : 0,
          "max" : 0,
          "mean" : 0.000000,
          "stddev" : 0.000000,
          "N" : 0
        },
        "clat_ns" : {
          "min" : 0,
          "max" : 0,
          "mean" : 0.000000,
          "stddev" : 0.000000,
          "N" : 0
        },
        "lat_ns" : {
          "min" : 0,
          "max" : 0,
          "mean" : 0.000000,
          "stddev" : 0.000000,
          "N" : 0
        },
        "bw_min" : 0,
        "bw_max" : 0,
        "bw_agg" : 0.000000,
        "bw_mean" : 0.000000,
        "bw_dev" : 0.000000,
        "bw_samples" : 0,
        "iops_min" : 0,
        "iops_max" : 0,
        "iops_mean" : 0.000000,
        "iops_stddev" : 0.000000,
        "iops_samples" : 0
      },
      "sync" : {
        "total_ios" : 0,
        "lat_ns" : {
          "min" : 0,
          "max" : 0,
          "mean" : 0.000000,
          "stddev" : 0.000000,
          "N" : 0
        }
      },
      "job_runtime" : 66,
      "usr_cpu" : 0.000000,
      "sys_cpu" : 3.030303,
      "ctx" : 63,
      "majf" : 0,
      "minf" : 6,
      "iodepth_level" : {
        "1" : 100.000000,
        "2" : 0.000000,
        "4" : 0.000000,
        "8" : 0.000000,
        "16" : 0.000000,
        "32" : 0.000000,
        ">=64" : 0.000000
      },
      "iodepth_submit" : {
        "0" : 0.000000,
        "4" : 100.000000,
        "8" : 0.000000,
        "16" : 0.000000,
        "32" : 0.000000,