{
  "fio version" : "fio-3.39-38-gf18c",
  "timestamp" : 1744334410,
  "timestamp_ms" : 1744334410487,
  "time" : "Fri Apr 11 01:20:10 2025",
  "global options" : {
    "kb_base" : "1024",
    "runtime" : "600"
  },
  "jobs" : [
    {
      "jobname" : "nfsv3-write-17179869184-blk1048576-iod1",
      "groupid" : 0,
      "job_start" : 1744334280440,
      "error" : 0,
      "eta" : 0,
      "elapsed" : 131,
      "job options" : {
        "stonewall" : "",
        "rw" : "write",
        "size" : "17179869184",
        "bs" : "1048576",
        "iodepth" : "1",
        "filename" : "/nfsv3/scratch/adam/fsbench/nfsv3/nfsv3-write-17179869184-blk1048576-iod1.bin"
      },
      "read" : {
        "io_bytes" : 0,
        "io_kbytes" : 0,
        "bw_bytes" : 0,
        "bw" : 0,
        "iops" : 0.000000,
        "runtime" : 0,
        "total_ios" : 0,
        "short_ios" : 0,
        "drop_ios" : 0,
        "slat_ns" : {
          "min" : 0,
          "max" : 0,
          "mean" : 0.000000,
          "stddev" : 0.000000,
          "N" : 0
        },
        "clat_ns" : {
          "min" : 0,
          "max" : 0,
          "mean" : 0.000000,
          "stddev" : 0.000000,
          "N" : 0
        },
        "lat_ns" : {
          "min" : 0,
          "max" : 0,
          "mean" : 0.000000,
          "stddev" : 0.000000,
          "N" : 0
        },
        "bw_min" : 0,
        "bw_max" : 0,
        "bw_agg" : 0.000000,
        "bw_mean" : 0.000000,
        "bw_dev" : 0.000000,
        "bw_samples" : 0,
        "iops_min" : 0,
        "iops_max" : 0,
        "iops_mean" : 0.000000,
        "iops_stddev" : 0.000000,
        "iops_samples" : 0
      },
      "write" : {
        "io_bytes" : 17179869184,
        "io_kbytes" : 16777216,
        "bw_bytes" : 173702470,
        "bw" : 169631,
        "iops" : 165.655585,
        "runtime" : 98904,
        "total_ios" : 16384,
        "short_ios" : 0,
        "drop_ios" : 0,
        "slat_ns" : {
          "min" : 0,
          "max" : 0,
          "mean" : 0.000000,
          "stddev" : 0.000000,
          "N" : 0
        },
        "clat_ns" : {
          "min" : 401832,
          "max" : 33962818,
          "mean" : 6001323.172607,
          "stddev" : 6384685.398300,
          "N" : 16384,
          "percentile" : {
            "1.000000" : 428032,
            "5.000000" : 448512,
            "10.000000" : 460800,
            "20.000000" : 485376,
            "30.000000" : 569344,
            "40.000000" : 634880,
            "50.000000" : 798720,
            "60.000000" : 8716288,
            "70.000000" : 8847360,
            "80.000000" : 13172736,
            "90.000000" : 16318464,
            "95.000000" : 17170432,
            "99.000000" : 17956864,
            "99.500000" : 18219008,
            "99.900000" : 32899072,
            "99.950000" : 32899072,
            "99.990000" : 33423360
          },
          "bins" : {
            "403456" : 4,
            "407552" : 1,
            "411648" : 7,
            "415744" : 17,
            "419840" : 21,
            "423936" : 59,
            "428032" : 88,
            "432128" : 119,
            "436224" : 152,
            "440320" : 158,
            "444416" : 182,
            "448512" : 204,
            "452608" : 250,
            "456704" : 267,
            "460800" : 306,
            "464896" : 278,
            "468992" : 300,
            "473088" : 287,
            "477184" : 274,
            "481280" : 231,
            "485376" : 205,
            "489472" : 183,
            "493568" : 170,
            "497664" : 135,
            "501760" : 132,
            "505856" : 105,
            "509952" : 81,
            "514048" : 83,
            "518144" : 69,
            "522240" : 58,
            "528384" : 84,
            "536576" : 67,
            "544768" : 75,
            "552960" : 97,
            "561152" : 111,
            "569344" : 141,
            "577536" : 155,
            "585728" : 157,
            "593920" : 186,
            "602112" : 188,
            "610304" : 225,
            "618496" : 256,
            "626688" : 270,
            "634880" : 238,
            "643072" : 229,
            "651264" : 254,
            "659456" : 191,
            "667648" : 161,
            "675840" : 118,
            "684032" : 114,
            "692224" : 75,
            "700416" : 49,
            "708608" : 43,
            "716800" : 43,
            "724992" : 37,
            "733184" : 35,
            "741376" : 25,
            "749568" : 23,
            "757760" : 21,
            "765952" : 24,
            "774144" : 16,
            "782336" : 16,
            "790528" : 27,
            "798720" : 30,
            "806912" : 15,
            "815104" : 22,
            "823296" : 15,
            "831488" : 18,
            "839680" : 20,
            "847872" : 21,
            "856064" : 13,
            "864256" : 31,
            "872448" : 26,
            "880640" : 35,
            "888832" : 26,
            "897024" : 16,
            "905216" : 12,
            "913408" : 14,
            "921600" : 11,
            "929792" : 8,
            "937984" : 11,
            "946176" : 8,
            "954368" : 13,
            "962560" : 9,
            "970752" : 7,
            "978944" : 6,
            "987136" : 5,
            "995328" : 3,
            "1011712" : 6,
            "1019904" : 2,
            "1028096" : 3,
            "1036288" : 1,
            "1044480" : 1,
            "1056768" : 2,
            "1089536" : 2,
            "1105920" : 1,
            "1122304" : 1,
            "1171456" : 1,
            "1204224" : 1,
            "1220608" : 2,
            "1253376" : 1,
            "1318912" : 1,
            "1417216" : 1,
            "1482752" : 1,
            "1761280" : 1,
            "2244608" : 1,
            "6586368" : 1,
            "6651904" : 1,
            "6717440" : 11,
            "6782976" : 51,
            "6848512" : 213,
            "6914048" : 70,
            "6979584" : 13,
            "7045120" : 3,
            "7110656" : 1,
            "7176192" : 3,
            "7241728" : 1,
            "7307264" : 1,
            "7372800" : 1,
            "7438336" : 1,
            "7503872" : 2,
            "7569408" : 4,
            "7634944" : 7,
            "7700480" : 19,
            "7766016" : 59,
            "7831552" : 205,
            "7897088" : 113,
            "7962624" : 23,
            "8028160" : 7,
            "8093696" : 2,
            "8159232" : 1,
            "8224768" : 2,
            "8290304" : 1,
            "8454144" : 12,
            "8585216" : 55,
            "8716288" : 361,
            "8847360" : 2460,
            "8978432" : 166,
            "9109504" : 22,
            "9240576" : 1,
            "9371648" : 5,
            "9502720" : 2,
            "9633792" : 29,
            "9764864" : 241,
            "9895936" : 189,
            "10027008" : 13,
            "10158080" : 2,
            "10289152" : 1,
            "10420224" : 2,
            "10682368" : 3,
            "10813440" : 34,
            "10944512" : 5,
            "11468800" : 1,
            "11730944" : 2,
            "11862016" : 12,
            "11993088" : 7,
            "12124160" : 10,
            "12255232" : 26,
            "12386304" : 3,
            "12517376" : 1,
            "12648448" : 1,
            "12779520" : 3,
            "12910592" : 10,
            "13041664" : 7,
            "13172736" : 13,
            "13303808" : 16,
            "13434880" : 9,
            "13565952" : 2,
            "13828096" : 3,
            "13959168" : 4,
            "14090240" : 30,
            "14221312" : 39,
            "14352384" : 102,
            "14483456" : 28,
            "14614528" : 4,
            "14745600" : 14,
            "14876672" : 17,
            "15007744" : 49,
            "15138816" : 209,
            "15269888" : 152,
            "15400960" : 263,
            "15532032" : 23,
            "15663104" : 42,