{
  "fio version" : "fio-3.39-38-gf18c",
  "timestamp" : 1744238177,
  "timestamp_ms" : 1744238177651,
  "time" : "Wed Apr  9 22:36:17 2025",
  "global options" : {
    "kb_base" : "1024",
    "runtime" : "600"
  },
  "jobs" : [
    {
      "jobname" : "nfsv4-write-67108864-blk256-iod16",
      "groupid" : 0,
      "job_start" : 1744238177150,
      "error" : 0,
      "eta" : 2147483647,
      "elapsed" : 1,
      "job options" : {
        "stonewall" : "",
        "rw" : "write",
        "size" : "67108864",
        "bs" : "256",
        "iodepth" : "16",
        "filename" : "/scratch/adam/fsbench/nfsv4/nfsv4-write-67108864-blk256-iod16.bin"
      },
      "read" : {
        "io_bytes" : 0,
        "io_kbytes" : 0,
        "bw_bytes" : 0,
        "bw" : 0,
        "iops" : 0.000000,
        "runtime" : 0,
        "total_ios" : 0,
        "short_ios" : 0,
        "drop_ios" : 0,
        "slat_ns" : {
          "min" : 0,
          "max" : 0,
          "mean" : 0.000000,
          "stddev" : 0.000000,
          "N" : 0
        },
        "clat_ns" : {
          "min" : 0,
          "max" : 0,
          "mean" : 0.000000,
          "stddev" : 0.000000,
          "N" : 0
        },
        "lat_ns" : {
          "min" : 0,
          "max" : 0,
          "mean" : 0.000000,
          "stddev" : 0.000000,
          "N" : 0
        },
        "bw_min" : 0,
        "bw_max" : 0,
        "bw_agg" : 0.000000,
        "bw_mean" : 0.000000,
        "bw_dev" : 0.000000,
        "bw_samples" : 0,
        "iops_min" : 0,
        "iops_max" : 0,
        "iops_mean" : 0.000000,
        "iops_stddev" : 0.000000,
        "iops_samples" : 0
      },
      "write" : {
        "io_bytes" : 67108864,
        "io_kbytes" : 65536,
        "bw_bytes" : 216480206,
        "bw" : 211406,
        "iops" : 845625.806452,
        "runtime" : 310,
        "total_ios" : 262144,
        "short_ios" : 0,
        "drop_ios" : 0,
        "slat_ns" : {
          "min" : 0,
          "max" : 0,
          "mean" : 0.000000,
          "stddev" : 0.000000,
          "N" : 0
        },
        "clat_ns" : {
          "min" : 759,
          "max" : 52550,
          "mean" : 958.605366,
          "stddev" : 584.372085,
          "N" : 262144,
          "percentile" : {
            "1.000000" : 772,
            "5.000000" : 772,
            "10.000000" : 780,
            "20.000000" : 788,
            "30.000000" : 804,
            "40.000000" : 836,
            "50.000000" : 860,
            "60.000000" : 868,
            "70.000000" : 884,
            "80.000000" : 900,
            "90.000000" : 972,
            "95.000000" : 1864,
            "99.000000" : 2704,
            "99.500000" : 3216,
            "99.900000" : 8768,
            "99.950000" : 10176,
            "99.990000" : 16320
          },
          "bins" : {
            "756" : 2,
            "764" : 1588,
            "772" : 18603,
            "780" : 23414,
            "788" : 9356,
            "796" : 14192,
            "804" : 18726,
            "812" : 7201,
            "820" : 3692,
            "828" : 3409,
            "836" : 7379,
            "844" : 11606,
            "852" : 10509,
            "860" : 16939,
            "868" : 16832,
            "876" : 18023,
            "884" : 13583,
            "892" : 9816,
            "900" : 10225,
            "908" : 4870,
            "916" : 2631,
            "924" : 2861,
            "932" : 2661,
            "940" : 2549,
            "948" : 1869,
            "956" : 1644,
            "964" : 1496,
            "972" : 566,
            "980" : 234,
            "988" : 175,
            "996" : 141,
            "1004" : 109,
            "1012" : 99,
            "1020" : 69,
            "1032" : 124,
            "1048" : 144,
            "1064" : 164,
            "1080" : 193,
            "1096" : 247,
            "1112" : 249,
            "1128" : 318,
            "1144" : 323,
            "1160" : 324,
            "1176" : 398,
            "1192" : 475,
            "1208" : 424,
            "1224" : 343,
            "1240" : 375,
            "1256" : 362,
            "1272" : 372,
            "1288" : 400,
            "1304" : 310,
            "1320" : 299,
            "1336" : 226,
            "1352" : 186,
            "1368" : 201,
            "1384" : 151,
            "1400" : 158,
            "1416" : 120,
            "1432" : 139,
            "1448" : 114,
            "1464" : 89,
            "1480" : 97,
            "1496" : 82,
            "1512" : 68,
            "1528" : 67,
            "1544" : 69,
            "1560" : 49,
            "1576" : 61,
            "1592" : 77,
            "1608" : 79,
            "1624" : 79,
            "1640" : 87,
            "1656" : 119,
            "1672" : 132,
            "1688" : 160,
            "1704" : 156,
            "1720" : 263,
            "1736" : 291,
            "1752" : 339,
            "1768" : 350,
            "1784" : 369,
            "1800" : 389,
            "1816" : 450,
            "1832" : 454,
            "1848" : 424,
            "1864" : 425,
            "1880" : 440,
            "1896" : 486,
            "1912" : 456,
            "1928" : 471,
            "1944" : 443,
            "1960" : 401,
            "1976" : 442,
            "1992" : 400,
            "2008" : 392,
            "2024" : 369,
            "2040" : 373,
            "2064" : 650,
            "2096" : 608,
            "2128" : 496,
            "2160" : 478,
            "2192" : 359,
            "2224" : 370,
            "2256" : 322,
            "2288" : 310,
            "2320" : 266,
            "2352" : 181,
            "2384" : 171,
            "2416" : 158,
            "2448" : 137,
            "2480" : 138,
            "2512" : 123,
            "2544" : 110,
            "2576" : 123,
            "2608" : 107,
            "2640" : 103,
            "2672" : 107,
            "2704" : 103,
            "2736" : 124,
            "2768" : 101,
            "2800" : 110,
            "2832" : 110,
            "2864" : 95,
            "2896" : 109,
            "2928" : 98,
            "2960" : 107,
            "2992" : 82,
            "3024" : 67,
            "3056" : 61,
            "3088" : 58,
            "3120" : 49,
            "3152" : 48,
            "3184" : 54,
            "3216" : 45,
            "3248" : 32,
            "3280" : 42,
            "3312" : 34,
            "3344" : 23,
            "3376" : 22,
            "3408" : 32,
            "3440" : 24,
            "3472" : 10,
            "3504" : 16,
            "3536" : 20,
            "3568" : 12,
            "3600" : 13,
            "3632" : 9,
            "3664" : 11,
            "3696" : 9,
            "3728" : 10,
            "3760" : 13,
            "3792" : 14,
            "3824" : 8,
            "3856" : 9,
            "3888" : 6,
            "3920" : 5,
            "3952" : 10,
            "3984" : 6,
            "4016" : 2,
            "4048" : 8,
            "4080" : 7,
            "4128" : 18,
            "4192" : 14,
            "4256" : 18,
            "4320" : 14,
            "4384" : 14,
            "4448" : 17,
            "4512" : 15,
            "4576" : 13,
            "4640" : 16,
            "4704" : 5,
            "4768" : 15,
            "4832" : 8,
            "4896" : 11,
            "4960" : 9,
            "5024" : 9,
            "5088" : 15,
            "5152" : 8,
            "5216" : 12,
            "5280" : 1,
            "5344" : 4,
            "5408" : 7,
            "5472" : 9,
            "5536" : 4,
            "5600" : 2,
            "5664" : 5,
            "5728" : 1,
            "5792" : 2,
            "5856" : 3,
            "5920" : 2,
            "5984" : 8,
            "6048" : 9,
            "6112" : 7,
            "6176" : 4,
            "6240" : 2,
            "6368" : 5,
            "6432" : 5,
            "6496" : 7,
            "6560" : 3,
            "6624" : 1,
            "6688" : 1,
            "6752" : 5,