{
  "fio version" : "fio-3.39-38-gf18c",
  "timestamp" : 1744238180,
  "timestamp_ms" : 1744238180748,
  "time" : "Wed Apr  9 22:36:20 2025",
  "global options" : {
    "kb_base" : "1024",
    "runtime" : "600"
  },
  "jobs" : [
    {
      "jobname" : "nfsv3-write-67108864-blk4096-iod1",
      "groupid" : 0,
      "job_start" : 1744238180359,
      "error" : 0,
      "eta" : 2147483647,
      "elapsed" : 1,
      "job options" : {
        "stonewall" : "",
        "rw" : "write",
        "size" : "67108864",
        "bs" : "4096",
        "iodepth" : "1",
        "filename" : "/nfsv3/scratch/adam/fsbench/nfsv3/nfsv3-write-67108864-blk4096-iod1.bin"
      },
      "read" : {
        "io_bytes" : 0,
        "io_kbytes" : 0,
        "bw_bytes" : 0,
        "bw" : 0,
        "iops" : 0.000000,
        "runtime" : 0,
        "total_ios" : 0,
        "short_ios" : 0,
        "drop_ios" : 0,
        "slat_ns" : {
          "min" : 0,
          "max" : 0,
          "mean" : 0.000000,
          "stddev" : 0.000000,
          "N" : 0
        },
        "clat_ns" : {
          "min" : 0,
          "max" : 0,
          "mean" : 0.000000,
          "stddev" : 0.000000,
          "N" : 0
        },
        "lat_ns" : {
          "min" : 0,
          "max" : 0,
          "mean" : 0.000000,
          "stddev" : 0.000000,
          "N" : 0
        },
        "bw_min" : 0,
        "bw_max" : 0,
        "bw_agg" : 0.000000,
        "bw_mean" : 0.000000,
        "bw_dev" : 0.000000,
        "bw_samples" : 0,
        "iops_min" : 0,
        "iops_max" : 0,
        "iops_mean" : 0.000000,
        "iops_stddev" : 0.000000,
        "iops_samples" : 0
      },
      "write" : {
        "io_bytes" : 67108864,
        "io_kbytes" : 65536,
        "bw_bytes" : 1491308088,
        "bw" : 1456355,
        "iops" : 364088.888889,
        "runtime" : 45,
        "total_ios" : 16384,
        "short_ios" : 0,
        "drop_ios" : 0,
        "slat_ns" : {
          "min" : 0,
          "max" : 0,
          "mean" : 0.000000,
          "stddev" : 0.000000,
          "N" : 0
        },
        "clat_ns" : {
          "min" : 1853,
          "max" : 32598,
          "mean" : 2352.190369,
          "stddev" : 990.452879,
          "N" : 16384,
          "percentile" : {
            "1.000000" : 1912,
            "5.000000" : 1960,
            "10.000000" : 1992,
            "20.000000" : 2024,
            "30.000000" : 2064,
            "40.000000" : 2096,
            "50.000000" : 2128,
            "60.000000" : 2160,
            "70.000000" : 2224,
            "80.000000" : 2320,
            "90.000000" : 2832,
            "95.000000" : 3056,
            "99.000000" : 8032,
            "99.500000" : 8512,
            "99.900000" : 11456,
            "99.950000" : 14144,
            "99.990000" : 24960
          },
          "bins" : {
            "1848" : 1,
            "1864" : 7,
            "1880" : 36,
            "1896" : 83,
            "1912" : 151,
            "1928" : 222,
            "1944" : 218,
            "1960" : 216,
            "1976" : 350,
            "1992" : 673,
            "2008" : 742,
            "2024" : 670,
            "2040" : 554,
            "2064" : 1671,
            "2096" : 1871,
            "2128" : 1242,
            "2160" : 1438,
            "2192" : 1012,
            "2224" : 695,
            "2256" : 563,
            "2288" : 375,
            "2320" : 346,
            "2352" : 246,
            "2384" : 199,
            "2416" : 156,
            "2448" : 143,
            "2480" : 113,
            "2512" : 75,
            "2544" : 71,
            "2576" : 56,
            "2608" : 49,
            "2640" : 35,
            "2672" : 59,
            "2704" : 34,
            "2736" : 74,
            "2768" : 68,
            "2800" : 106,
            "2832" : 149,
            "2864" : 125,
            "2896" : 158,
            "2928" : 140,
            "2960" : 151,
            "2992" : 120,
            "3024" : 97,
            "3056" : 82,
            "3088" : 57,
            "3120" : 57,
            "3152" : 49,
            "3184" : 35,
            "3216" : 16,
            "3248" : 21,
            "3280" : 22,
            "3312" : 10,
            "3344" : 17,
            "3376" : 11,
            "3408" : 9,
            "3440" : 8,
            "3472" : 7,
            "3504" : 9,
            "3536" : 6,
            "3568" : 6,
            "3600" : 4,
            "3632" : 6,
            "3664" : 2,
            "3696" : 1,
            "3728" : 4,
            "3760" : 1,
            "3792" : 3,
            "3824" : 3,
            "3856" : 3,
            "3888" : 5,
            "3920" : 6,
            "3952" : 4,
            "3984" : 1,
            "4016" : 1,
            "4048" : 2,
            "4128" : 2,
            "4192" : 3,
            "4256" : 1,
            "4320" : 2,
            "4512" : 1,
            "4576" : 1,
            "4704" : 2,
            "4832" : 4,
            "4896" : 1,
            "5088" : 1,
            "5152" : 1,
            "5216" : 1,
            "5344" : 1,
            "5408" : 1,
            "5536" : 2,
            "5600" : 1,
            "5728" : 1,
            "5792" : 4,
            "5920" : 1,
            "5984" : 3,
            "6112" : 2,
            "6240" : 1,
            "6304" : 2,
            "6368" : 1,
            "6432" : 1,
            "6624" : 1,
            "6688" : 2,
            "6752" : 3,
            "6944" : 2,
            "7008" : 1,
            "7072" : 1,
            "7136" : 2,
            "7200" : 1,
            "7264" : 1,
            "7328" : 6,
            "7392" : 11,
            "7456" : 10,
            "7520" : 10,
            "7584" : 13,
            "7648" : 8,
            "7712" : 11,
            "7776" : 15,
            "7840" : 13,
            "7904" : 16,
            "7968" : 16,
            "8032" : 14,
            "8096" : 18,
            "8160" : 14,
            "8256" : 18,
            "8384" : 22,
            "8512" : 12,
            "8640" : 10,
            "8768" : 8,
            "8896" : 5,
            "9024" : 4,
            "9152" : 1,
            "9280" : 3,
            "9408" : 3,
            "9536" : 5,
            "9792" : 3,
            "9920" : 1,
            "10048" : 2,
            "10176" : 1,
            "10304" : 1,
            "10432" : 1,
            "10560" : 1,
            "10688" : 2,
            "10816" : 1,
            "11072" : 2,
            "11200" : 1,
            "11328" : 1,
            "11456" : 2,
            "11584" : 1,
            "11712" : 1,
            "11840" : 1,
            "12096" : 1,
            "12608" : 1,
            "12992" : 1,
            "13248" : 1,
            "14144" : 1,
            "14400" : 1,
            "15296" : 1,
            "15424" : 1,
            "16064" : 1,
            "16512" : 1,
            "24192" : 1,
            "24960" : 1,
            "32640" : 1
          }
        },
        "lat_ns" : {
          "min" : 1902,
          "max" : 32644,
          "mean" : 2396.069458,
          "stddev" : 995.796370,
          "N" : 16384
        },
        "bw_min" : 0,
        "bw_max" : 0,
        "bw_agg" : 0.000000,
        "bw_mean" : 0.000000,
        "bw_dev" : 0.000000,
        "bw_samples" : 0,
        "iops_min" : 0,
        "iops_max" : 0,
        "iops_mean" : 0.000000,
        "iops_stddev" : 0.000000,
        "iops_samples" : 0
      },
      "trim" : {
        "io_bytes" : 0,
        "io_kbytes" : 0,
        "bw_bytes" : 0,
        "bw" : 0,
        "iops" : 0.000000,
        "runtime" : 0,
        "total_ios" : 0,
        "short_ios" : 0,
        "drop_ios" : 0,
        "slat_ns" : {
          "min" : 0,
          "max" : 0,
          "mean" : 0.000000,
          "stddev" : 0.000000,
          "N" : 0
        },
        "clat_ns" : {
          "min" : 0,
          "max" : 0,
          "mean" : 0.000000,
          "stddev" : 0.000000,
          "N" : 0
        },
        "lat_ns" : {
          "min" : 0,