{
  "fio version" : "fio-3.39-38-gf18c",
  "timestamp" : 1744414807,
  "timestamp_ms" : 1744414807659,
  "time" : "Fri Apr 11 23:40:07 2025",
  "global options" : {
    "kb_base" : "1024",
    "runtime" : "600s"
  },
  "jobs" : [
    {
      "jobname" : "nfsv3-randwrite-17179869184-blk65536-iod4",
      "groupid" : 0,
      "job_start" : 1744414678768,
      "error" : 0,
      "eta" : 0,
      "elapsed" : 129,
      "job options" : {
        "stonewall" : "",
        "rw" : "randwrite",
        "size" : "17179869184",
        "bs" : "65536",
        "iodepth" : "4",
        "filename" : "/nfsv3/scratch/adam/fsbench/nfsv3/nfsv3-randwrite-17179869184-blk65536-iod4.bin"
      },
      "read" : {
        "io_bytes" : 0,
        "io_kbytes" : 0,
        "bw_bytes" : 0,
        "bw" : 0,
        "iops" : 0.000000,
        "runtime" : 0,
        "total_ios" : 0,
        "short_ios" : 0,
        "drop_ios" : 0,
        "slat_ns" : {
          "min" : 0,
          "max" : 0,
          "mean" : 0.000000,
          "stddev" : 0.000000,
          "N" : 0
        },
        "clat_ns" : {
          "min" : 0,
          "max" : 0,
          "mean" : 0.000000,
          "stddev" : 0.000000,
          "N" : 0
        },
        "lat_ns" : {
          "min" : 0,
          "max" : 0,
          "mean" : 0.000000,
          "stddev" : 0.000000,
          "N" : 0
        },
        "bw_min" : 0,
        "bw_max" : 0,
        "bw_agg" : 0.000000,
        "bw_mean" : 0.000000,
        "bw_dev" : 0.000000,
        "bw_samples" : 0,
        "iops_min" : 0,
        "iops_max" : 0,
        "iops_mean" : 0.000000,
        "iops_stddev" : 0.000000,
        "iops_samples" : 0
      },
      "write" : {
        "io_bytes" : 17179869184,
        "io_kbytes" : 16777216,
        "bw_bytes" : 179063289,
        "bw" : 174866,
        "iops" : 2732.288963,
        "runtime" : 95943,
        "total_ios" : 262144,
        "short_ios" : 0,
        "drop_ios" : 0,
        "slat_ns" : {
          "min" : 0,
          "max" : 0,
          "mean" : 0.000000,
          "stddev" : 0.000000,
          "N" : 0
        },
        "clat_ns" : {
          "min" : 18620,
          "max" : 31588618,
          "mean" : 364926.960300,
          "stddev" : 2016183.529224,
          "N" : 262144,
          "percentile" : {
            "1.000000" : 24704,
            "5.000000" : 25472,
            "10.000000" : 25984,
            "20.000000" : 27264,
            "30.000000" : 28032,
            "40.000000" : 29056,
            "50.000000" : 30592,
            "60.000000" : 34560,
            "70.000000" : 41216,
            "80.000000" : 45312,
            "90.000000" : 57600,
            "95.000000" : 75264,
            "99.000000" : 13828096,
            "99.500000" : 16187392,
            "99.900000" : 16711680,
            "99.950000" : 17432576,
            "99.990000" : 30539776
          },
          "bins" : {
            "18560" : 1,
            "19840" : 1,
            "20096" : 1,
            "20352" : 1,
            "20608" : 2,
            "20864" : 2,
            "21120" : 1,
            "21376" : 2,
            "21632" : 2,
            "21888" : 4,
            "22144" : 2,
            "22400" : 6,
            "22656" : 4,
            "22912" : 2,
            "23168" : 14,
            "23424" : 24,
            "23680" : 19,
            "23936" : 102,
            "24192" : 329,
            "24448" : 952,
            "24704" : 1986,
            "24960" : 3353,
            "25216" : 4464,
            "25472" : 4933,
            "25728" : 5243,
            "25984" : 5006,
            "26240" : 5149,
            "26496" : 5461,
            "26752" : 6254,
            "27008" : 6977,
            "27264" : 7711,
            "27520" : 8138,
            "27776" : 8380,
            "28032" : 7991,
            "28288" : 7347,
            "28544" : 6309,
            "28800" : 5748,
            "29056" : 4995,
            "29312" : 4547,
            "29568" : 4300,
            "29824" : 4217,
            "30080" : 3927,
            "30336" : 3825,
            "30592" : 3515,
            "30848" : 3183,
            "31104" : 3023,
            "31360" : 2553,
            "31616" : 2231,
            "31872" : 1969,
            "32128" : 1774,
            "32384" : 1508,
            "32640" : 1455,
            "33024" : 2838,
            "33536" : 2724,
            "34048" : 2580,
            "34560" : 2441,
            "35072" : 2131,
            "35584" : 1872,
            "36096" : 1778,
            "36608" : 1627,
            "37120" : 1693,
            "37632" : 1630,
            "38144" : 1608,
            "38656" : 1505,
            "39168" : 1586,
            "39680" : 1899,
            "40192" : 2568,
            "40704" : 3372,
            "41216" : 3906,
            "41728" : 3763,
            "42240" : 3583,
            "42752" : 3274,
            "43264" : 3103,
            "43776" : 2798,
            "44288" : 2495,
            "44800" : 2174,
            "45312" : 1984,
            "45824" : 1911,
            "46336" : 1838,
            "46848" : 1738,
            "47360" : 1547,
            "47872" : 1510,
            "48384" : 1362,
            "48896" : 1247,
            "49408" : 1234,
            "49920" : 1173,
            "50432" : 1125,
            "50944" : 1060,
            "51456" : 979,
            "51968" : 985,
            "52480" : 913,
            "52992" : 856,
            "53504" : 887,
            "54016" : 816,
            "54528" : 771,
            "55040" : 772,
            "55552" : 676,
            "56064" : 704,
            "56576" : 699,
            "57088" : 682,
            "57600" : 622,
            "58112" : 637,
            "58624" : 608,
            "59136" : 587,
            "59648" : 596,
            "60160" : 524,
            "60672" : 530,
            "61184" : 556,
            "61696" : 497,
            "62208" : 460,
            "62720" : 455,
            "63232" : 428,
            "63744" : 450,
            "64256" : 463,
            "64768" : 447,
            "65280" : 387,
            "66048" : 768,
            "67072" : 701,
            "68096" : 650,
            "69120" : 647,
            "70144" : 576,
            "71168" : 588,
            "72192" : 543,
            "73216" : 508,
            "74240" : 441,
            "75264" : 440,
            "76288" : 417,
            "77312" : 360,
            "78336" : 334,
            "79360" : 316,
            "80384" : 300,
            "81408" : 267,
            "82432" : 245,
            "83456" : 229,
            "84480" : 214,
            "85504" : 157,
            "86528" : 174,
            "87552" : 137,
            "88576" : 136,
            "89600" : 148,
            "90624" : 105,
            "91648" : 111,
            "92672" : 98,
            "93696" : 89,
            "94720" : 95,
            "95744" : 56,
            "96768" : 63,
            "97792" : 76,
            "98816" : 69,
            "99840" : 49,
            "100864" : 40,
            "101888" : 52,
            "102912" : 56,
            "103936" : 33,
            "104960" : 58,
            "105984" : 33,
            "107008" : 40,
            "108032" : 30,
            "109056" : 33,
            "110080" : 26,
            "111104" : 30,
            "112128" : 16,
            "113152" : 16,
            "114176" : 27,
            "115200" : 17,
            "116224" : 18,
            "117248" : 7,
            "118272" : 16,
            "119296" : 17,
            "120320" : 15,
            "121344" : 14,
            "122368" : 13,
            "123392" : 10,
            "124416" : 15,
            "125440" : 9,
            "126464" : 7,
            "127488" : 7,
            "128512" : 10,
            "129536" : 9,
            "130560" : 8,
            "132096" : 13,
            "134144" : 12,
            "136192" : 14,
            "138240" : 12,
            "140288" : 9,
            "142336" : 8,
            "144384" : 17,