{
  "fio version" : "fio-3.39-38-gf18c",
  "timestamp" : 1744238163,
  "timestamp_ms" : 1744238163253,
  "time" : "Wed Apr  9 22:36:03 2025",
  "global options" : {
    "kb_base" : "1024",
    "runtime" : "600"
  },
  "jobs" : [
    {
      "jobname" : "nfsv4-write-4194304-blk4096-iod16",
      "groupid" : 0,
      "job_start" : 1744238163115,
      "error" : 0,
      "eta" : 2147483647,
      "elapsed" : 1,
      "job options" : {
        "stonewall" : "",
        "rw" : "write",
        "size" : "4194304",
        "bs" : "4096",
        "iodepth" : "16",
        "filename" : "/scratch/adam/fsbench/nfsv4/nfsv4-write-4194304-blk4096-iod16.bin"
      },
      "read" : {
        "io_bytes" : 0,
        "io_kbytes" : 0,
        "bw_bytes" : 0,
        "bw" : 0,
        "iops" : 0.000000,
        "runtime" : 0,
        "total_ios" : 0,
        "short_ios" : 0,
        "drop_ios" : 0,
        "slat_ns" : {
          "min" : 0,
          "max" : 0,
          "mean" : 0.000000,
          "stddev" : 0.000000,
          "N" : 0
        },
        "clat_ns" : {
          "min" : 0,
          "max" : 0,
          "mean" : 0.000000,
          "stddev" : 0.000000,
          "N" : 0
        },
        "lat_ns" : {
          "min" : 0,
          "max" : 0,
          "mean" : 0.000000,
          "stddev" : 0.000000,
          "N" : 0
        },
        "bw_min" : 0,
        "bw_max" : 0,
        "bw_agg" : 0.000000,
        "bw_mean" : 0.000000,
        "bw_dev" : 0.000000,
        "bw_samples" : 0,
        "iops_min" : 0,
        "iops_max" : 0,
        "iops_mean" : 0.000000,
        "iops_stddev" : 0.000000,
        "iops_samples" : 0
      },
      "write" : {
        "io_bytes" : 4194304,
        "io_kbytes" : 4096,
        "bw_bytes" : 1048576000,
        "bw" : 1024000,
        "iops" : 256000.000000,
        "runtime" : 4,
        "total_ios" : 1024,
        "short_ios" : 0,
        "drop_ios" : 0,
        "slat_ns" : {
          "min" : 0,
          "max" : 0,
          "mean" : 0.000000,
          "stddev" : 0.000000,
          "N" : 0
        },
        "clat_ns" : {
          "min" : 1861,
          "max" : 24676,
          "mean" : 2422.356445,
          "stddev" : 1206.659614,
          "N" : 1024,
          "percentile" : {
            "1.000000" : 1896,
            "5.000000" : 1960,
            "10.000000" : 1992,
            "20.000000" : 2064,
            "30.000000" : 2096,
            "40.000000" : 2128,
            "50.000000" : 2160,
            "60.000000" : 2224,
            "70.000000" : 2288,
            "80.000000" : 2448,
            "90.000000" : 2896,
            "95.000000" : 3216,
            "99.000000" : 8096,
            "99.500000" : 8896,
            "99.900000" : 15936,
            "99.950000" : 24704,
            "99.990000" : 24704
          },
          "bins" : {
            "1864" : 4,
            "1880" : 2,
            "1896" : 8,
            "1912" : 6,
            "1928" : 8,
            "1944" : 8,
            "1960" : 20,
            "1976" : 27,
            "1992" : 25,
            "2008" : 33,
            "2024" : 28,
            "2040" : 33,
            "2064" : 92,
            "2096" : 84,
            "2128" : 105,
            "2160" : 74,
            "2192" : 50,
            "2224" : 60,
            "2256" : 48,
            "2288" : 24,
            "2320" : 26,
            "2352" : 22,
            "2384" : 15,
            "2416" : 11,
            "2448" : 10,
            "2480" : 7,
            "2512" : 13,
            "2544" : 11,
            "2576" : 4,
            "2608" : 5,
            "2640" : 8,
            "2672" : 5,
            "2704" : 6,
            "2736" : 6,
            "2768" : 6,
            "2800" : 5,
            "2832" : 5,
            "2864" : 15,
            "2896" : 5,
            "2928" : 6,
            "2960" : 9,
            "2992" : 7,
            "3024" : 7,
            "3056" : 3,
            "3088" : 2,
            "3120" : 1,
            "3152" : 6,
            "3184" : 5,
            "3216" : 3,
            "3248" : 2,
            "3280" : 4,
            "3312" : 4,
            "3344" : 2,
            "3376" : 2,
            "3408" : 1,
            "3472" : 1,
            "3536" : 1,
            "3568" : 1,
            "3600" : 1,
            "3632" : 1,
            "3664" : 2,
            "3760" : 2,
            "3856" : 1,
            "4448" : 1,
            "4576" : 2,
            "4704" : 2,
            "5984" : 1,
            "7072" : 1,
            "7456" : 1,
            "7648" : 1,
            "7776" : 2,
            "7840" : 1,
            "7968" : 2,
            "8096" : 3,
            "8160" : 1,
            "8512" : 1,
            "8640" : 1,
            "8896" : 1,
            "9280" : 1,
            "9536" : 1,
            "10944" : 1,
            "15936" : 1,
            "24704" : 1
          }
        },
        "lat_ns" : {
          "min" : 1911,
          "max" : 25509,
          "mean" : 2470.746094,
          "stddev" : 1221.649066,
          "N" : 1024
        },
        "bw_min" : 0,
        "bw_max" : 0,
        "bw_agg" : 0.000000,
        "bw_mean" : 0.000000,
        "bw_dev" : 0.000000,
        "bw_samples" : 0,
        "iops_min" : 0,
        "iops_max" : 0,
        "iops_mean" : 0.000000,
        "iops_stddev" : 0.000000,
        "iops_samples" : 0
      },
      "trim" : {
        "io_bytes" : 0,
        "io_kbytes" : 0,
        "bw_bytes" : 0,
        "bw" : 0,
        "iops" : 0.000000,
        "runtime" : 0,
        "total_ios" : 0,
        "short_ios" : 0,
        "drop_ios" : 0,
        "slat_ns" : {
          "min" : 0,
          "max" : 0,
          "mean" : 0.000000,
          "stddev" : 0.000000,
          "N" : 0
        },
        "clat_ns" : {
          "min" : 0,
          "max" : 0,
          "mean" : 0.000000,
          "stddev" : 0.000000,
          "N" : 0
        },
        "lat_ns" : {
          "min" : 0,
          "max" : 0,
          "mean" : 0.000000,
          "stddev" : 0.000000,
          "N" : 0
        },
        "bw_min" : 0,
        "bw_max" : 0,
        "bw_agg" : 0.000000,
        "bw_mean" : 0.000000,
        "bw_dev" : 0.000000,
        "bw_samples" : 0,
        "iops_min" : 0,
        "iops_max" : 0,
        "iops_mean" : 0.000000,
        "iops_stddev" : 0.000000,
        "iops_samples" : 0
      },
      "sync" : {
        "total_ios" : 0,
        "lat_ns" : {
          "min" : 0,
          "max" : 0,
          "mean" : 0.000000,
          "stddev" : 0.000000,
          "N" : 0
        }
      },
      "job_runtime" : 4,
      "usr_cpu" : 0.000000,
      "sys_cpu" : 50.000000,
      "ctx" : 1,
      "majf" : 0,
      "minf" : 7,
      "iodepth_level" : {
        "1" : 100.000000,
        "2" : 0.000000,
        "4" : 0.000000,
        "8" : 0.000000,
        "16" : 0.000000,
        "32" : 0.000000,
        ">=64" : 0.000000
      },
      "iodepth_submit" : {
        "0" : 0.000000,
        "4" : 100.000000,
        "8" : 0.000000,
        "16" : 0.000000,
        "32" : 0.000000,
        "64" : 0.000000,
        ">=64" : 0.000000
      },
      "iodepth_complete" : {
        "0" : 0.000000,
        "4" : 100.000000,
        "8" : 0.000000,
        "16" : 0.000000,
        "32" : 0.000000,
        "64" : 0.000000,
        ">=64" : 0.000000
      },
      "latency_ns" : {
        "2" : 0.000000,
        "4" : 0.000000,
        "10" : 0.000000,
        "20" : 0.000000,
        "50" : 0.000000,
        "100" : 0.000000,
        "250" : 0.000000,
        "500" : 0.000000,
        "750" : 0.000000,
        "1000" : 0.000000
      },
      "latency_us" : {
        "2" : 10.546875,
        "4" : 86.914062,
        "10" : 2.246094,
        "20" : 0.195312,
        "50" : 0.097656,
        "100" : 0.000000,
        "250" : 0.000000,
        "500" : 0.000000,
        "750" : 0.000000,
        "1000" : 0.000000
      },
      "latency_ms" : {
        "2" : 0.000000,
        "4" : 0.000000,
        "10" : 0.000000,