{
  "fio version" : "fio-3.39-38-gf18c",
  "timestamp" : 1744242807,
  "timestamp_ms" : 1744242807386,
  "time" : "Wed Apr  9 23:53:27 2025",
  "global options" : {
    "kb_base" : "1024",
    "runtime" : "600"
  },
  "jobs" : [
    {
      "jobname" : "nfsv3-randwrite-4194304-blk4096-iod1",
      "groupid" : 0,
      "job_start" : 1744242807245,
      "error" : 0,
      "eta" : 2147483647,
      "elapsed" : 1,
      "job options" : {
        "stonewall" : "",
        "rw" : "randwrite",
        "size" : "4194304",
        "bs" : "4096",
        "iodepth" : "1",
        "filename" : "/nfsv3/scratch/adam/fsbench/nfsv3/nfsv3-randwrite-4194304-blk4096-iod1.bin"
      },
      "read" : {
        "io_bytes" : 0,
        "io_kbytes" : 0,
        "bw_bytes" : 0,
        "bw" : 0,
        "iops" : 0.000000,
        "runtime" : 0,
        "total_ios" : 0,
        "short_ios" : 0,
        "drop_ios" : 0,
        "slat_ns" : {
          "min" : 0,
          "max" : 0,
          "mean" : 0.000000,
          "stddev" : 0.000000,
          "N" : 0
        },
        "clat_ns" : {
          "min" : 0,
          "max" : 0,
          "mean" : 0.000000,
          "stddev" : 0.000000,
          "N" : 0
        },
        "lat_ns" : {
          "min" : 0,
          "max" : 0,
          "mean" : 0.000000,
          "stddev" : 0.000000,
          "N" : 0
        },
        "bw_min" : 0,
        "bw_max" : 0,
        "bw_agg" : 0.000000,
        "bw_mean" : 0.000000,
        "bw_dev" : 0.000000,
        "bw_samples" : 0,
        "iops_min" : 0,
        "iops_max" : 0,
        "iops_mean" : 0.000000,
        "iops_stddev" : 0.000000,
        "iops_samples" : 0
      },
      "write" : {
        "io_bytes" : 4194304,
        "io_kbytes" : 4096,
        "bw_bytes" : 838860800,
        "bw" : 819200,
        "iops" : 204800.000000,
        "runtime" : 5,
        "total_ios" : 1024,
        "short_ios" : 0,
        "drop_ios" : 0,
        "slat_ns" : {
          "min" : 0,
          "max" : 0,
          "mean" : 0.000000,
          "stddev" : 0.000000,
          "N" : 0
        },
        "clat_ns" : {
          "min" : 1910,
          "max" : 26626,
          "mean" : 2433.371094,
          "stddev" : 1328.035882,
          "N" : 1024,
          "percentile" : {
            "1.000000" : 1944,
            "5.000000" : 1992,
            "10.000000" : 2024,
            "20.000000" : 2064,
            "30.000000" : 2096,
            "40.000000" : 2128,
            "50.000000" : 2160,
            "60.000000" : 2224,
            "70.000000" : 2288,
            "80.000000" : 2384,
            "90.000000" : 2864,
            "95.000000" : 3056,
            "99.000000" : 8256,
            "99.500000" : 8640,
            "99.900000" : 17024,
            "99.950000" : 26752,
            "99.990000" : 26752
          },
          "bins" : {
            "1912" : 1,
            "1928" : 8,
            "1944" : 8,
            "1960" : 14,
            "1976" : 14,
            "1992" : 16,
            "2008" : 30,
            "2024" : 36,
            "2040" : 38,
            "2064" : 79,
            "2096" : 99,
            "2128" : 88,
            "2160" : 82,
            "2192" : 87,
            "2224" : 64,
            "2256" : 52,
            "2288" : 38,
            "2320" : 30,
            "2352" : 21,
            "2384" : 18,
            "2416" : 16,
            "2448" : 12,
            "2480" : 13,
            "2512" : 9,
            "2544" : 4,
            "2576" : 4,
            "2608" : 4,
            "2640" : 5,
            "2672" : 2,
            "2704" : 2,
            "2736" : 3,
            "2768" : 4,
            "2800" : 8,
            "2832" : 10,
            "2864" : 7,
            "2896" : 7,
            "2928" : 6,
            "2960" : 12,
            "2992" : 11,
            "3024" : 5,
            "3056" : 6,
            "3088" : 2,
            "3120" : 6,
            "3184" : 1,
            "3216" : 1,
            "3248" : 4,
            "3280" : 1,
            "3344" : 2,
            "3376" : 1,
            "3408" : 1,
            "3440" : 2,
            "3472" : 1,
            "4128" : 2,
            "4256" : 1,
            "4320" : 2,
            "5280" : 1,
            "5664" : 1,
            "5984" : 1,
            "7392" : 1,
            "7520" : 2,
            "7584" : 1,
            "7776" : 2,
            "7840" : 1,
            "8160" : 1,
            "8256" : 3,
            "8384" : 3,
            "8512" : 1,
            "8640" : 1,
            "8896" : 1,
            "14272" : 1,
            "15040" : 1,
            "17024" : 1,
            "26752" : 1
          }
        },
        "lat_ns" : {
          "min" : 1950,
          "max" : 28323,
          "mean" : 2484.940430,
          "stddev" : 1375.831285,
          "N" : 1024
        },
        "bw_min" : 0,
        "bw_max" : 0,
        "bw_agg" : 0.000000,
        "bw_mean" : 0.000000,
        "bw_dev" : 0.000000,
        "bw_samples" : 0,
        "iops_min" : 0,
        "iops_max" : 0,
        "iops_mean" : 0.000000,
        "iops_stddev" : 0.000000,
        "iops_samples" : 0
      },
      "trim" : {
        "io_bytes" : 0,
        "io_kbytes" : 0,
        "bw_bytes" : 0,
        "bw" : 0,
        "iops" : 0.000000,
        "runtime" : 0,
        "total_ios" : 0,
        "short_ios" : 0,
        "drop_ios" : 0,
        "slat_ns" : {
          "min" : 0,
          "max" : 0,
          "mean" : 0.000000,
          "stddev" : 0.000000,
          "N" : 0
        },
        "clat_ns" : {
          "min" : 0,
          "max" : 0,
          "mean" : 0.000000,
          "stddev" : 0.000000,
          "N" : 0
        },
        "lat_ns" : {
          "min" : 0,
          "max" : 0,
          "mean" : 0.000000,
          "stddev" : 0.000000,
          "N" : 0
        },
        "bw_min" : 0,
        "bw_max" : 0,
        "bw_agg" : 0.000000,
        "bw_mean" : 0.000000,
        "bw_dev" : 0.000000,
        "bw_samples" : 0,
        "iops_min" : 0,
        "iops_max" : 0,
        "iops_mean" : 0.000000,
        "iops_stddev" : 0.000000,
        "iops_samples" : 0
      },
      "sync" : {
        "total_ios" : 0,
        "lat_ns" : {
          "min" : 0,
          "max" : 0,
          "mean" : 0.000000,
          "stddev" : 0.000000,
          "N" : 0
        }
      },
      "job_runtime" : 4,
      "usr_cpu" : 0.000000,
      "sys_cpu" : 50.000000,
      "ctx" : 2,
      "majf" : 0,
      "minf" : 7,
      "iodepth_level" : {
        "1" : 100.000000,
        "2" : 0.000000,
        "4" : 0.000000,
        "8" : 0.000000,
        "16" : 0.000000,
        "32" : 0.000000,
        ">=64" : 0.000000
      },
      "iodepth_submit" : {
        "0" : 0.000000,
        "4" : 100.000000,
        "8" : 0.000000,
        "16" : 0.000000,
        "32" : 0.000000,
        "64" : 0.000000,
        ">=64" : 0.000000
      },
      "iodepth_complete" : {
        "0" : 0.000000,
        "4" : 100.000000,
        "8" : 0.000000,
        "16" : 0.000000,
        "32" : 0.000000,
        "64" : 0.000000,
        ">=64" : 0.000000
      },
      "latency_ns" : {
        "2" : 0.000000,
        "4" : 0.000000,
        "10" : 0.000000,
        "20" : 0.000000,
        "50" : 0.000000,
        "100" : 0.000000,
        "250" : 0.000000,
        "500" : 0.000000,
        "750" : 0.000000,
        "1000" : 0.000000
      },
      "latency_us" : {
        "2" : 5.957031,
        "4" : 91.210938,
        "10" : 2.441406,
        "20" : 0.292969,
        "50" : 0.097656,
        "100" : 0.000000,
        "250" : 0.000000,
        "500" : 0.000000,
        "750" : 0.000000,
        "1000" : 0.000000
      },
      "latency_ms" : {
        "2" : 0.000000,
        "4" : 0.000000,
        "10" : 0.000000,
        "20" : 0.000000,
        "50" : 0.000000,
        "100" : 0.000000,
        "250" : 0.000000,
        "500" : 0.000000,
        "750" : 0.000000,
        "1000" : 0.000000,
        "2000" : 0.000000,