{
  "fio version" : "fio-3.39-38-gf18c",
  "timestamp" : 1744245005,
  "timestamp_ms" : 1744245005651,
  "time" : "Thu Apr 10 00:30:05 2025",
  "global options" : {
    "kb_base" : "1024",
    "runtime" : "600"
  },
  "jobs" : [
    {
      "jobname" : "nfsv3-randwrite-1073741824-blk4096-iod16",
      "groupid" : 0,
      "job_start" : 1744244997011,
      "error" : 0,
      "eta" : 0,
      "elapsed" : 9,
      "job options" : {
        "stonewall" : "",
        "rw" : "randwrite",
        "size" : "1073741824",
        "bs" : "4096",
        "iodepth" : "16",
        "filename" : "/nfsv3/scratch/adam/fsbench/nfsv3/nfsv3-randwrite-1073741824-blk4096-iod16.bin"
      },
      "read" : {
        "io_bytes" : 0,
        "io_kbytes" : 0,
        "bw_bytes" : 0,
        "bw" : 0,
        "iops" : 0.000000,
        "runtime" : 0,
        "total_ios" : 0,
        "short_ios" : 0,
        "drop_ios" : 0,
        "slat_ns" : {
          "min" : 0,
          "max" : 0,
          "mean" : 0.000000,
          "stddev" : 0.000000,
          "N" : 0
        },
        "clat_ns" : {
          "min" : 0,
          "max" : 0,
          "mean" : 0.000000,
          "stddev" : 0.000000,
          "N" : 0
        },
        "lat_ns" : {
          "min" : 0,
          "max" : 0,
          "mean" : 0.000000,
          "stddev" : 0.000000,
          "N" : 0
        },
        "bw_min" : 0,
        "bw_max" : 0,
        "bw_agg" : 0.000000,
        "bw_mean" : 0.000000,
        "bw_dev" : 0.000000,
        "bw_samples" : 0,
        "iops_min" : 0,
        "iops_max" : 0,
        "iops_mean" : 0.000000,
        "iops_stddev" : 0.000000,
        "iops_samples" : 0
      },
      "write" : {
        "io_bytes" : 1073741824,
        "io_kbytes" : 1048576,
        "bw_bytes" : 1221549287,
        "bw" : 1192919,
        "iops" : 298229.806598,
        "runtime" : 879,
        "total_ios" : 262144,
        "short_ios" : 0,
        "drop_ios" : 0,
        "slat_ns" : {
          "min" : 0,
          "max" : 0,
          "mean" : 0.000000,
          "stddev" : 0.000000,
          "N" : 0
        },
        "clat_ns" : {
          "min" : 1843,
          "max" : 131736,
          "mean" : 2962.159897,
          "stddev" : 1728.828204,
          "N" : 262144,
          "percentile" : {
            "1.000000" : 2064,
            "5.000000" : 2192,
            "10.000000" : 2256,
            "20.000000" : 2320,
            "30.000000" : 2416,
            "40.000000" : 2480,
            "50.000000" : 2608,
            "60.000000" : 2768,
            "70.000000" : 3056,
            "80.000000" : 3280,
            "90.000000" : 3632,
            "95.000000" : 4512,
            "99.000000" : 8768,
            "99.500000" : 10048,
            "99.900000" : 17792,
            "99.950000" : 23424,
            "99.990000" : 64768
          },
          "bins" : {
            "1848" : 1,
            "1864" : 7,
            "1880" : 16,
            "1896" : 25,
            "1912" : 41,
            "1928" : 65,
            "1944" : 82,
            "1960" : 129,
            "1976" : 192,
            "1992" : 293,
            "2008" : 389,
            "2024" : 404,
            "2040" : 473,
            "2064" : 1368,
            "2096" : 2066,
            "2128" : 2885,
            "2160" : 4271,
            "2192" : 5509,
            "2224" : 7136,
            "2256" : 8653,
            "2288" : 9438,
            "2320" : 10235,
            "2352" : 10688,
            "2384" : 10772,
            "2416" : 10958,
            "2448" : 10176,
            "2480" : 9713,
            "2512" : 8974,
            "2544" : 7991,
            "2576" : 7380,
            "2608" : 6275,
            "2640" : 5655,
            "2672" : 4989,
            "2704" : 4212,
            "2736" : 3842,
            "2768" : 3232,
            "2800" : 2953,
            "2832" : 2705,
            "2864" : 2733,
            "2896" : 2769,
            "2928" : 2885,
            "2960" : 3050,
            "2992" : 3307,
            "3024" : 3423,
            "3056" : 3775,
            "3088" : 3759,
            "3120" : 3892,
            "3152" : 3875,
            "3184" : 3927,
            "3216" : 3822,
            "3248" : 3660,
            "3280" : 3579,
            "3312" : 3242,
            "3344" : 3057,
            "3376" : 2779,
            "3408" : 2735,
            "3440" : 2436,
            "3472" : 2223,
            "3504" : 1983,
            "3536" : 1699,
            "3568" : 1638,
            "3600" : 1364,
            "3632" : 1251,
            "3664" : 1110,
            "3696" : 994,
            "3728" : 849,
            "3760" : 702,
            "3792" : 688,
            "3824" : 557,
            "3856" : 548,
            "3888" : 435,
            "3920" : 387,
            "3952" : 332,
            "3984" : 314,
            "4016" : 334,
            "4048" : 305,
            "4080" : 292,
            "4128" : 537,
            "4192" : 549,
            "4256" : 610,
            "4320" : 638,
            "4384" : 724,
            "4448" : 782,
            "4512" : 812,
            "4576" : 792,
            "4640" : 728,
            "4704" : 661,
            "4768" : 618,
            "4832" : 491,
            "4896" : 484,
            "4960" : 361,
            "5024" : 316,
            "5088" : 240,
            "5152" : 198,
            "5216" : 146,
            "5280" : 129,
            "5344" : 103,
            "5408" : 94,
            "5472" : 73,
            "5536" : 84,
            "5600" : 96,
            "5664" : 70,
            "5728" : 85,
            "5792" : 116,
            "5856" : 104,
            "5920" : 102,
            "5984" : 116,
            "6048" : 121,
            "6112" : 125,
            "6176" : 144,
            "6240" : 116,
            "6304" : 106,
            "6368" : 103,
            "6432" : 108,
            "6496" : 111,
            "6560" : 105,
            "6624" : 79,
            "6688" : 76,
            "6752" : 62,
            "6816" : 44,
            "6880" : 53,
            "6944" : 64,
            "7008" : 55,
            "7072" : 46,
            "7136" : 43,
            "7200" : 43,
            "7264" : 43,
            "7328" : 39,
            "7392" : 42,
            "7456" : 43,
            "7520" : 44,
            "7584" : 28,
            "7648" : 51,
            "7712" : 56,
            "7776" : 60,
            "7840" : 76,
            "7904" : 72,
            "7968" : 94,
            "8032" : 109,
            "8096" : 128,
            "8160" : 151,
            "8256" : 274,
            "8384" : 280,
            "8512" : 278,
            "8640" : 276,
            "8768" : 215,
            "8896" : 193,
            "9024" : 194,
            "9152" : 139,
            "9280" : 142,
            "9408" : 96,
            "9536" : 83,
            "9664" : 90,
            "9792" : 60,
            "9920" : 67,
            "10048" : 50,
            "10176" : 41,
            "10304" : 49,
            "10432" : 54,
            "10560" : 36,
            "10688" : 52,
            "10816" : 31,
            "10944" : 37,
            "11072" : 27,
            "11200" : 20,
            "11328" : 21,
            "11456" : 33,
            "11584" : 22,
            "11712" : 22,
            "11840" : 25,
            "11968" : 21,
            "12096" : 18,
            "12224" : 9,
            "12352" : 10,
            "12480" : 10,
            "12608" : 11,
            "12736" : 16,
            "12864" : 8,
            "12992" : 6,
            "13120" : 9,
            "13248" : 7,
            "13376" : 11,
            "13504" : 15,
            "13632" : 11,
            "13760" : 11,
            "13888" : 14,
            "14016" : 9,
            "14144" : 11,
            "14272" : 13,
            "14400" : 16,
            "14528" : 18,
            "14656" : 17,
            "14784" : 15,
            "14912" : 21,
            "15040" : 15,
            "15168" : 17,