{
  "fio version" : "fio-3.39-38-gf18c",
  "timestamp" : 1744333714,
  "timestamp_ms" : 1744333714681,
  "time" : "Fri Apr 11 01:08:34 2025",
  "global options" : {
    "kb_base" : "1024",
    "runtime" : "600"
  },
  "jobs" : [
    {
      "jobname" : "nfsv4-write-17179869184-blk65536-iod4",
      "groupid" : 0,
      "job_start" : 1744333581635,
      "error" : 0,
      "eta" : 0,
      "elapsed" : 134,
      "job options" : {
        "stonewall" : "",
        "rw" : "write",
        "size" : "17179869184",
        "bs" : "65536",
        "iodepth" : "4",
        "filename" : "/scratch/adam/fsbench/nfsv4/nfsv4-write-17179869184-blk65536-iod4.bin"
      },
      "read" : {
        "io_bytes" : 0,
        "io_kbytes" : 0,
        "bw_bytes" : 0,
        "bw" : 0,
        "iops" : 0.000000,
        "runtime" : 0,
        "total_ios" : 0,
        "short_ios" : 0,
        "drop_ios" : 0,
        "slat_ns" : {
          "min" : 0,
          "max" : 0,
          "mean" : 0.000000,
          "stddev" : 0.000000,
          "N" : 0
        },
        "clat_ns" : {
          "min" : 0,
          "max" : 0,
          "mean" : 0.000000,
          "stddev" : 0.000000,
          "N" : 0
        },
        "lat_ns" : {
          "min" : 0,
          "max" : 0,
          "mean" : 0.000000,
          "stddev" : 0.000000,
          "N" : 0
        },
        "bw_min" : 0,
        "bw_max" : 0,
        "bw_agg" : 0.000000,
        "bw_mean" : 0.000000,
        "bw_dev" : 0.000000,
        "bw_samples" : 0,
        "iops_min" : 0,
        "iops_max" : 0,
        "iops_mean" : 0.000000,
        "iops_stddev" : 0.000000,
        "iops_samples" : 0
      },
      "write" : {
        "io_bytes" : 17179869184,
        "io_kbytes" : 16777216,
        "bw_bytes" : 161901644,
        "bw" : 158107,
        "iops" : 2470.423040,
        "runtime" : 106113,
        "total_ios" : 262144,
        "short_ios" : 0,
        "drop_ios" : 0,
        "slat_ns" : {
          "min" : 0,
          "max" : 0,
          "mean" : 0.000000,
          "stddev" : 0.000000,
          "N" : 0
        },
        "clat_ns" : {
          "min" : 16295,
          "max" : 33710595,
          "mean" : 403880.477810,
          "stddev" : 2242076.949585,
          "N" : 262144,
          "percentile" : {
            "1.000000" : 23936,
            "5.000000" : 24448,
            "10.000000" : 25216,
            "20.000000" : 26240,
            "30.000000" : 27264,
            "40.000000" : 28288,
            "50.000000" : 30080,
            "60.000000" : 33024,
            "70.000000" : 38656,
            "80.000000" : 43776,
            "90.000000" : 51456,
            "95.000000" : 71168,
            "99.000000" : 15007744,
            "99.500000" : 16908288,
            "99.900000" : 19529728,
            "99.950000" : 20578304,
            "99.990000" : 32636928
          },
          "bins" : {
            "16320" : 1,
            "17024" : 1,
            "17280" : 2,
            "17536" : 2,
            "18048" : 4,
            "18304" : 4,
            "18560" : 1,
            "18816" : 3,
            "19072" : 4,
            "19584" : 4,
            "19840" : 2,
            "20352" : 2,
            "20608" : 1,
            "20864" : 1,
            "21120" : 1,
            "21376" : 3,
            "21632" : 2,
            "21888" : 5,
            "22144" : 3,
            "22400" : 12,
            "22656" : 34,
            "22912" : 94,
            "23168" : 188,
            "23424" : 449,
            "23680" : 1152,
            "23936" : 2322,
            "24192" : 4096,
            "24448" : 5340,
            "24704" : 5937,
            "24960" : 6004,
            "25216" : 5985,
            "25472" : 5779,
            "25728" : 5537,
            "25984" : 5758,
            "26240" : 5820,
            "26496" : 6319,
            "26752" : 6734,
            "27008" : 6978,
            "27264" : 7043,
            "27520" : 6822,
            "27776" : 6221,
            "28032" : 5567,
            "28288" : 5144,
            "28544" : 4718,
            "28800" : 4493,
            "29056" : 4134,
            "29312" : 4054,
            "29568" : 3843,
            "29824" : 3606,
            "30080" : 3281,
            "30336" : 2934,
            "30592" : 2637,
            "30848" : 2328,
            "31104" : 2120,
            "31360" : 1944,
            "31616" : 1817,
            "31872" : 1646,
            "32128" : 1598,
            "32384" : 1575,
            "32640" : 1696,
            "33024" : 3685,
            "33536" : 3450,
            "34048" : 3212,
            "34560" : 2798,
            "35072" : 2545,
            "35584" : 2303,
            "36096" : 2288,
            "36608" : 2145,
            "37120" : 2075,
            "37632" : 2218,
            "38144" : 2297,
            "38656" : 2307,
            "39168" : 2274,
            "39680" : 2294,
            "40192" : 2420,
            "40704" : 2547,
            "41216" : 2652,
            "41728" : 2730,
            "42240" : 2958,
            "42752" : 3002,
            "43264" : 3394,
            "43776" : 3613,
            "44288" : 3629,
            "44800" : 3373,
            "45312" : 3082,
            "45824" : 2478,
            "46336" : 1963,
            "46848" : 1538,
            "47360" : 1268,
            "47872" : 1099,
            "48384" : 937,
            "48896" : 839,
            "49408" : 710,
            "49920" : 659,
            "50432" : 556,
            "50944" : 542,
            "51456" : 492,
            "51968" : 462,
            "52480" : 460,
            "52992" : 438,
            "53504" : 414,
            "54016" : 422,
            "54528" : 378,
            "55040" : 382,
            "55552" : 372,
            "56064" : 366,
            "56576" : 351,
            "57088" : 394,
            "57600" : 377,
            "58112" : 362,
            "58624" : 349,
            "59136" : 373,
            "59648" : 400,
            "60160" : 376,
            "60672" : 365,
            "61184" : 377,
            "61696" : 333,
            "62208" : 358,
            "62720" : 340,
            "63232" : 376,
            "63744" : 311,
            "64256" : 349,
            "64768" : 352,
            "65280" : 315,
            "66048" : 558,
            "67072" : 487,
            "68096" : 469,
            "69120" : 464,
            "70144" : 423,
            "71168" : 363,
            "72192" : 329,
            "73216" : 358,
            "74240" : 289,
            "75264" : 331,
            "76288" : 296,
            "77312" : 301,
            "78336" : 226,
            "79360" : 246,
            "80384" : 235,
            "81408" : 211,
            "82432" : 181,
            "83456" : 152,
            "84480" : 147,
            "85504" : 136,
            "86528" : 119,
            "87552" : 106,
            "88576" : 98,
            "89600" : 89,
            "90624" : 69,
            "91648" : 67,
            "92672" : 67,
            "93696" : 64,
            "94720" : 76,
            "95744" : 66,
            "96768" : 63,
            "97792" : 52,
            "98816" : 60,
            "99840" : 50,
            "100864" : 61,
            "101888" : 46,
            "102912" : 36,
            "103936" : 37,
            "104960" : 45,
            "105984" : 33,
            "107008" : 30,
            "108032" : 20,
            "109056" : 24,
            "110080" : 28,
            "111104" : 28,
            "112128" : 22,
            "113152" : 27,
            "114176" : 20,
            "115200" : 22,
            "116224" : 15,
            "117248" : 16,
            "118272" : 10,
            "119296" : 15,
            "120320" : 9,
            "121344" : 17,
            "122368" : 12,
            "123392" : 12,
            "124416" : 14,
            "125440" : 8,
            "126464" : 6,
            "127488" : 11,
            "128512" : 6,
            "129536" : 8,
            "130560" : 12,