{
  "fio version" : "fio-3.39-38-gf18c",
  "timestamp" : 1744245017,
  "timestamp_ms" : 1744245017727,
  "time" : "Thu Apr 10 00:30:17 2025",
  "global options" : {
    "kb_base" : "1024",
    "runtime" : "600"
  },
  "jobs" : [
    {
      "jobname" : "nfsv4-randwrite-1073741824-blk65536-iod1",
      "groupid" : 0,
      "job_start" : 1744245009589,
      "error" : 0,
      "eta" : 0,
      "elapsed" : 9,
      "job options" : {
        "stonewall" : "",
        "rw" : "randwrite",
        "size" : "1073741824",
        "bs" : "65536",
        "iodepth" : "1",
        "filename" : "/scratch/adam/fsbench/nfsv4/nfsv4-randwrite-1073741824-blk65536-iod1.bin"
      },
      "read" : {
        "io_bytes" : 0,
        "io_kbytes" : 0,
        "bw_bytes" : 0,
        "bw" : 0,
        "iops" : 0.000000,
        "runtime" : 0,
        "total_ios" : 0,
        "short_ios" : 0,
        "drop_ios" : 0,
        "slat_ns" : {
          "min" : 0,
          "max" : 0,
          "mean" : 0.000000,
          "stddev" : 0.000000,
          "N" : 0
        },
        "clat_ns" : {
          "min" : 0,
          "max" : 0,
          "mean" : 0.000000,
          "stddev" : 0.000000,
          "N" : 0
        },
        "lat_ns" : {
          "min" : 0,
          "max" : 0,
          "mean" : 0.000000,
          "stddev" : 0.000000,
          "N" : 0
        },
        "bw_min" : 0,
        "bw_max" : 0,
        "bw_agg" : 0.000000,
        "bw_mean" : 0.000000,
        "bw_dev" : 0.000000,
        "bw_samples" : 0,
        "iops_min" : 0,
        "iops_max" : 0,
        "iops_mean" : 0.000000,
        "iops_stddev" : 0.000000,
        "iops_samples" : 0
      },
      "write" : {
        "io_bytes" : 1073741824,
        "io_kbytes" : 1048576,
        "bw_bytes" : 2213900668,
        "bw" : 2162012,
        "iops" : 33781.443299,
        "runtime" : 485,
        "total_ios" : 16384,
        "short_ios" : 0,
        "drop_ios" : 0,
        "slat_ns" : {
          "min" : 0,
          "max" : 0,
          "mean" : 0.000000,
          "stddev" : 0.000000,
          "N" : 0
        },
        "clat_ns" : {
          "min" : 23960,
          "max" : 146124,
          "mean" : 28856.609436,
          "stddev" : 4402.067009,
          "N" : 16384,
          "percentile" : {
            "1.000000" : 24960,
            "5.000000" : 25472,
            "10.000000" : 25728,
            "20.000000" : 25984,
            "30.000000" : 26240,
            "40.000000" : 26752,
            "50.000000" : 27008,
            "60.000000" : 27776,
            "70.000000" : 29568,
            "80.000000" : 31616,
            "90.000000" : 33536,
            "95.000000" : 36608,
            "99.000000" : 44288,
            "99.500000" : 47360,
            "99.900000" : 57600,
            "99.950000" : 63232,
            "99.990000" : 127488
          },
          "bins" : {
            "23936" : 2,
            "24192" : 3,
            "24448" : 22,
            "24704" : 74,
            "24960" : 168,
            "25216" : 461,
            "25472" : 763,
            "25728" : 1016,
            "25984" : 1193,
            "26240" : 1300,
            "26496" : 1287,
            "26752" : 1112,
            "27008" : 923,
            "27264" : 731,
            "27520" : 584,
            "27776" : 343,
            "28032" : 210,
            "28288" : 156,
            "28544" : 174,
            "28800" : 169,
            "29056" : 231,
            "29312" : 277,
            "29568" : 303,
            "29824" : 308,
            "30080" : 264,
            "30336" : 243,
            "30592" : 207,
            "30848" : 175,
            "31104" : 140,
            "31360" : 138,
            "31616" : 159,
            "31872" : 197,
            "32128" : 217,
            "32384" : 215,
            "32640" : 255,
            "33024" : 427,
            "33536" : 352,
            "34048" : 226,
            "34560" : 148,
            "35072" : 146,
            "35584" : 124,
            "36096" : 89,
            "36608" : 81,
            "37120" : 60,
            "37632" : 50,
            "38144" : 54,
            "38656" : 57,
            "39168" : 40,
            "39680" : 45,
            "40192" : 49,
            "40704" : 47,
            "41216" : 50,
            "41728" : 34,
            "42240" : 31,
            "42752" : 19,
            "43264" : 36,
            "43776" : 22,
            "44288" : 23,
            "44800" : 16,
            "45312" : 11,
            "45824" : 7,
            "46336" : 15,
            "46848" : 13,
            "47360" : 12,
            "47872" : 10,
            "48384" : 6,
            "48896" : 7,
            "49408" : 3,
            "49920" : 4,
            "50432" : 5,
            "50944" : 1,
            "51456" : 1,
            "51968" : 4,
            "52480" : 3,
            "52992" : 3,
            "53504" : 1,
            "54016" : 5,
            "54528" : 1,
            "55040" : 4,
            "55552" : 1,
            "56064" : 3,
            "56576" : 1,
            "57600" : 2,
            "58624" : 1,
            "59136" : 1,
            "59648" : 1,
            "61184" : 1,
            "62208" : 2,
            "63232" : 1,
            "66048" : 1,
            "71168" : 3,
            "107008" : 1,
            "123392" : 1,
            "127488" : 1,
            "146432" : 1
          }
        },
        "lat_ns" : {
          "min" : 24291,
          "max" : 146566,
          "mean" : 29207.599792,
          "stddev" : 4422.625260,
          "N" : 16384
        },
        "bw_min" : 2097152,
        "bw_max" : 2097152,
        "bw_agg" : 97.000000,
        "bw_mean" : 2097152.000000,
        "bw_dev" : 0.000000,
        "bw_samples" : 1,
        "iops_min" : 32768,
        "iops_max" : 32768,
        "iops_mean" : 32768.000000,
        "iops_stddev" : 0.000000,
        "iops_samples" : 1
      },
      "trim" : {
        "io_bytes" : 0,
        "io_kbytes" : 0,
        "bw_bytes" : 0,
        "bw" : 0,
        "iops" : 0.000000,
        "runtime" : 0,
        "total_ios" : 0,
        "short_ios" : 0,
        "drop_ios" : 0,
        "slat_ns" : {
          "min" : 0,
          "max" : 0,
          "mean" : 0.000000,
          "stddev" : 0.000000,
          "N" : 0
        },
        "clat_ns" : {
          "min" : 0,
          "max" : 0,
          "mean" : 0.000000,
          "stddev" : 0.000000,
          "N" : 0
        },
        "lat_ns" : {
          "min" : 0,
          "max" : 0,
          "mean" : 0.000000,
          "stddev" : 0.000000,
          "N" : 0
        },
        "bw_min" : 0,
        "bw_max" : 0,
        "bw_agg" : 0.000000,
        "bw_mean" : 0.000000,
        "bw_dev" : 0.000000,
        "bw_samples" : 0,
        "iops_min" : 0,
        "iops_max" : 0,
        "iops_mean" : 0.000000,
        "iops_stddev" : 0.000000,
        "iops_samples" : 0
      },
      "sync" : {
        "total_ios" : 0,
        "lat_ns" : {
          "min" : 0,
          "max" : 0,
          "mean" : 0.000000,
          "stddev" : 0.000000,
          "N" : 0
        }
      },
      "job_runtime" : 484,
      "usr_cpu" : 2.892562,
      "sys_cpu" : 96.487603,
      "ctx" : 33,
      "majf" : 0,
      "minf" : 7,
      "iodepth_level" : {
        "1" : 100.000000,
        "2" : 0.000000,
        "4" : 0.000000,
        "8" : 0.000000,
        "16" : 0.000000,
        "32" : 0.000000,
        ">=64" : 0.000000
      },
      "iodepth_submit" : {
        "0" : 0.000000,
        "4" : 100.000000,
        "8" : 0.000000,
        "16" : 0.000000,
        "32" : 0.000000,
        "64" : 0.000000,
        ">=64" : 0.000000
      },
      "iodepth_complete" : {
        "0" : 0.000000,
        "4" : 100.000000,
        "8" : 0.000000,
        "16" : 0.000000,
        "32" : 0.000000,
        "64" : 0.000000,
        ">=64" : 0.000000
      },
      "latency_ns" : {
        "2" : 0.000000,
        "4" : 0.000000,
        "10" : 0.000000,
        "20" : 0.000000,