{
  "fio version" : "fio-3.39-38-gf18c",
  "timestamp" : 1744414513,
  "timestamp_ms" : 1744414513139,
  "time" : "Fri Apr 11 23:35:13 2025",
  "global options" : {
    "kb_base" : "1024",
    "runtime" : "600s"
  },
  "jobs" : [
    {
      "jobname" : "nfsv3-randwrite-17179869184-blk65536-iod1",
      "groupid" : 0,
      "job_start" : 1744414384249,
      "error" : 0,
      "eta" : 0,
      "elapsed" : 129,
      "job options" : {
        "stonewall" : "",
        "rw" : "randwrite",
        "size" : "17179869184",
        "bs" : "65536",
        "iodepth" : "1",
        "filename" : "/nfsv3/scratch/adam/fsbench/nfsv3/nfsv3-randwrite-17179869184-blk65536-iod1.bin"
      },
      "read" : {
        "io_bytes" : 0,
        "io_kbytes" : 0,
        "bw_bytes" : 0,
        "bw" : 0,
        "iops" : 0.000000,
        "runtime" : 0,
        "total_ios" : 0,
        "short_ios" : 0,
        "drop_ios" : 0,
        "slat_ns" : {
          "min" : 0,
          "max" : 0,
          "mean" : 0.000000,
          "stddev" : 0.000000,
          "N" : 0
        },
        "clat_ns" : {
          "min" : 0,
          "max" : 0,
          "mean" : 0.000000,
          "stddev" : 0.000000,
          "N" : 0
        },
        "lat_ns" : {
          "min" : 0,
          "max" : 0,
          "mean" : 0.000000,
          "stddev" : 0.000000,
          "N" : 0
        },
        "bw_min" : 0,
        "bw_max" : 0,
        "bw_agg" : 0.000000,
        "bw_mean" : 0.000000,
        "bw_dev" : 0.000000,
        "bw_samples" : 0,
        "iops_min" : 0,
        "iops_max" : 0,
        "iops_mean" : 0.000000,
        "iops_stddev" : 0.000000,
        "iops_samples" : 0
      },
      "write" : {
        "io_bytes" : 17179869184,
        "io_kbytes" : 16777216,
        "bw_bytes" : 179544229,
        "bw" : 175336,
        "iops" : 2739.627532,
        "runtime" : 95686,
        "total_ios" : 262144,
        "short_ios" : 0,
        "drop_ios" : 0,
        "slat_ns" : {
          "min" : 0,
          "max" : 0,
          "mean" : 0.000000,
          "stddev" : 0.000000,
          "N" : 0
        },
        "clat_ns" : {
          "min" : 17854,
          "max" : 31841538,
          "mean" : 363940.632240,
          "stddev" : 1916485.654978,
          "N" : 262144,
          "percentile" : {
            "1.000000" : 24704,
            "5.000000" : 25472,
            "10.000000" : 26240,
            "20.000000" : 27264,
            "30.000000" : 28288,
            "40.000000" : 29312,
            "50.000000" : 31360,
            "60.000000" : 35584,
            "70.000000" : 41728,
            "80.000000" : 46336,
            "90.000000" : 60160,
            "95.000000" : 80384,
            "99.000000" : 9371648,
            "99.500000" : 15269888,
            "99.900000" : 16580608,
            "99.950000" : 16908288,
            "99.990000" : 30277632
          },
          "bins" : {
            "17792" : 1,
            "18560" : 1,
            "18816" : 2,
            "19328" : 3,
            "19584" : 1,
            "19840" : 2,
            "20096" : 1,
            "20352" : 3,
            "20608" : 3,
            "20864" : 3,
            "21120" : 3,
            "21376" : 3,
            "21632" : 3,
            "21888" : 3,
            "22144" : 4,
            "22400" : 4,
            "22656" : 3,
            "22912" : 2,
            "23168" : 6,
            "23424" : 20,
            "23680" : 33,
            "23936" : 80,
            "24192" : 270,
            "24448" : 836,
            "24704" : 1825,
            "24960" : 3071,
            "25216" : 4019,
            "25472" : 4574,
            "25728" : 4697,
            "25984" : 4541,
            "26240" : 4739,
            "26496" : 5089,
            "26752" : 5795,
            "27008" : 6759,
            "27264" : 7721,
            "27520" : 8075,
            "27776" : 8102,
            "28032" : 7702,
            "28288" : 7062,
            "28544" : 6123,
            "28800" : 5507,
            "29056" : 4938,
            "29312" : 4562,
            "29568" : 4372,
            "29824" : 4033,
            "30080" : 3870,
            "30336" : 3614,
            "30592" : 3281,
            "30848" : 2975,
            "31104" : 2733,
            "31360" : 2460,
            "31616" : 2174,
            "31872" : 1876,
            "32128" : 1716,
            "32384" : 1552,
            "32640" : 1474,
            "33024" : 2852,
            "33536" : 2813,
            "34048" : 2654,
            "34560" : 2534,
            "35072" : 2317,
            "35584" : 2274,
            "36096" : 2206,
            "36608" : 2155,
            "37120" : 2029,
            "37632" : 1894,
            "38144" : 1812,
            "38656" : 1669,
            "39168" : 1660,
            "39680" : 1848,
            "40192" : 2381,
            "40704" : 3237,
            "41216" : 3750,
            "41728" : 3869,
            "42240" : 3816,
            "42752" : 3408,
            "43264" : 3228,
            "43776" : 2922,
            "44288" : 2637,
            "44800" : 2320,
            "45312" : 2087,
            "45824" : 1997,
            "46336" : 1847,
            "46848" : 1628,
            "47360" : 1600,
            "47872" : 1340,
            "48384" : 1254,
            "48896" : 1235,
            "49408" : 1225,
            "49920" : 1253,
            "50432" : 1227,
            "50944" : 1068,
            "51456" : 1062,
            "51968" : 1022,
            "52480" : 951,
            "52992" : 925,
            "53504" : 877,
            "54016" : 819,
            "54528" : 818,
            "55040" : 798,
            "55552" : 791,
            "56064" : 771,
            "56576" : 710,
            "57088" : 649,
            "57600" : 648,
            "58112" : 636,
            "58624" : 645,
            "59136" : 596,
            "59648" : 563,
            "60160" : 576,
            "60672" : 531,
            "61184" : 478,
            "61696" : 492,
            "62208" : 498,
            "62720" : 481,
            "63232" : 424,
            "63744" : 450,
            "64256" : 436,
            "64768" : 398,
            "65280" : 429,
            "66048" : 814,
            "67072" : 742,
            "68096" : 746,
            "69120" : 733,
            "70144" : 661,
            "71168" : 640,
            "72192" : 598,
            "73216" : 585,
            "74240" : 488,
            "75264" : 492,
            "76288" : 436,
            "77312" : 398,
            "78336" : 365,
            "79360" : 363,
            "80384" : 318,
            "81408" : 321,
            "82432" : 287,
            "83456" : 291,
            "84480" : 222,
            "85504" : 224,
            "86528" : 230,
            "87552" : 216,
            "88576" : 196,
            "89600" : 182,
            "90624" : 154,
            "91648" : 139,
            "92672" : 153,
            "93696" : 128,
            "94720" : 152,
            "95744" : 120,
            "96768" : 109,
            "97792" : 104,
            "98816" : 102,
            "99840" : 85,
            "100864" : 97,
            "101888" : 71,
            "102912" : 75,
            "103936" : 62,
            "104960" : 59,
            "105984" : 49,
            "107008" : 46,
            "108032" : 56,
            "109056" : 55,
            "110080" : 43,
            "111104" : 41,
            "112128" : 30,
            "113152" : 31,
            "114176" : 27,
            "115200" : 33,
            "116224" : 27,
            "117248" : 19,
            "118272" : 23,
            "119296" : 29,
            "120320" : 15,
            "121344" : 16,
            "122368" : 22,
            "123392" : 18,
            "124416" : 10,
            "125440" : 12,
            "126464" : 9,
            "127488" : 9,
            "128512" : 11,
            "129536" : 13,
            "130560" : 11,
            "132096" : 23,
            "134144" : 17,
            "136192" : 18,