{
  "fio version" : "fio-3.39-38-gf18c",
  "timestamp" : 1744242913,
  "timestamp_ms" : 1744242913285,
  "time" : "Wed Apr  9 23:55:13 2025",
  "global options" : {
    "kb_base" : "1024",
    "runtime" : "600"
  },
  "jobs" : [
    {
      "jobname" : "nfsv4-randwrite-67108864-blk256-iod16",
      "groupid" : 0,
      "job_start" : 1744242895779,
      "error" : 0,
      "eta" : 0,
      "elapsed" : 18,
      "job options" : {
        "stonewall" : "",
        "rw" : "randwrite",
        "size" : "67108864",
        "bs" : "256",
        "iodepth" : "16",
        "filename" : "/scratch/adam/fsbench/nfsv4/nfsv4-randwrite-67108864-blk256-iod16.bin"
      },
      "read" : {
        "io_bytes" : 0,
        "io_kbytes" : 0,
        "bw_bytes" : 0,
        "bw" : 0,
        "iops" : 0.000000,
        "runtime" : 0,
        "total_ios" : 0,
        "short_ios" : 0,
        "drop_ios" : 0,
        "slat_ns" : {
          "min" : 0,
          "max" : 0,
          "mean" : 0.000000,
          "stddev" : 0.000000,
          "N" : 0
        },
        "clat_ns" : {
          "min" : 0,
          "max" : 0,
          "mean" : 0.000000,
          "stddev" : 0.000000,
          "N" : 0
        },
        "lat_ns" : {
          "min" : 0,
          "max" : 0,
          "mean" : 0.000000,
          "stddev" : 0.000000,
          "N" : 0
        },
        "bw_min" : 0,
        "bw_max" : 0,
        "bw_agg" : 0.000000,
        "bw_mean" : 0.000000,
        "bw_dev" : 0.000000,
        "bw_samples" : 0,
        "iops_min" : 0,
        "iops_max" : 0,
        "iops_mean" : 0.000000,
        "iops_stddev" : 0.000000,
        "iops_samples" : 0
      },
      "write" : {
        "io_bytes" : 67108864,
        "io_kbytes" : 65536,
        "bw_bytes" : 3878676,
        "bw" : 3787,
        "iops" : 15151.080800,
        "runtime" : 17302,
        "total_ios" : 262144,
        "short_ios" : 0,
        "drop_ios" : 0,
        "slat_ns" : {
          "min" : 0,
          "max" : 0,
          "mean" : 0.000000,
          "stddev" : 0.000000,
          "N" : 0
        },
        "clat_ns" : {
          "min" : 813,
          "max" : 42891035,
          "mean" : 65488.064079,
          "stddev" : 282625.628093,
          "N" : 262144,
          "percentile" : {
            "1.000000" : 972,
            "5.000000" : 1048,
            "10.000000" : 1176,
            "20.000000" : 1256,
            "30.000000" : 1304,
            "40.000000" : 1352,
            "50.000000" : 1416,
            "60.000000" : 1528,
            "70.000000" : 1672,
            "80.000000" : 1864,
            "90.000000" : 2576,
            "95.000000" : 970752,
            "99.000000" : 1044480,
            "99.500000" : 1073152,
            "99.900000" : 1204224,
            "99.950000" : 1400832,
            "99.990000" : 3620864
          },
          "bins" : {
            "812" : 1,
            "836" : 1,
            "916" : 4,
            "924" : 19,
            "932" : 57,
            "940" : 188,
            "948" : 439,
            "956" : 608,
            "964" : 771,
            "972" : 935,
            "980" : 884,
            "988" : 746,
            "996" : 903,
            "1004" : 1055,
            "1012" : 1159,
            "1020" : 1338,
            "1032" : 2655,
            "1048" : 2181,
            "1064" : 1751,
            "1080" : 1454,
            "1096" : 1291,
            "1112" : 1299,
            "1128" : 1381,
            "1144" : 1765,
            "1160" : 2452,
            "1176" : 3256,
            "1192" : 3817,
            "1208" : 4541,
            "1224" : 5291,
            "1240" : 6627,
            "1256" : 7455,
            "1272" : 7615,
            "1288" : 8004,
            "1304" : 8396,
            "1320" : 8707,
            "1336" : 8528,
            "1352" : 7955,
            "1368" : 7457,
            "1384" : 6860,
            "1400" : 6426,
            "1416" : 5807,
            "1432" : 5206,
            "1448" : 4618,
            "1464" : 4175,
            "1480" : 3876,
            "1496" : 3626,
            "1512" : 3254,
            "1528" : 3261,
            "1544" : 3019,
            "1560" : 2882,
            "1576" : 2773,
            "1592" : 2711,
            "1608" : 2647,
            "1624" : 2663,
            "1640" : 2598,
            "1656" : 2417,
            "1672" : 2535,
            "1688" : 2471,
            "1704" : 2354,
            "1720" : 2402,
            "1736" : 2352,
            "1752" : 2323,
            "1768" : 2292,
            "1784" : 2116,
            "1800" : 2083,
            "1816" : 1932,
            "1832" : 1966,
            "1848" : 1855,
            "1864" : 1719,
            "1880" : 1702,
            "1896" : 1559,
            "1912" : 1442,
            "1928" : 1364,
            "1944" : 1367,
            "1960" : 1230,
            "1976" : 1229,
            "1992" : 1127,
            "2008" : 1085,
            "2024" : 1004,
            "2040" : 942,
            "2064" : 1711,
            "2096" : 1426,
            "2128" : 1283,
            "2160" : 1087,
            "2192" : 1008,
            "2224" : 831,
            "2256" : 712,
            "2288" : 619,
            "2320" : 538,
            "2352" : 484,
            "2384" : 416,
            "2416" : 401,
            "2448" : 294,
            "2480" : 265,
            "2512" : 229,
            "2544" : 225,
            "2576" : 211,
            "2608" : 182,
            "2640" : 159,
            "2672" : 152,
            "2704" : 142,
            "2736" : 137,
            "2768" : 105,
            "2800" : 138,
            "2832" : 123,
            "2864" : 97,
            "2896" : 102,
            "2928" : 82,
            "2960" : 88,
            "2992" : 76,
            "3024" : 101,
            "3056" : 81,
            "3088" : 77,
            "3120" : 92,
            "3152" : 99,
            "3184" : 91,
            "3216" : 88,
            "3248" : 85,
            "3280" : 93,
            "3312" : 88,
            "3344" : 94,
            "3376" : 99,
            "3408" : 108,
            "3440" : 79,
            "3472" : 101,
            "3504" : 89,
            "3536" : 95,
            "3568" : 136,
            "3600" : 108,
            "3632" : 104,
            "3664" : 111,
            "3696" : 111,
            "3728" : 119,
            "3760" : 122,
            "3792" : 107,
            "3824" : 113,
            "3856" : 107,
            "3888" : 116,
            "3920" : 116,
            "3952" : 114,
            "3984" : 97,
            "4016" : 139,
            "4048" : 97,
            "4080" : 118,
            "4128" : 219,
            "4192" : 212,
            "4256" : 219,
            "4320" : 205,
            "4384" : 201,
            "4448" : 225,
            "4512" : 188,
            "4576" : 189,
            "4640" : 204,
            "4704" : 172,
            "4768" : 178,
            "4832" : 160,
            "4896" : 153,
            "4960" : 140,
            "5024" : 121,
            "5088" : 106,
            "5152" : 105,
            "5216" : 86,
            "5280" : 79,
            "5344" : 76,
            "5408" : 72,
            "5472" : 50,
            "5536" : 39,
            "5600" : 36,
            "5664" : 35,
            "5728" : 34,
            "5792" : 37,
            "5856" : 36,
            "5920" : 27,
            "5984" : 28,
            "6048" : 22,
            "6112" : 22,
            "6176" : 20,
            "6240" : 26,
            "6304" : 17,
            "6368" : 13,
            "6432" : 19,
            "6496" : 18,
            "6560" : 9,
            "6624" : 7,
            "6688" : 12,
            "6752" : 12,
            "6816" : 7,
            "6880" : 11,
            "6944" : 9,
            "7008" : 11,
            "7072" : 8,
            "7136" : 14,
            "7200" : 7,
            "7264" : 7,
            "7328" : 12,
            "7392" : 9,
            "7456" : 6,
            "7520" : 6,