{
  "fio version" : "fio-3.39-38-gf18c",
  "timestamp" : 1744242942,
  "timestamp_ms" : 1744242942804,
  "time" : "Wed Apr  9 23:55:42 2025",
  "global options" : {
    "kb_base" : "1024",
    "runtime" : "600"
  },
  "jobs" : [
    {
      "jobname" : "nfsv3-randwrite-67108864-blk65536-iod4",
      "groupid" : 0,
      "job_start" : 1744242942415,
      "error" : 0,
      "eta" : 2147483647,
      "elapsed" : 1,
      "job options" : {
        "stonewall" : "",
        "rw" : "randwrite",
        "size" : "67108864",
        "bs" : "65536",
        "iodepth" : "4",
        "filename" : "/nfsv3/scratch/adam/fsbench/nfsv3/nfsv3-randwrite-67108864-blk65536-iod4.bin"
      },
      "read" : {
        "io_bytes" : 0,
        "io_kbytes" : 0,
        "bw_bytes" : 0,
        "bw" : 0,
        "iops" : 0.000000,
        "runtime" : 0,
        "total_ios" : 0,
        "short_ios" : 0,
        "drop_ios" : 0,
        "slat_ns" : {
          "min" : 0,
          "max" : 0,
          "mean" : 0.000000,
          "stddev" : 0.000000,
          "N" : 0
        },
        "clat_ns" : {
          "min" : 0,
          "max" : 0,
          "mean" : 0.000000,
          "stddev" : 0.000000,
          "N" : 0
        },
        "lat_ns" : {
          "min" : 0,
          "max" : 0,
          "mean" : 0.000000,
          "stddev" : 0.000000,
          "N" : 0
        },
        "bw_min" : 0,
        "bw_max" : 0,
        "bw_agg" : 0.000000,
        "bw_mean" : 0.000000,
        "bw_dev" : 0.000000,
        "bw_samples" : 0,
        "iops_min" : 0,
        "iops_max" : 0,
        "iops_mean" : 0.000000,
        "iops_stddev" : 0.000000,
        "iops_samples" : 0
      },
      "write" : {
        "io_bytes" : 67108864,
        "io_kbytes" : 65536,
        "bw_bytes" : 1973790117,
        "bw" : 1927529,
        "iops" : 30117.647059,
        "runtime" : 34,
        "total_ios" : 1024,
        "short_ios" : 0,
        "drop_ios" : 0,
        "slat_ns" : {
          "min" : 0,
          "max" : 0,
          "mean" : 0.000000,
          "stddev" : 0.000000,
          "N" : 0
        },
        "clat_ns" : {
          "min" : 25212,
          "max" : 105866,
          "mean" : 29880.309570,
          "stddev" : 5832.942235,
          "N" : 1024,
          "percentile" : {
            "1.000000" : 25472,
            "5.000000" : 25984,
            "10.000000" : 26240,
            "20.000000" : 26752,
            "30.000000" : 27008,
            "40.000000" : 27264,
            "50.000000" : 27520,
            "60.000000" : 28288,
            "70.000000" : 31872,
            "80.000000" : 33024,
            "90.000000" : 34560,
            "95.000000" : 37632,
            "99.000000" : 49920,
            "99.500000" : 57600,
            "99.900000" : 98816,
            "99.950000" : 105984,
            "99.990000" : 105984
          },
          "bins" : {
            "25216" : 2,
            "25472" : 11,
            "25728" : 23,
            "25984" : 32,
            "26240" : 58,
            "26496" : 72,
            "26752" : 75,
            "27008" : 92,
            "27264" : 95,
            "27520" : 64,
            "27776" : 51,
            "28032" : 31,
            "28288" : 28,
            "28544" : 12,
            "28800" : 9,
            "29056" : 9,
            "29312" : 9,
            "29568" : 4,
            "29824" : 9,
            "30080" : 2,
            "30336" : 2,
            "30592" : 2,
            "31104" : 2,
            "31360" : 6,
            "31616" : 10,
            "31872" : 13,
            "32128" : 16,
            "32384" : 19,
            "32640" : 24,
            "33024" : 55,
            "33536" : 40,
            "34048" : 32,
            "34560" : 28,
            "35072" : 7,
            "35584" : 9,
            "36096" : 5,
            "36608" : 10,
            "37120" : 3,
            "37632" : 4,
            "38144" : 5,
            "38656" : 3,
            "39168" : 1,
            "39680" : 5,
            "40192" : 2,
            "40704" : 2,
            "41216" : 4,
            "42240" : 2,
            "42752" : 3,
            "43264" : 2,
            "43776" : 2,
            "44288" : 1,
            "44800" : 2,
            "46848" : 1,
            "48384" : 1,
            "49408" : 2,
            "49920" : 1,
            "50944" : 1,
            "51456" : 1,
            "54016" : 1,
            "56064" : 1,
            "57600" : 1,
            "64768" : 1,
            "67072" : 1,
            "82432" : 1,
            "98816" : 1,
            "105984" : 1
          }
        },
        "lat_ns" : {
          "min" : 25525,
          "max" : 106140,
          "mean" : 30227.427734,
          "stddev" : 5931.134446,
          "N" : 1024
        },
        "bw_min" : 0,
        "bw_max" : 0,
        "bw_agg" : 0.000000,
        "bw_mean" : 0.000000,
        "bw_dev" : 0.000000,
        "bw_samples" : 0,
        "iops_min" : 0,
        "iops_max" : 0,
        "iops_mean" : 0.000000,
        "iops_stddev" : 0.000000,
        "iops_samples" : 0
      },
      "trim" : {
        "io_bytes" : 0,
        "io_kbytes" : 0,
        "bw_bytes" : 0,
        "bw" : 0,
        "iops" : 0.000000,
        "runtime" : 0,
        "total_ios" : 0,
        "short_ios" : 0,
        "drop_ios" : 0,
        "slat_ns" : {
          "min" : 0,
          "max" : 0,
          "mean" : 0.000000,
          "stddev" : 0.000000,
          "N" : 0
        },
        "clat_ns" : {
          "min" : 0,
          "max" : 0,
          "mean" : 0.000000,
          "stddev" : 0.000000,
          "N" : 0
        },
        "lat_ns" : {
          "min" : 0,
          "max" : 0,
          "mean" : 0.000000,
          "stddev" : 0.000000,
          "N" : 0
        },
        "bw_min" : 0,
        "bw_max" : 0,
        "bw_agg" : 0.000000,
        "bw_mean" : 0.000000,
        "bw_dev" : 0.000000,
        "bw_samples" : 0,
        "iops_min" : 0,
        "iops_max" : 0,
        "iops_mean" : 0.000000,
        "iops_stddev" : 0.000000,
        "iops_samples" : 0
      },
      "sync" : {
        "total_ios" : 0,
        "lat_ns" : {
          "min" : 0,
          "max" : 0,
          "mean" : 0.000000,
          "stddev" : 0.000000,
          "N" : 0
        }
      },
      "job_runtime" : 33,
      "usr_cpu" : 0.000000,
      "sys_cpu" : 90.909091,
      "ctx" : 2,
      "majf" : 0,
      "minf" : 7,
      "iodepth_level" : {
        "1" : 100.000000,
        "2" : 0.000000,
        "4" : 0.000000,
        "8" : 0.000000,
        "16" : 0.000000,
        "32" : 0.000000,
        ">=64" : 0.000000
      },
      "iodepth_submit" : {
        "0" : 0.000000,
        "4" : 100.000000,
        "8" : 0.000000,
        "16" : 0.000000,
        "32" : 0.000000,
        "64" : 0.000000,
        ">=64" : 0.000000
      },
      "iodepth_complete" : {
        "0" : 0.000000,
        "4" : 100.000000,
        "8" : 0.000000,
        "16" : 0.000000,
        "32" : 0.000000,
        "64" : 0.000000,
        ">=64" : 0.000000
      },
      "latency_ns" : {
        "2" : 0.000000,
        "4" : 0.000000,
        "10" : 0.000000,
        "20" : 0.000000,
        "50" : 0.000000,
        "100" : 0.000000,
        "250" : 0.000000,
        "500" : 0.000000,
        "750" : 0.000000,
        "1000" : 0.000000
      },
      "latency_us" : {
        "2" : 0.000000,
        "4" : 0.000000,
        "10" : 0.000000,
        "20" : 0.000000,
        "50" : 99.023438,
        "100" : 0.878906,
        "250" : 0.097656,
        "500" : 0.000000,
        "750" : 0.000000,
        "1000" : 0.000000
      },
      "latency_ms" : {
        "2" : 0.000000,
        "4" : 0.000000,
        "10" : 0.000000,
        "20" : 0.000000,
        "50" : 0.000000,
        "100" : 0.000000,
        "250" : 0.000000,
        "500" : 0.000000,
        "750" : 0.000000,
        "1000" : 0.000000,
        "2000" : 0.000000,
        ">=2000" : 0.000000
      },
      "latency_depth" : 4,
      "latency_target" : 0,