{
  "fio version" : "fio-3.39-38-gf18c",
  "timestamp" : 1744242940,
  "timestamp_ms" : 1744242940292,
  "time" : "Wed Apr  9 23:55:40 2025",
  "global options" : {
    "kb_base" : "1024",
    "runtime" : "600"
  },
  "jobs" : [
    {
      "jobname" : "nfsv4-randwrite-67108864-blk65536-iod1",
      "groupid" : 0,
      "job_start" : 1744242940154,
      "error" : 0,
      "eta" : 2147483647,
      "elapsed" : 1,
      "job options" : {
        "stonewall" : "",
        "rw" : "randwrite",
        "size" : "67108864",
        "bs" : "65536",
        "iodepth" : "1",
        "filename" : "/scratch/adam/fsbench/nfsv4/nfsv4-randwrite-67108864-blk65536-iod1.bin"
      },
      "read" : {
        "io_bytes" : 0,
        "io_kbytes" : 0,
        "bw_bytes" : 0,
        "bw" : 0,
        "iops" : 0.000000,
        "runtime" : 0,
        "total_ios" : 0,
        "short_ios" : 0,
        "drop_ios" : 0,
        "slat_ns" : {
          "min" : 0,
          "max" : 0,
          "mean" : 0.000000,
          "stddev" : 0.000000,
          "N" : 0
        },
        "clat_ns" : {
          "min" : 0,
          "max" : 0,
          "mean" : 0.000000,
          "stddev" : 0.000000,
          "N" : 0
        },
        "lat_ns" : {
          "min" : 0,
          "max" : 0,
          "mean" : 0.000000,
          "stddev" : 0.000000,
          "N" : 0
        },
        "bw_min" : 0,
        "bw_max" : 0,
        "bw_agg" : 0.000000,
        "bw_mean" : 0.000000,
        "bw_dev" : 0.000000,
        "bw_samples" : 0,
        "iops_min" : 0,
        "iops_max" : 0,
        "iops_mean" : 0.000000,
        "iops_stddev" : 0.000000,
        "iops_samples" : 0
      },
      "write" : {
        "io_bytes" : 67108864,
        "io_kbytes" : 65536,
        "bw_bytes" : 1864135111,
        "bw" : 1820444,
        "iops" : 28444.444444,
        "runtime" : 36,
        "total_ios" : 1024,
        "short_ios" : 0,
        "drop_ios" : 0,
        "slat_ns" : {
          "min" : 0,
          "max" : 0,
          "mean" : 0.000000,
          "stddev" : 0.000000,
          "N" : 0
        },
        "clat_ns" : {
          "min" : 25137,
          "max" : 92603,
          "mean" : 32814.063477,
          "stddev" : 6991.900005,
          "N" : 1024,
          "percentile" : {
            "1.000000" : 25984,
            "5.000000" : 26240,
            "10.000000" : 26496,
            "20.000000" : 27008,
            "30.000000" : 27520,
            "40.000000" : 28288,
            "50.000000" : 31872,
            "60.000000" : 33536,
            "70.000000" : 35072,
            "80.000000" : 37120,
            "90.000000" : 41728,
            "95.000000" : 45312,
            "99.000000" : 54016,
            "99.500000" : 61696,
            "99.900000" : 77312,
            "99.950000" : 92672,
            "99.990000" : 92672
          },
          "bins" : {
            "25216" : 2,
            "25472" : 2,
            "25728" : 5,
            "25984" : 15,
            "26240" : 36,
            "26496" : 54,
            "26752" : 57,
            "27008" : 58,
            "27264" : 57,
            "27520" : 54,
            "27776" : 34,
            "28032" : 29,
            "28288" : 18,
            "28544" : 9,
            "28800" : 8,
            "29056" : 8,
            "29312" : 5,
            "29568" : 6,
            "29824" : 5,
            "30080" : 1,
            "30336" : 6,
            "30592" : 2,
            "30848" : 7,
            "31104" : 7,
            "31360" : 8,
            "31616" : 10,
            "31872" : 16,
            "32128" : 14,
            "32384" : 15,
            "32640" : 15,
            "33024" : 43,
            "33536" : 32,
            "34048" : 40,
            "34560" : 28,
            "35072" : 20,
            "35584" : 22,
            "36096" : 26,
            "36608" : 30,
            "37120" : 28,
            "37632" : 17,
            "38144" : 15,
            "38656" : 12,
            "39168" : 9,
            "39680" : 5,
            "40192" : 8,
            "40704" : 6,
            "41216" : 12,
            "41728" : 11,
            "42240" : 5,
            "42752" : 7,
            "43264" : 11,
            "43776" : 7,
            "44288" : 7,
            "44800" : 6,
            "45312" : 3,
            "45824" : 5,
            "46336" : 2,
            "46848" : 8,
            "47360" : 3,
            "47872" : 2,
            "48384" : 2,
            "48896" : 4,
            "49920" : 4,
            "50432" : 1,
            "50944" : 1,
            "51968" : 1,
            "52480" : 2,
            "52992" : 2,
            "53504" : 1,
            "54016" : 3,
            "55040" : 2,
            "55552" : 1,
            "58112" : 1,
            "61696" : 1,
            "62720" : 1,
            "70144" : 1,
            "77312" : 2,
            "92672" : 1
          }
        },
        "lat_ns" : {
          "min" : 25473,
          "max" : 92920,
          "mean" : 33194.320312,
          "stddev" : 7068.100233,
          "N" : 1024
        },
        "bw_min" : 0,
        "bw_max" : 0,
        "bw_agg" : 0.000000,
        "bw_mean" : 0.000000,
        "bw_dev" : 0.000000,
        "bw_samples" : 0,
        "iops_min" : 0,
        "iops_max" : 0,
        "iops_mean" : 0.000000,
        "iops_stddev" : 0.000000,
        "iops_samples" : 0
      },
      "trim" : {
        "io_bytes" : 0,
        "io_kbytes" : 0,
        "bw_bytes" : 0,
        "bw" : 0,
        "iops" : 0.000000,
        "runtime" : 0,
        "total_ios" : 0,
        "short_ios" : 0,
        "drop_ios" : 0,
        "slat_ns" : {
          "min" : 0,
          "max" : 0,
          "mean" : 0.000000,
          "stddev" : 0.000000,
          "N" : 0
        },
        "clat_ns" : {
          "min" : 0,
          "max" : 0,
          "mean" : 0.000000,
          "stddev" : 0.000000,
          "N" : 0
        },
        "lat_ns" : {
          "min" : 0,
          "max" : 0,
          "mean" : 0.000000,
          "stddev" : 0.000000,
          "N" : 0
        },
        "bw_min" : 0,
        "bw_max" : 0,
        "bw_agg" : 0.000000,
        "bw_mean" : 0.000000,
        "bw_dev" : 0.000000,
        "bw_samples" : 0,
        "iops_min" : 0,
        "iops_max" : 0,
        "iops_mean" : 0.000000,
        "iops_stddev" : 0.000000,
        "iops_samples" : 0
      },
      "sync" : {
        "total_ios" : 0,
        "lat_ns" : {
          "min" : 0,
          "max" : 0,
          "mean" : 0.000000,
          "stddev" : 0.000000,
          "N" : 0
        }
      },
      "job_runtime" : 35,
      "usr_cpu" : 0.000000,
      "sys_cpu" : 94.285714,
      "ctx" : 1,
      "majf" : 0,
      "minf" : 8,
      "iodepth_level" : {
        "1" : 100.000000,
        "2" : 0.000000,
        "4" : 0.000000,
        "8" : 0.000000,
        "16" : 0.000000,
        "32" : 0.000000,
        ">=64" : 0.000000
      },
      "iodepth_submit" : {
        "0" : 0.000000,
        "4" : 100.000000,
        "8" : 0.000000,
        "16" : 0.000000,
        "32" : 0.000000,
        "64" : 0.000000,
        ">=64" : 0.000000
      },
      "iodepth_complete" : {
        "0" : 0.000000,
        "4" : 100.000000,
        "8" : 0.000000,
        "16" : 0.000000,
        "32" : 0.000000,
        "64" : 0.000000,
        ">=64" : 0.000000
      },
      "latency_ns" : {
        "2" : 0.000000,
        "4" : 0.000000,
        "10" : 0.000000,
        "20" : 0.000000,
        "50" : 0.000000,
        "100" : 0.000000,
        "250" : 0.000000,
        "500" : 0.000000,
        "750" : 0.000000,
        "1000" : 0.000000
      },
      "latency_us" : {
        "2" : 0.000000,
        "4" : 0.000000,
        "10" : 0.000000,
        "20" : 0.000000,
        "50" : 97.753906,
        "100" : 2.246094,
        "250" : 0.000000,
        "500" : 0.000000,
        "750" : 0.000000,
        "1000" : 0.000000
      },
      "latency_ms" : {
        "2" : 0.000000,
        "4" : 0.000000,
        "10" : 0.000000,