{
  "fio version" : "fio-3.39-38-gf18c",
  "timestamp" : 1744238188,
  "timestamp_ms" : 1744238188278,
  "time" : "Wed Apr  9 22:36:28 2025",
  "global options" : {
    "kb_base" : "1024",
    "runtime" : "600"
  },
  "jobs" : [
    {
      "jobname" : "nfsv3-write-67108864-blk65536-iod4",
      "groupid" : 0,
      "job_start" : 1744238188138,
      "error" : 0,
      "eta" : 2147483647,
      "elapsed" : 1,
      "job options" : {
        "stonewall" : "",
        "rw" : "write",
        "size" : "67108864",
        "bs" : "65536",
        "iodepth" : "4",
        "filename" : "/nfsv3/scratch/adam/fsbench/nfsv3/nfsv3-write-67108864-blk65536-iod4.bin"
      },
      "read" : {
        "io_bytes" : 0,
        "io_kbytes" : 0,
        "bw_bytes" : 0,
        "bw" : 0,
        "iops" : 0.000000,
        "runtime" : 0,
        "total_ios" : 0,
        "short_ios" : 0,
        "drop_ios" : 0,
        "slat_ns" : {
          "min" : 0,
          "max" : 0,
          "mean" : 0.000000,
          "stddev" : 0.000000,
          "N" : 0
        },
        "clat_ns" : {
          "min" : 0,
          "max" : 0,
          "mean" : 0.000000,
          "stddev" : 0.000000,
          "N" : 0
        },
        "lat_ns" : {
          "min" : 0,
          "max" : 0,
          "mean" : 0.000000,
          "stddev" : 0.000000,
          "N" : 0
        },
        "bw_min" : 0,
        "bw_max" : 0,
        "bw_agg" : 0.000000,
        "bw_mean" : 0.000000,
        "bw_dev" : 0.000000,
        "bw_samples" : 0,
        "iops_min" : 0,
        "iops_max" : 0,
        "iops_mean" : 0.000000,
        "iops_stddev" : 0.000000,
        "iops_samples" : 0
      },
      "write" : {
        "io_bytes" : 67108864,
        "io_kbytes" : 65536,
        "bw_bytes" : 2033601939,
        "bw" : 1985939,
        "iops" : 31030.303030,
        "runtime" : 33,
        "total_ios" : 1024,
        "short_ios" : 0,
        "drop_ios" : 0,
        "slat_ns" : {
          "min" : 0,
          "max" : 0,
          "mean" : 0.000000,
          "stddev" : 0.000000,
          "N" : 0
        },
        "clat_ns" : {
          "min" : 25234,
          "max" : 51960,
          "mean" : 29220.665039,
          "stddev" : 3812.823726,
          "N" : 1024,
          "percentile" : {
            "1.000000" : 25728,
            "5.000000" : 25984,
            "10.000000" : 26240,
            "20.000000" : 26496,
            "30.000000" : 26752,
            "40.000000" : 27008,
            "50.000000" : 27264,
            "60.000000" : 27776,
            "70.000000" : 31360,
            "80.000000" : 32640,
            "90.000000" : 33536,
            "95.000000" : 36096,
            "99.000000" : 42752,
            "99.500000" : 44800,
            "99.900000" : 51456,
            "99.950000" : 51968,
            "99.990000" : 51968
          },
          "bins" : {
            "25216" : 2,
            "25472" : 3,
            "25728" : 20,
            "25984" : 36,
            "26240" : 70,
            "26496" : 113,
            "26752" : 107,
            "27008" : 79,
            "27264" : 88,
            "27520" : 58,
            "27776" : 44,
            "28032" : 25,
            "28288" : 20,
            "28544" : 12,
            "28800" : 7,
            "29056" : 3,
            "29312" : 1,
            "29568" : 2,
            "29824" : 2,
            "30080" : 4,
            "30336" : 4,
            "30592" : 4,
            "30848" : 7,
            "31104" : 5,
            "31360" : 6,
            "31616" : 12,
            "31872" : 20,
            "32128" : 23,
            "32384" : 28,
            "32640" : 30,
            "33024" : 65,
            "33536" : 37,
            "34048" : 17,
            "34560" : 5,
            "35072" : 8,
            "35584" : 3,
            "36096" : 4,
            "36608" : 6,
            "37120" : 4,
            "37632" : 6,
            "38144" : 5,
            "38656" : 7,
            "39680" : 1,
            "40192" : 2,
            "40704" : 2,
            "42240" : 5,
            "42752" : 2,
            "43264" : 1,
            "43776" : 1,
            "44288" : 2,
            "44800" : 1,
            "47872" : 1,
            "49920" : 1,
            "50944" : 1,
            "51456" : 1,
            "51968" : 1
          }
        },
        "lat_ns" : {
          "min" : 25528,
          "max" : 59360,
          "mean" : 29571.754883,
          "stddev" : 3872.101804,
          "N" : 1024
        },
        "bw_min" : 0,
        "bw_max" : 0,
        "bw_agg" : 0.000000,
        "bw_mean" : 0.000000,
        "bw_dev" : 0.000000,
        "bw_samples" : 0,
        "iops_min" : 0,
        "iops_max" : 0,
        "iops_mean" : 0.000000,
        "iops_stddev" : 0.000000,
        "iops_samples" : 0
      },
      "trim" : {
        "io_bytes" : 0,
        "io_kbytes" : 0,
        "bw_bytes" : 0,
        "bw" : 0,
        "iops" : 0.000000,
        "runtime" : 0,
        "total_ios" : 0,
        "short_ios" : 0,
        "drop_ios" : 0,
        "slat_ns" : {
          "min" : 0,
          "max" : 0,
          "mean" : 0.000000,
          "stddev" : 0.000000,
          "N" : 0
        },
        "clat_ns" : {
          "min" : 0,
          "max" : 0,
          "mean" : 0.000000,
          "stddev" : 0.000000,
          "N" : 0
        },
        "lat_ns" : {
          "min" : 0,
          "max" : 0,
          "mean" : 0.000000,
          "stddev" : 0.000000,
          "N" : 0
        },
        "bw_min" : 0,
        "bw_max" : 0,
        "bw_agg" : 0.000000,
        "bw_mean" : 0.000000,
        "bw_dev" : 0.000000,
        "bw_samples" : 0,
        "iops_min" : 0,
        "iops_max" : 0,
        "iops_mean" : 0.000000,
        "iops_stddev" : 0.000000,
        "iops_samples" : 0
      },
      "sync" : {
        "total_ios" : 0,
        "lat_ns" : {
          "min" : 0,
          "max" : 0,
          "mean" : 0.000000,
          "stddev" : 0.000000,
          "N" : 0
        }
      },
      "job_runtime" : 32,
      "usr_cpu" : 9.375000,
      "sys_cpu" : 81.250000,
      "ctx" : 2,
      "majf" : 0,
      "minf" : 7,
      "iodepth_level" : {
        "1" : 100.000000,
        "2" : 0.000000,
        "4" : 0.000000,
        "8" : 0.000000,
        "16" : 0.000000,
        "32" : 0.000000,
        ">=64" : 0.000000
      },
      "iodepth_submit" : {
        "0" : 0.000000,
        "4" : 100.000000,
        "8" : 0.000000,
        "16" : 0.000000,
        "32" : 0.000000,
        "64" : 0.000000,
        ">=64" : 0.000000
      },
      "iodepth_complete" : {
        "0" : 0.000000,
        "4" : 100.000000,
        "8" : 0.000000,
        "16" : 0.000000,
        "32" : 0.000000,
        "64" : 0.000000,
        ">=64" : 0.000000
      },
      "latency_ns" : {
        "2" : 0.000000,
        "4" : 0.000000,
        "10" : 0.000000,
        "20" : 0.000000,
        "50" : 0.000000,
        "100" : 0.000000,
        "250" : 0.000000,
        "500" : 0.000000,
        "750" : 0.000000,
        "1000" : 0.000000
      },
      "latency_us" : {
        "2" : 0.000000,
        "4" : 0.000000,
        "10" : 0.000000,
        "20" : 0.000000,
        "50" : 99.707031,
        "100" : 0.292969,
        "250" : 0.000000,
        "500" : 0.000000,
        "750" : 0.000000,
        "1000" : 0.000000
      },
      "latency_ms" : {
        "2" : 0.000000,
        "4" : 0.000000,
        "10" : 0.000000,
        "20" : 0.000000,
        "50" : 0.000000,
        "100" : 0.000000,
        "250" : 0.000000,
        "500" : 0.000000,
        "750" : 0.000000,
        "1000" : 0.000000,
        "2000" : 0.000000,
        ">=2000" : 0.000000
      },
      "latency_depth" : 4,
      "latency_target" : 0,
      "latency_percentile" : 100.000000,
      "latency_window" : 0
    }
  ]
}
