{
  "fio version" : "fio-3.39-38-gf18c",
  "timestamp" : 1744238242,
  "timestamp_ms" : 1744238242007,
  "time" : "Wed Apr  9 22:37:22 2025",
  "global options" : {
    "kb_base" : "1024",
    "runtime" : "600"
  },
  "jobs" : [
    {
      "jobname" : "nfsv4-write-1073741824-blk256-iod4",
      "groupid" : 0,
      "job_start" : 1744238229619,
      "error" : 0,
      "eta" : 0,
      "elapsed" : 13,
      "job options" : {
        "stonewall" : "",
        "rw" : "write",
        "size" : "1073741824",
        "bs" : "256",
        "iodepth" : "4",
        "filename" : "/scratch/adam/fsbench/nfsv4/nfsv4-write-1073741824-blk256-iod4.bin"
      },
      "read" : {
        "io_bytes" : 0,
        "io_kbytes" : 0,
        "bw_bytes" : 0,
        "bw" : 0,
        "iops" : 0.000000,
        "runtime" : 0,
        "total_ios" : 0,
        "short_ios" : 0,
        "drop_ios" : 0,
        "slat_ns" : {
          "min" : 0,
          "max" : 0,
          "mean" : 0.000000,
          "stddev" : 0.000000,
          "N" : 0
        },
        "clat_ns" : {
          "min" : 0,
          "max" : 0,
          "mean" : 0.000000,
          "stddev" : 0.000000,
          "N" : 0
        },
        "lat_ns" : {
          "min" : 0,
          "max" : 0,
          "mean" : 0.000000,
          "stddev" : 0.000000,
          "N" : 0
        },
        "bw_min" : 0,
        "bw_max" : 0,
        "bw_agg" : 0.000000,
        "bw_mean" : 0.000000,
        "bw_dev" : 0.000000,
        "bw_samples" : 0,
        "iops_min" : 0,
        "iops_max" : 0,
        "iops_mean" : 0.000000,
        "iops_stddev" : 0.000000,
        "iops_samples" : 0
      },
      "write" : {
        "io_bytes" : 1073741824,
        "io_kbytes" : 1048576,
        "bw_bytes" : 221070995,
        "bw" : 215889,
        "iops" : 863558.575252,
        "runtime" : 4857,
        "total_ios" : 4194304,
        "short_ios" : 0,
        "drop_ios" : 0,
        "slat_ns" : {
          "min" : 0,
          "max" : 0,
          "mean" : 0.000000,
          "stddev" : 0.000000,
          "N" : 0
        },
        "clat_ns" : {
          "min" : 745,
          "max" : 152226,
          "mean" : 945.098376,
          "stddev" : 639.734452,
          "N" : 4194304,
          "percentile" : {
            "1.000000" : 756,
            "5.000000" : 764,
            "10.000000" : 764,
            "20.000000" : 772,
            "30.000000" : 780,
            "40.000000" : 828,
            "50.000000" : 852,
            "60.000000" : 860,
            "70.000000" : 868,
            "80.000000" : 884,
            "90.000000" : 940,
            "95.000000" : 1864,
            "99.000000" : 2704,
            "99.500000" : 3312,
            "99.900000" : 8384,
            "99.950000" : 9920,
            "99.990000" : 15808
          },
          "bins" : {
            "748" : 1377,
            "756" : 82665,
            "764" : 487281,
            "772" : 564216,
            "780" : 274277,
            "788" : 64230,
            "796" : 26214,
            "804" : 28703,
            "812" : 50018,
            "820" : 76029,
            "828" : 134388,
            "836" : 126629,
            "844" : 148990,
            "852" : 225828,
            "860" : 362770,
            "868" : 415862,
            "876" : 278109,
            "884" : 124368,
            "892" : 43230,
            "900" : 25322,
            "908" : 31661,
            "916" : 42062,
            "924" : 66054,
            "932" : 62878,
            "940" : 41986,
            "948" : 19049,
            "956" : 9028,
            "964" : 5439,
            "972" : 3720,
            "980" : 3062,
            "988" : 2741,
            "996" : 2377,
            "1004" : 2206,
            "1012" : 1679,
            "1020" : 1258,
            "1032" : 2012,
            "1048" : 1684,
            "1064" : 1709,
            "1080" : 1662,
            "1096" : 1869,
            "1112" : 2128,
            "1128" : 2250,
            "1144" : 2296,
            "1160" : 2501,
            "1176" : 3277,
            "1192" : 4265,
            "1208" : 3306,
            "1224" : 2796,
            "1240" : 2766,
            "1256" : 2670,
            "1272" : 2652,
            "1288" : 2887,
            "1304" : 3113,
            "1320" : 2592,
            "1336" : 1791,
            "1352" : 1443,
            "1368" : 1323,
            "1384" : 1274,
            "1400" : 1178,
            "1416" : 1067,
            "1432" : 1006,
            "1448" : 874,
            "1464" : 830,
            "1480" : 801,
            "1496" : 736,
            "1512" : 660,
            "1528" : 773,
            "1544" : 932,
            "1560" : 1445,
            "1576" : 2054,
            "1592" : 2522,
            "1608" : 3065,
            "1624" : 3412,
            "1640" : 3713,
            "1656" : 4203,
            "1672" : 4268,
            "1688" : 4377,
            "1704" : 4174,
            "1720" : 4803,
            "1736" : 5180,
            "1752" : 5696,
            "1768" : 5707,
            "1784" : 5872,
            "1800" : 5897,
            "1816" : 5970,
            "1832" : 6079,
            "1848" : 6305,
            "1864" : 6182,
            "1880" : 6398,
            "1896" : 6368,
            "1912" : 6250,
            "1928" : 6362,
            "1944" : 6351,
            "1960" : 6237,
            "1976" : 6255,
            "1992" : 6151,
            "2008" : 5809,
            "2024" : 5613,
            "2040" : 5588,
            "2064" : 10362,
            "2096" : 9811,
            "2128" : 8773,
            "2160" : 7859,
            "2192" : 7235,
            "2224" : 6303,
            "2256" : 5735,
            "2288" : 5261,
            "2320" : 4567,
            "2352" : 4205,
            "2384" : 3594,
            "2416" : 3166,
            "2448" : 3035,
            "2480" : 2658,
            "2512" : 2372,
            "2544" : 2214,
            "2576" : 2179,
            "2608" : 2043,
            "2640" : 1974,
            "2672" : 1836,
            "2704" : 1680,
            "2736" : 1693,
            "2768" : 1583,
            "2800" : 1477,
            "2832" : 1439,
            "2864" : 1414,
            "2896" : 1323,
            "2928" : 1281,
            "2960" : 1176,
            "2992" : 1013,
            "3024" : 959,
            "3056" : 985,
            "3088" : 828,
            "3120" : 834,
            "3152" : 717,
            "3184" : 683,
            "3216" : 636,
            "3248" : 564,
            "3280" : 508,
            "3312" : 472,
            "3344" : 419,
            "3376" : 392,
            "3408" : 360,
            "3440" : 327,
            "3472" : 275,
            "3504" : 271,
            "3536" : 260,
            "3568" : 210,
            "3600" : 218,
            "3632" : 182,
            "3664" : 164,
            "3696" : 187,
            "3728" : 166,
            "3760" : 165,
            "3792" : 167,
            "3824" : 149,
            "3856" : 173,
            "3888" : 127,
            "3920" : 153,
            "3952" : 138,
            "3984" : 161,
            "4016" : 145,
            "4048" : 132,
            "4080" : 136,
            "4128" : 292,
            "4192" : 319,
            "4256" : 309,
            "4320" : 271,
            "4384" : 292,
            "4448" : 267,
            "4512" : 280,
            "4576" : 254,
            "4640" : 239,
            "4704" : 230,
            "4768" : 209,
            "4832" : 218,
            "4896" : 171,
            "4960" : 175,
            "5024" : 187,
            "5088" : 177,
            "5152" : 200,
            "5216" : 191,
            "5280" : 209,
            "5344" : 224,
            "5408" : 213,
            "5472" : 202,
            "5536" : 192,
            "5600" : 204,
            "5664" : 204,
            "5728" : 193,
            "5792" : 240,
            "5856" : 206,
            "5920" : 203,
            "5984" : 208,