{
  "fio version" : "fio-3.39-38-gf18c",
  "timestamp" : 1744242787,
  "timestamp_ms" : 1744242787165,
  "time" : "Wed Apr  9 23:53:07 2025",
  "global options" : {
    "kb_base" : "1024",
    "runtime" : "600"
  },
  "jobs" : [
    {
      "jobname" : "nfsv4-randwrite-262144-blk256-iod16",
      "groupid" : 0,
      "job_start" : 1744242787027,
      "error" : 0,
      "eta" : 2147483647,
      "elapsed" : 1,
      "job options" : {
        "stonewall" : "",
        "rw" : "randwrite",
        "size" : "262144",
        "bs" : "256",
        "iodepth" : "16",
        "filename" : "/scratch/adam/fsbench/nfsv4/nfsv4-randwrite-262144-blk256-iod16.bin"
      },
      "read" : {
        "io_bytes" : 0,
        "io_kbytes" : 0,
        "bw_bytes" : 0,
        "bw" : 0,
        "iops" : 0.000000,
        "runtime" : 0,
        "total_ios" : 0,
        "short_ios" : 0,
        "drop_ios" : 0,
        "slat_ns" : {
          "min" : 0,
          "max" : 0,
          "mean" : 0.000000,
          "stddev" : 0.000000,
          "N" : 0
        },
        "clat_ns" : {
          "min" : 0,
          "max" : 0,
          "mean" : 0.000000,
          "stddev" : 0.000000,
          "N" : 0
        },
        "lat_ns" : {
          "min" : 0,
          "max" : 0,
          "mean" : 0.000000,
          "stddev" : 0.000000,
          "N" : 0
        },
        "bw_min" : 0,
        "bw_max" : 0,
        "bw_agg" : 0.000000,
        "bw_mean" : 0.000000,
        "bw_dev" : 0.000000,
        "bw_samples" : 0,
        "iops_min" : 0,
        "iops_max" : 0,
        "iops_mean" : 0.000000,
        "iops_stddev" : 0.000000,
        "iops_samples" : 0
      },
      "write" : {
        "io_bytes" : 262144,
        "io_kbytes" : 256,
        "bw_bytes" : 4032984,
        "bw" : 3938,
        "iops" : 15753.846154,
        "runtime" : 65,
        "total_ios" : 1024,
        "short_ios" : 0,
        "drop_ios" : 0,
        "slat_ns" : {
          "min" : 0,
          "max" : 0,
          "mean" : 0.000000,
          "stddev" : 0.000000,
          "N" : 0
        },
        "clat_ns" : {
          "min" : 792,
          "max" : 1582644,
          "mean" : 61372.811523,
          "stddev" : 238011.964649,
          "N" : 1024,
          "percentile" : {
            "1.000000" : 884,
            "5.000000" : 940,
            "10.000000" : 956,
            "20.000000" : 972,
            "30.000000" : 996,
            "40.000000" : 1020,
            "50.000000" : 1032,
            "60.000000" : 1064,
            "70.000000" : 1112,
            "80.000000" : 1320,
            "90.000000" : 2160,
            "95.000000" : 937984,
            "99.000000" : 1028096,
            "99.500000" : 1056768,
            "99.900000" : 1122304,
            "99.950000" : 1581056,
            "99.990000" : 1581056
          },
          "bins" : {
            "796" : 2,
            "828" : 1,
            "844" : 1,
            "852" : 1,
            "860" : 3,
            "876" : 2,
            "884" : 4,
            "892" : 5,
            "900" : 2,
            "908" : 7,
            "916" : 3,
            "924" : 2,
            "932" : 12,
            "940" : 25,
            "948" : 31,
            "956" : 36,
            "964" : 47,
            "972" : 54,
            "980" : 36,
            "988" : 31,
            "996" : 36,
            "1004" : 31,
            "1012" : 17,
            "1020" : 45,
            "1032" : 90,
            "1048" : 76,
            "1064" : 46,
            "1080" : 35,
            "1096" : 32,
            "1112" : 7,
            "1128" : 11,
            "1144" : 6,
            "1160" : 11,
            "1176" : 11,
            "1192" : 8,
            "1208" : 9,
            "1224" : 5,
            "1240" : 8,
            "1256" : 8,
            "1272" : 4,
            "1288" : 5,
            "1304" : 5,
            "1320" : 9,
            "1336" : 9,
            "1352" : 7,
            "1368" : 9,
            "1384" : 2,
            "1400" : 9,
            "1416" : 3,
            "1432" : 3,
            "1448" : 7,
            "1464" : 5,
            "1480" : 11,
            "1496" : 3,
            "1512" : 1,
            "1528" : 4,
            "1544" : 4,
            "1560" : 4,
            "1576" : 2,
            "1592" : 1,
            "1608" : 1,
            "1624" : 2,
            "1656" : 2,
            "1704" : 1,
            "1720" : 2,
            "1736" : 2,
            "1800" : 1,
            "1848" : 1,
            "1864" : 1,
            "1880" : 2,
            "1976" : 1,
            "2128" : 1,
            "2160" : 1,
            "2224" : 1,
            "2352" : 1,
            "2416" : 1,
            "2480" : 1,
            "2608" : 1,
            "2672" : 1,
            "2736" : 1,
            "2832" : 2,
            "2928" : 1,
            "2960" : 1,
            "2992" : 3,
            "3024" : 3,
            "3056" : 1,
            "3088" : 1,
            "3120" : 1,
            "3152" : 1,
            "3184" : 1,
            "3344" : 1,
            "3536" : 1,
            "3664" : 1,
            "3792" : 2,
            "4128" : 1,
            "4256" : 2,
            "4320" : 1,
            "4576" : 1,
            "4832" : 1,
            "5216" : 1,
            "5664" : 1,
            "6368" : 1,
            "9536" : 1,
            "11584" : 1,
            "12992" : 1,
            "28800" : 1,
            "905216" : 1,
            "913408" : 2,
            "921600" : 1,
            "929792" : 4,
            "937984" : 5,
            "946176" : 4,
            "954368" : 3,
            "962560" : 4,
            "970752" : 3,
            "978944" : 3,
            "987136" : 4,
            "995328" : 8,
            "1003520" : 2,
            "1011712" : 2,
            "1019904" : 4,
            "1028096" : 4,
            "1036288" : 1,
            "1044480" : 1,
            "1056768" : 2,
            "1073152" : 1,
            "1105920" : 1,
            "1122304" : 1,
            "1581056" : 1
          }
        },
        "lat_ns" : {
          "min" : 822,
          "max" : 1582971,
          "mean" : 61422.412109,
          "stddev" : 238041.815545,
          "N" : 1024
        },
        "bw_min" : 0,
        "bw_max" : 0,
        "bw_agg" : 0.000000,
        "bw_mean" : 0.000000,
        "bw_dev" : 0.000000,
        "bw_samples" : 0,
        "iops_min" : 0,
        "iops_max" : 0,
        "iops_mean" : 0.000000,
        "iops_stddev" : 0.000000,
        "iops_samples" : 0
      },
      "trim" : {
        "io_bytes" : 0,
        "io_kbytes" : 0,
        "bw_bytes" : 0,
        "bw" : 0,
        "iops" : 0.000000,
        "runtime" : 0,
        "total_ios" : 0,
        "short_ios" : 0,
        "drop_ios" : 0,
        "slat_ns" : {
          "min" : 0,
          "max" : 0,
          "mean" : 0.000000,
          "stddev" : 0.000000,
          "N" : 0
        },
        "clat_ns" : {
          "min" : 0,
          "max" : 0,
          "mean" : 0.000000,
          "stddev" : 0.000000,
          "N" : 0
        },
        "lat_ns" : {
          "min" : 0,
          "max" : 0,
          "mean" : 0.000000,
          "stddev" : 0.000000,
          "N" : 0
        },
        "bw_min" : 0,
        "bw_max" : 0,
        "bw_agg" : 0.000000,
        "bw_mean" : 0.000000,
        "bw_dev" : 0.000000,
        "bw_samples" : 0,
        "iops_min" : 0,
        "iops_max" : 0,
        "iops_mean" : 0.000000,
        "iops_stddev" : 0.000000,
        "iops_samples" : 0
      },
      "sync" : {
        "total_ios" : 0,
        "lat_ns" : {
          "min" : 0,
          "max" : 0,
          "mean" : 0.000000,
          "stddev" : 0.000000,
          "N" : 0
        }
      },
      "job_runtime" : 64,
      "usr_cpu" : 0.000000,
      "sys_cpu" : 3.125000,
      "ctx" : 63,
      "majf" : 0,
      "minf" : 7,
      "iodepth_level" : {
        "1" : 100.000000,
        "2" : 0.000000,
        "4" : 0.000000,
        "8" : 0.000000,
        "16" : 0.000000,