{
  "fio version" : "fio-3.39-38-gf18c",
  "timestamp" : 1744238166,
  "timestamp_ms" : 1744238166276,
  "time" : "Wed Apr  9 22:36:06 2025",
  "global options" : {
    "kb_base" : "1024",
    "runtime" : "600"
  },
  "jobs" : [
    {
      "jobname" : "nfsv3-write-4194304-blk65536-iod4",
      "groupid" : 0,
      "job_start" : 1744238166136,
      "error" : 0,
      "eta" : 2147483647,
      "elapsed" : 1,
      "job options" : {
        "stonewall" : "",
        "rw" : "write",
        "size" : "4194304",
        "bs" : "65536",
        "iodepth" : "4",
        "filename" : "/nfsv3/scratch/adam/fsbench/nfsv3/nfsv3-write-4194304-blk65536-iod4.bin"
      },
      "read" : {
        "io_bytes" : 0,
        "io_kbytes" : 0,
        "bw_bytes" : 0,
        "bw" : 0,
        "iops" : 0.000000,
        "runtime" : 0,
        "total_ios" : 0,
        "short_ios" : 0,
        "drop_ios" : 0,
        "slat_ns" : {
          "min" : 0,
          "max" : 0,
          "mean" : 0.000000,
          "stddev" : 0.000000,
          "N" : 0
        },
        "clat_ns" : {
          "min" : 0,
          "max" : 0,
          "mean" : 0.000000,
          "stddev" : 0.000000,
          "N" : 0
        },
        "lat_ns" : {
          "min" : 0,
          "max" : 0,
          "mean" : 0.000000,
          "stddev" : 0.000000,
          "N" : 0
        },
        "bw_min" : 0,
        "bw_max" : 0,
        "bw_agg" : 0.000000,
        "bw_mean" : 0.000000,
        "bw_dev" : 0.000000,
        "bw_samples" : 0,
        "iops_min" : 0,
        "iops_max" : 0,
        "iops_mean" : 0.000000,
        "iops_stddev" : 0.000000,
        "iops_samples" : 0
      },
      "write" : {
        "io_bytes" : 4194304,
        "io_kbytes" : 4096,
        "bw_bytes" : 838860800,
        "bw" : 819200,
        "iops" : 12800.000000,
        "runtime" : 5,
        "total_ios" : 64,
        "short_ios" : 0,
        "drop_ios" : 0,
        "slat_ns" : {
          "min" : 0,
          "max" : 0,
          "mean" : 0.000000,
          "stddev" : 0.000000,
          "N" : 0
        },
        "clat_ns" : {
          "min" : 26949,
          "max" : 54397,
          "mean" : 30227.375000,
          "stddev" : 4193.469596,
          "N" : 64,
          "percentile" : {
            "1.000000" : 27008,
            "5.000000" : 27776,
            "10.000000" : 27776,
            "20.000000" : 28288,
            "30.000000" : 28544,
            "40.000000" : 28800,
            "50.000000" : 29056,
            "60.000000" : 29312,
            "70.000000" : 29824,
            "80.000000" : 30336,
            "90.000000" : 32384,
            "95.000000" : 38144,
            "99.000000" : 54528,
            "99.500000" : 54528,
            "99.900000" : 54528,
            "99.950000" : 54528,
            "99.990000" : 54528
          },
          "bins" : {
            "27008" : 1,
            "27264" : 1,
            "27776" : 5,
            "28032" : 4,
            "28288" : 2,
            "28544" : 7,
            "28800" : 8,
            "29056" : 10,
            "29312" : 2,
            "29568" : 4,
            "29824" : 5,
            "30080" : 2,
            "30336" : 1,
            "30592" : 1,
            "30848" : 1,
            "31616" : 1,
            "31872" : 1,
            "32128" : 1,
            "32384" : 1,
            "35584" : 1,
            "36096" : 1,
            "38144" : 1,
            "38656" : 1,
            "43776" : 1,
            "54528" : 1
          }
        },
        "lat_ns" : {
          "min" : 27284,
          "max" : 63926,
          "mean" : 30708.109375,
          "stddev" : 5091.692278,
          "N" : 64
        },
        "bw_min" : 0,
        "bw_max" : 0,
        "bw_agg" : 0.000000,
        "bw_mean" : 0.000000,
        "bw_dev" : 0.000000,
        "bw_samples" : 0,
        "iops_min" : 0,
        "iops_max" : 0,
        "iops_mean" : 0.000000,
        "iops_stddev" : 0.000000,
        "iops_samples" : 0
      },
      "trim" : {
        "io_bytes" : 0,
        "io_kbytes" : 0,
        "bw_bytes" : 0,
        "bw" : 0,
        "iops" : 0.000000,
        "runtime" : 0,
        "total_ios" : 0,
        "short_ios" : 0,
        "drop_ios" : 0,
        "slat_ns" : {
          "min" : 0,
          "max" : 0,
          "mean" : 0.000000,
          "stddev" : 0.000000,
          "N" : 0
        },
        "clat_ns" : {
          "min" : 0,
          "max" : 0,
          "mean" : 0.000000,
          "stddev" : 0.000000,
          "N" : 0
        },
        "lat_ns" : {
          "min" : 0,
          "max" : 0,
          "mean" : 0.000000,
          "stddev" : 0.000000,
          "N" : 0
        },
        "bw_min" : 0,
        "bw_max" : 0,
        "bw_agg" : 0.000000,
        "bw_mean" : 0.000000,
        "bw_dev" : 0.000000,
        "bw_samples" : 0,
        "iops_min" : 0,
        "iops_max" : 0,
        "iops_mean" : 0.000000,
        "iops_stddev" : 0.000000,
        "iops_samples" : 0
      },
      "sync" : {
        "total_ios" : 0,
        "lat_ns" : {
          "min" : 0,
          "max" : 0,
          "mean" : 0.000000,
          "stddev" : 0.000000,
          "N" : 0
        }
      },
      "job_runtime" : 4,
      "usr_cpu" : 0.000000,
      "sys_cpu" : 50.000000,
      "ctx" : 2,
      "majf" : 0,
      "minf" : 7,
      "iodepth_level" : {
        "1" : 100.000000,
        "2" : 0.000000,
        "4" : 0.000000,
        "8" : 0.000000,
        "16" : 0.000000,
        "32" : 0.000000,
        ">=64" : 0.000000
      },
      "iodepth_submit" : {
        "0" : 0.000000,
        "4" : 100.000000,
        "8" : 0.000000,
        "16" : 0.000000,
        "32" : 0.000000,
        "64" : 0.000000,
        ">=64" : 0.000000
      },
      "iodepth_complete" : {
        "0" : 0.000000,
        "4" : 100.000000,
        "8" : 0.000000,
        "16" : 0.000000,
        "32" : 0.000000,
        "64" : 0.000000,
        ">=64" : 0.000000
      },
      "latency_ns" : {
        "2" : 0.000000,
        "4" : 0.000000,
        "10" : 0.000000,
        "20" : 0.000000,
        "50" : 0.000000,
        "100" : 0.000000,
        "250" : 0.000000,
        "500" : 0.000000,
        "750" : 0.000000,
        "1000" : 0.000000
      },
      "latency_us" : {
        "2" : 0.000000,
        "4" : 0.000000,
        "10" : 0.000000,
        "20" : 0.000000,
        "50" : 98.437500,
        "100" : 1.562500,
        "250" : 0.000000,
        "500" : 0.000000,
        "750" : 0.000000,
        "1000" : 0.000000
      },
      "latency_ms" : {
        "2" : 0.000000,
        "4" : 0.000000,
        "10" : 0.000000,
        "20" : 0.000000,
        "50" : 0.000000,
        "100" : 0.000000,
        "250" : 0.000000,
        "500" : 0.000000,
        "750" : 0.000000,
        "1000" : 0.000000,
        "2000" : 0.000000,
        ">=2000" : 0.000000
      },
      "latency_depth" : 4,
      "latency_target" : 0,
      "latency_percentile" : 100.000000,
      "latency_window" : 0
    }
  ]
}
