{
  "fio version" : "fio-3.39-38-gf18c",
  "timestamp" : 1744238288,
  "timestamp_ms" : 1744238288902,
  "time" : "Wed Apr  9 22:38:08 2025",
  "global options" : {
    "kb_base" : "1024",
    "runtime" : "600"
  },
  "jobs" : [
    {
      "jobname" : "nfsv3-write-1073741824-blk256-iod16",
      "groupid" : 0,
      "job_start" : 1744238276397,
      "error" : 0,
      "eta" : 0,
      "elapsed" : 13,
      "job options" : {
        "stonewall" : "",
        "rw" : "write",
        "size" : "1073741824",
        "bs" : "256",
        "iodepth" : "16",
        "filename" : "/nfsv3/scratch/adam/fsbench/nfsv3/nfsv3-write-1073741824-blk256-iod16.bin"
      },
      "read" : {
        "io_bytes" : 0,
        "io_kbytes" : 0,
        "bw_bytes" : 0,
        "bw" : 0,
        "iops" : 0.000000,
        "runtime" : 0,
        "total_ios" : 0,
        "short_ios" : 0,
        "drop_ios" : 0,
        "slat_ns" : {
          "min" : 0,
          "max" : 0,
          "mean" : 0.000000,
          "stddev" : 0.000000,
          "N" : 0
        },
        "clat_ns" : {
          "min" : 0,
          "max" : 0,
          "mean" : 0.000000,
          "stddev" : 0.000000,
          "N" : 0
        },
        "lat_ns" : {
          "min" : 0,
          "max" : 0,
          "mean" : 0.000000,
          "stddev" : 0.000000,
          "N" : 0
        },
        "bw_min" : 0,
        "bw_max" : 0,
        "bw_agg" : 0.000000,
        "bw_mean" : 0.000000,
        "bw_dev" : 0.000000,
        "bw_samples" : 0,
        "iops_min" : 0,
        "iops_max" : 0,
        "iops_mean" : 0.000000,
        "iops_stddev" : 0.000000,
        "iops_samples" : 0
      },
      "write" : {
        "io_bytes" : 1073741824,
        "io_kbytes" : 1048576,
        "bw_bytes" : 215957728,
        "bw" : 210896,
        "iops" : 843584.875302,
        "runtime" : 4972,
        "total_ios" : 4194304,
        "short_ios" : 0,
        "drop_ios" : 0,
        "slat_ns" : {
          "min" : 0,
          "max" : 0,
          "mean" : 0.000000,
          "stddev" : 0.000000,
          "N" : 0
        },
        "clat_ns" : {
          "min" : 741,
          "max" : 141051,
          "mean" : 965.656317,
          "stddev" : 672.396994,
          "N" : 4194304,
          "percentile" : {
            "1.000000" : 756,
            "5.000000" : 756,
            "10.000000" : 764,
            "20.000000" : 780,
            "30.000000" : 796,
            "40.000000" : 828,
            "50.000000" : 852,
            "60.000000" : 860,
            "70.000000" : 876,
            "80.000000" : 908,
            "90.000000" : 1192,
            "95.000000" : 1848,
            "99.000000" : 2864,
            "99.500000" : 3472,
            "99.900000" : 8640,
            "99.950000" : 10816,
            "99.990000" : 16768
          },
          "bins" : {
            "740" : 25,
            "748" : 16559,
            "756" : 203657,
            "764" : 308747,
            "772" : 260680,
            "780" : 164987,
            "788" : 131025,
            "796" : 193603,
            "804" : 106667,
            "812" : 64302,
            "820" : 122595,
            "828" : 132192,
            "836" : 162803,
            "844" : 219313,
            "852" : 242583,
            "860" : 284677,
            "868" : 193019,
            "876" : 183197,
            "884" : 133352,
            "892" : 121860,
            "900" : 86760,
            "908" : 61434,
            "916" : 65606,
            "924" : 56543,
            "932" : 35079,
            "940" : 31568,
            "948" : 22518,
            "956" : 22089,
            "964" : 14107,
            "972" : 8585,
            "980" : 7990,
            "988" : 4858,
            "996" : 3130,
            "1004" : 3026,
            "1012" : 2786,
            "1020" : 2378,
            "1032" : 4235,
            "1048" : 4470,
            "1064" : 5191,
            "1080" : 6182,
            "1096" : 7088,
            "1112" : 7762,
            "1128" : 9083,
            "1144" : 13305,
            "1160" : 22404,
            "1176" : 16346,
            "1192" : 11731,
            "1208" : 10944,
            "1224" : 11011,
            "1240" : 14185,
            "1256" : 18351,
            "1272" : 15168,
            "1288" : 9712,
            "1304" : 6723,
            "1320" : 5423,
            "1336" : 5243,
            "1352" : 5354,
            "1368" : 4615,
            "1384" : 3531,
            "1400" : 2999,
            "1416" : 2607,
            "1432" : 2217,
            "1448" : 1896,
            "1464" : 1738,
            "1480" : 1477,
            "1496" : 1325,
            "1512" : 1170,
            "1528" : 1069,
            "1544" : 1156,
            "1560" : 1513,
            "1576" : 2033,
            "1592" : 2368,
            "1608" : 2692,
            "1624" : 3032,
            "1640" : 3234,
            "1656" : 3226,
            "1672" : 3247,
            "1688" : 3318,
            "1704" : 3806,
            "1720" : 4136,
            "1736" : 4635,
            "1752" : 4962,
            "1768" : 5644,
            "1784" : 5708,
            "1800" : 5787,
            "1816" : 5879,
            "1832" : 5708,
            "1848" : 5779,
            "1864" : 5556,
            "1880" : 5815,
            "1896" : 5875,
            "1912" : 5960,
            "1928" : 6105,
            "1944" : 5935,
            "1960" : 5924,
            "1976" : 5790,
            "1992" : 5440,
            "2008" : 5511,
            "2024" : 5203,
            "2040" : 5080,
            "2064" : 9836,
            "2096" : 9183,
            "2128" : 8250,
            "2160" : 7429,
            "2192" : 6691,
            "2224" : 5869,
            "2256" : 5307,
            "2288" : 4642,
            "2320" : 4093,
            "2352" : 3505,
            "2384" : 3110,
            "2416" : 2775,
            "2448" : 2511,
            "2480" : 2346,
            "2512" : 2247,
            "2544" : 2068,
            "2576" : 1981,
            "2608" : 1987,
            "2640" : 1930,
            "2672" : 1907,
            "2704" : 1851,
            "2736" : 1847,
            "2768" : 1822,
            "2800" : 1791,
            "2832" : 1793,
            "2864" : 1711,
            "2896" : 1653,
            "2928" : 1571,
            "2960" : 1577,
            "2992" : 1471,
            "3024" : 1468,
            "3056" : 1383,
            "3088" : 1275,
            "3120" : 1180,
            "3152" : 1141,
            "3184" : 1025,
            "3216" : 1041,
            "3248" : 878,
            "3280" : 864,
            "3312" : 753,
            "3344" : 702,
            "3376" : 602,
            "3408" : 591,
            "3440" : 502,
            "3472" : 479,
            "3504" : 438,
            "3536" : 414,
            "3568" : 364,
            "3600" : 328,
            "3632" : 311,
            "3664" : 264,
            "3696" : 255,
            "3728" : 251,
            "3760" : 222,
            "3792" : 189,
            "3824" : 209,
            "3856" : 182,
            "3888" : 190,
            "3920" : 126,
            "3952" : 163,
            "3984" : 153,
            "4016" : 166,
            "4048" : 141,
            "4080" : 131,
            "4128" : 283,
            "4192" : 253,
            "4256" : 252,
            "4320" : 263,
            "4384" : 279,
            "4448" : 278,
            "4512" : 248,
            "4576" : 275,
            "4640" : 267,
            "4704" : 268,
            "4768" : 251,
            "4832" : 247,
            "4896" : 238,
            "4960" : 224,
            "5024" : 204,
            "5088" : 191,
            "5152" : 233,
            "5216" : 209,
            "5280" : 223,
            "5344" : 224,
            "5408" : 199,
            "5472" : 244,
            "5536" : 216,
            "5600" : 191,
            "5664" : 223,
            "5728" : 224,
            "5792" : 201,
            "5856" : 227,