{
  "fio version" : "fio-3.39-38-gf18c",
  "timestamp" : 1744238147,
  "timestamp_ms" : 1744238147656,
  "time" : "Wed Apr  9 22:35:47 2025",
  "global options" : {
    "kb_base" : "1024",
    "runtime" : "600"
  },
  "jobs" : [
    {
      "jobname" : "nfsv4-write-262144-blk256-iod16",
      "groupid" : 0,
      "job_start" : 1744238147521,
      "error" : 0,
      "eta" : 2147483647,
      "elapsed" : 1,
      "job options" : {
        "stonewall" : "",
        "rw" : "write",
        "size" : "262144",
        "bs" : "256",
        "iodepth" : "16",
        "filename" : "/scratch/adam/fsbench/nfsv4/nfsv4-write-262144-blk256-iod16.bin"
      },
      "read" : {
        "io_bytes" : 0,
        "io_kbytes" : 0,
        "bw_bytes" : 0,
        "bw" : 0,
        "iops" : 0.000000,
        "runtime" : 0,
        "total_ios" : 0,
        "short_ios" : 0,
        "drop_ios" : 0,
        "slat_ns" : {
          "min" : 0,
          "max" : 0,
          "mean" : 0.000000,
          "stddev" : 0.000000,
          "N" : 0
        },
        "clat_ns" : {
          "min" : 0,
          "max" : 0,
          "mean" : 0.000000,
          "stddev" : 0.000000,
          "N" : 0
        },
        "lat_ns" : {
          "min" : 0,
          "max" : 0,
          "mean" : 0.000000,
          "stddev" : 0.000000,
          "N" : 0
        },
        "bw_min" : 0,
        "bw_max" : 0,
        "bw_agg" : 0.000000,
        "bw_mean" : 0.000000,
        "bw_dev" : 0.000000,
        "bw_samples" : 0,
        "iops_min" : 0,
        "iops_max" : 0,
        "iops_mean" : 0.000000,
        "iops_stddev" : 0.000000,
        "iops_samples" : 0
      },
      "write" : {
        "io_bytes" : 262144,
        "io_kbytes" : 256,
        "bw_bytes" : 87381333,
        "bw" : 85333,
        "iops" : 341333.333333,
        "runtime" : 3,
        "total_ios" : 1024,
        "short_ios" : 0,
        "drop_ios" : 0,
        "slat_ns" : {
          "min" : 0,
          "max" : 0,
          "mean" : 0.000000,
          "stddev" : 0.000000,
          "N" : 0
        },
        "clat_ns" : {
          "min" : 763,
          "max" : 24374,
          "mean" : 965.982422,
          "stddev" : 952.837181,
          "N" : 1024,
          "percentile" : {
            "1.000000" : 764,
            "5.000000" : 772,
            "10.000000" : 772,
            "20.000000" : 796,
            "30.000000" : 796,
            "40.000000" : 828,
            "50.000000" : 836,
            "60.000000" : 852,
            "70.000000" : 860,
            "80.000000" : 868,
            "90.000000" : 948,
            "95.000000" : 1848,
            "99.000000" : 2672,
            "99.500000" : 4896,
            "99.900000" : 10944,
            "99.950000" : 24448,
            "99.990000" : 24448
          },
          "bins" : {
            "764" : 15,
            "772" : 108,
            "780" : 37,
            "788" : 34,
            "796" : 137,
            "804" : 44,
            "812" : 23,
            "820" : 8,
            "828" : 61,
            "836" : 75,
            "844" : 56,
            "852" : 89,
            "860" : 90,
            "868" : 47,
            "876" : 26,
            "884" : 30,
            "892" : 11,
            "900" : 2,
            "908" : 4,
            "924" : 4,
            "932" : 3,
            "940" : 10,
            "948" : 23,
            "956" : 9,
            "964" : 2,
            "980" : 1,
            "988" : 1,
            "1020" : 1,
            "1048" : 1,
            "1112" : 1,
            "1160" : 1,
            "1176" : 1,
            "1288" : 1,
            "1608" : 1,
            "1624" : 1,
            "1656" : 1,
            "1704" : 2,
            "1720" : 3,
            "1736" : 1,
            "1752" : 1,
            "1768" : 2,
            "1800" : 1,
            "1816" : 2,
            "1848" : 3,
            "1864" : 4,
            "1880" : 5,
            "1896" : 1,
            "1912" : 1,
            "1928" : 2,
            "1944" : 2,
            "1960" : 4,
            "2008" : 1,
            "2096" : 1,
            "2128" : 2,
            "2160" : 1,
            "2192" : 1,
            "2224" : 1,
            "2256" : 1,
            "2288" : 2,
            "2320" : 1,
            "2352" : 2,
            "2416" : 2,
            "2448" : 1,
            "2480" : 1,
            "2544" : 1,
            "2576" : 2,
            "2672" : 1,
            "2800" : 1,
            "2928" : 1,
            "3088" : 1,
            "3120" : 1,
            "4896" : 1,
            "6688" : 1,
            "8768" : 1,
            "9152" : 1,
            "10944" : 1,
            "24448" : 1
          }
        },
        "lat_ns" : {
          "min" : 793,
          "max" : 25481,
          "mean" : 997.397461,
          "stddev" : 979.082558,
          "N" : 1024
        },
        "bw_min" : 0,
        "bw_max" : 0,
        "bw_agg" : 0.000000,
        "bw_mean" : 0.000000,
        "bw_dev" : 0.000000,
        "bw_samples" : 0,
        "iops_min" : 0,
        "iops_max" : 0,
        "iops_mean" : 0.000000,
        "iops_stddev" : 0.000000,
        "iops_samples" : 0
      },
      "trim" : {
        "io_bytes" : 0,
        "io_kbytes" : 0,
        "bw_bytes" : 0,
        "bw" : 0,
        "iops" : 0.000000,
        "runtime" : 0,
        "total_ios" : 0,
        "short_ios" : 0,
        "drop_ios" : 0,
        "slat_ns" : {
          "min" : 0,
          "max" : 0,
          "mean" : 0.000000,
          "stddev" : 0.000000,
          "N" : 0
        },
        "clat_ns" : {
          "min" : 0,
          "max" : 0,
          "mean" : 0.000000,
          "stddev" : 0.000000,
          "N" : 0
        },
        "lat_ns" : {
          "min" : 0,
          "max" : 0,
          "mean" : 0.000000,
          "stddev" : 0.000000,
          "N" : 0
        },
        "bw_min" : 0,
        "bw_max" : 0,
        "bw_agg" : 0.000000,
        "bw_mean" : 0.000000,
        "bw_dev" : 0.000000,
        "bw_samples" : 0,
        "iops_min" : 0,
        "iops_max" : 0,
        "iops_mean" : 0.000000,
        "iops_stddev" : 0.000000,
        "iops_samples" : 0
      },
      "sync" : {
        "total_ios" : 0,
        "lat_ns" : {
          "min" : 0,
          "max" : 0,
          "mean" : 0.000000,
          "stddev" : 0.000000,
          "N" : 0
        }
      },
      "job_runtime" : 2,
      "usr_cpu" : 0.000000,
      "sys_cpu" : 0.000000,
      "ctx" : 1,
      "majf" : 0,
      "minf" : 6,
      "iodepth_level" : {
        "1" : 100.000000,
        "2" : 0.000000,
        "4" : 0.000000,
        "8" : 0.000000,
        "16" : 0.000000,
        "32" : 0.000000,
        ">=64" : 0.000000
      },
      "iodepth_submit" : {
        "0" : 0.000000,
        "4" : 100.000000,
        "8" : 0.000000,
        "16" : 0.000000,
        "32" : 0.000000,
        "64" : 0.000000,
        ">=64" : 0.000000
      },
      "iodepth_complete" : {
        "0" : 0.000000,
        "4" : 100.000000,
        "8" : 0.000000,
        "16" : 0.000000,
        "32" : 0.000000,
        "64" : 0.000000,
        ">=64" : 0.000000
      },
      "latency_ns" : {
        "2" : 0.000000,
        "4" : 0.000000,
        "10" : 0.000000,
        "20" : 0.000000,
        "50" : 0.000000,
        "100" : 0.000000,
        "250" : 0.000000,
        "500" : 0.000000,
        "750" : 0.000000,
        "1000" : 92.773438
      },
      "latency_us" : {
        "2" : 4.199219,
        "4" : 2.441406,
        "10" : 0.390625,
        "20" : 0.097656,
        "50" : 0.097656,
        "100" : 0.000000,
        "250" : 0.000000,
        "500" : 0.000000,
        "750" : 0.000000,
        "1000" : 0.000000
      },
      "latency_ms" : {
        "2" : 0.000000,
        "4" : 0.000000,
        "10" : 0.000000,
        "20" : 0.000000,
        "50" : 0.000000,
        "100" : 0.000000,
        "250" : 0.000000,
        "500" : 0.000000,
        "750" : 0.000000,
        "1000" : 0.000000,
        "2000" : 0.000000,