{
  "fio version" : "fio-3.39-38-gf18c",
  "timestamp" : 1744242786,
  "timestamp_ms" : 1744242786305,
  "time" : "Wed Apr  9 23:53:06 2025",
  "global options" : {
    "kb_base" : "1024",
    "runtime" : "600"
  },
  "jobs" : [
    {
      "jobname" : "nfsv3-randwrite-262144-blk256-iod4",
      "groupid" : 0,
      "job_start" : 1744242786164,
      "error" : 0,
      "eta" : 2147483647,
      "elapsed" : 1,
      "job options" : {
        "stonewall" : "",
        "rw" : "randwrite",
        "size" : "262144",
        "bs" : "256",
        "iodepth" : "4",
        "filename" : "/nfsv3/scratch/adam/fsbench/nfsv3/nfsv3-randwrite-262144-blk256-iod4.bin"
      },
      "read" : {
        "io_bytes" : 0,
        "io_kbytes" : 0,
        "bw_bytes" : 0,
        "bw" : 0,
        "iops" : 0.000000,
        "runtime" : 0,
        "total_ios" : 0,
        "short_ios" : 0,
        "drop_ios" : 0,
        "slat_ns" : {
          "min" : 0,
          "max" : 0,
          "mean" : 0.000000,
          "stddev" : 0.000000,
          "N" : 0
        },
        "clat_ns" : {
          "min" : 0,
          "max" : 0,
          "mean" : 0.000000,
          "stddev" : 0.000000,
          "N" : 0
        },
        "lat_ns" : {
          "min" : 0,
          "max" : 0,
          "mean" : 0.000000,
          "stddev" : 0.000000,
          "N" : 0
        },
        "bw_min" : 0,
        "bw_max" : 0,
        "bw_agg" : 0.000000,
        "bw_mean" : 0.000000,
        "bw_dev" : 0.000000,
        "bw_samples" : 0,
        "iops_min" : 0,
        "iops_max" : 0,
        "iops_mean" : 0.000000,
        "iops_stddev" : 0.000000,
        "iops_samples" : 0
      },
      "write" : {
        "io_bytes" : 262144,
        "io_kbytes" : 256,
        "bw_bytes" : 4032984,
        "bw" : 3938,
        "iops" : 15753.846154,
        "runtime" : 65,
        "total_ios" : 1024,
        "short_ios" : 0,
        "drop_ios" : 0,
        "slat_ns" : {
          "min" : 0,
          "max" : 0,
          "mean" : 0.000000,
          "stddev" : 0.000000,
          "N" : 0
        },
        "clat_ns" : {
          "min" : 781,
          "max" : 1039286,
          "mean" : 60174.903320,
          "stddev" : 232567.613832,
          "N" : 1024,
          "percentile" : {
            "1.000000" : 844,
            "5.000000" : 908,
            "10.000000" : 924,
            "20.000000" : 940,
            "30.000000" : 956,
            "40.000000" : 980,
            "50.000000" : 996,
            "60.000000" : 1048,
            "70.000000" : 1144,
            "80.000000" : 1304,
            "90.000000" : 2096,
            "95.000000" : 946176,
            "99.000000" : 1003520,
            "99.500000" : 1011712,
            "99.900000" : 1019904,
            "99.950000" : 1036288,
            "99.990000" : 1036288
          },
          "bins" : {
            "780" : 1,
            "796" : 2,
            "804" : 1,
            "820" : 1,
            "828" : 2,
            "836" : 1,
            "844" : 3,
            "852" : 5,
            "860" : 5,
            "868" : 6,
            "876" : 2,
            "884" : 3,
            "892" : 5,
            "900" : 3,
            "908" : 19,
            "916" : 29,
            "924" : 51,
            "932" : 60,
            "940" : 50,
            "948" : 46,
            "956" : 32,
            "964" : 17,
            "972" : 44,
            "980" : 56,
            "988" : 46,
            "996" : 38,
            "1004" : 25,
            "1012" : 15,
            "1020" : 6,
            "1032" : 26,
            "1048" : 40,
            "1064" : 25,
            "1080" : 19,
            "1096" : 11,
            "1112" : 7,
            "1128" : 9,
            "1144" : 16,
            "1160" : 11,
            "1176" : 5,
            "1192" : 5,
            "1208" : 12,
            "1224" : 18,
            "1240" : 10,
            "1256" : 9,
            "1272" : 9,
            "1288" : 8,
            "1304" : 14,
            "1320" : 13,
            "1336" : 6,
            "1352" : 3,
            "1368" : 4,
            "1384" : 9,
            "1400" : 8,
            "1416" : 3,
            "1432" : 7,
            "1448" : 3,
            "1464" : 4,
            "1480" : 1,
            "1496" : 2,
            "1512" : 3,
            "1528" : 6,
            "1544" : 2,
            "1560" : 4,
            "1576" : 2,
            "1592" : 2,
            "1608" : 2,
            "1640" : 1,
            "1672" : 1,
            "1688" : 1,
            "1720" : 1,
            "1752" : 2,
            "1800" : 1,
            "1912" : 1,
            "1992" : 1,
            "2096" : 1,
            "2288" : 1,
            "2384" : 1,
            "2416" : 2,
            "2832" : 1,
            "2928" : 3,
            "2960" : 1,
            "3120" : 1,
            "3152" : 2,
            "3344" : 2,
            "3376" : 2,
            "3408" : 1,
            "3504" : 2,
            "3568" : 1,
            "3632" : 1,
            "3728" : 2,
            "3792" : 1,
            "3824" : 1,
            "3888" : 2,
            "3920" : 1,
            "3952" : 2,
            "3984" : 1,
            "4016" : 1,
            "4256" : 1,
            "4384" : 1,
            "4576" : 1,
            "4640" : 1,
            "4832" : 1,
            "4896" : 1,
            "9664" : 1,
            "26496" : 1,
            "905216" : 1,
            "921600" : 3,
            "929792" : 2,
            "937984" : 4,
            "946176" : 2,
            "954368" : 2,
            "962560" : 4,
            "970752" : 8,
            "978944" : 11,
            "987136" : 9,
            "995328" : 5,
            "1003520" : 2,
            "1011712" : 5,
            "1019904" : 3,
            "1036288" : 1
          }
        },
        "lat_ns" : {
          "min" : 813,
          "max" : 1039361,
          "mean" : 60230.173828,
          "stddev" : 232600.312282,
          "N" : 1024
        },
        "bw_min" : 0,
        "bw_max" : 0,
        "bw_agg" : 0.000000,
        "bw_mean" : 0.000000,
        "bw_dev" : 0.000000,
        "bw_samples" : 0,
        "iops_min" : 0,
        "iops_max" : 0,
        "iops_mean" : 0.000000,
        "iops_stddev" : 0.000000,
        "iops_samples" : 0
      },
      "trim" : {
        "io_bytes" : 0,
        "io_kbytes" : 0,
        "bw_bytes" : 0,
        "bw" : 0,
        "iops" : 0.000000,
        "runtime" : 0,
        "total_ios" : 0,
        "short_ios" : 0,
        "drop_ios" : 0,
        "slat_ns" : {
          "min" : 0,
          "max" : 0,
          "mean" : 0.000000,
          "stddev" : 0.000000,
          "N" : 0
        },
        "clat_ns" : {
          "min" : 0,
          "max" : 0,
          "mean" : 0.000000,
          "stddev" : 0.000000,
          "N" : 0
        },
        "lat_ns" : {
          "min" : 0,
          "max" : 0,
          "mean" : 0.000000,
          "stddev" : 0.000000,
          "N" : 0
        },
        "bw_min" : 0,
        "bw_max" : 0,
        "bw_agg" : 0.000000,
        "bw_mean" : 0.000000,
        "bw_dev" : 0.000000,
        "bw_samples" : 0,
        "iops_min" : 0,
        "iops_max" : 0,
        "iops_mean" : 0.000000,
        "iops_stddev" : 0.000000,
        "iops_samples" : 0
      },
      "sync" : {
        "total_ios" : 0,
        "lat_ns" : {
          "min" : 0,
          "max" : 0,
          "mean" : 0.000000,
          "stddev" : 0.000000,
          "N" : 0
        }
      },
      "job_runtime" : 64,
      "usr_cpu" : 3.125000,
      "sys_cpu" : 0.000000,
      "ctx" : 64,
      "majf" : 0,
      "minf" : 6,
      "iodepth_level" : {
        "1" : 100.000000,
        "2" : 0.000000,
        "4" : 0.000000,
        "8" : 0.000000,
        "16" : 0.000000,
        "32" : 0.000000,
        ">=64" : 0.000000
      },
      "iodepth_submit" : {
        "0" : 0.000000,
        "4" : 100.000000,
        "8" : 0.000000,
        "16" : 0.000000,
        "32" : 0.000000,
        "64" : 0.000000,