{
  "fio version" : "fio-3.39-38-gf18c",
  "timestamp" : 1744238436,
  "timestamp_ms" : 1744238436396,
  "time" : "Wed Apr  9 22:40:36 2025",
  "global options" : {
    "kb_base" : "1024",
    "runtime" : "600"
  },
  "jobs" : [
    {
      "jobname" : "nfsv3-write-1073741824-blk1048576-iod1",
      "groupid" : 0,
      "job_start" : 1744238428257,
      "error" : 0,
      "eta" : 0,
      "elapsed" : 9,
      "job options" : {
        "stonewall" : "",
        "rw" : "write",
        "size" : "1073741824",
        "bs" : "1048576",
        "iodepth" : "1",
        "filename" : "/nfsv3/scratch/adam/fsbench/nfsv3/nfsv3-write-1073741824-blk1048576-iod1.bin"
      },
      "read" : {
        "io_bytes" : 0,
        "io_kbytes" : 0,
        "bw_bytes" : 0,
        "bw" : 0,
        "iops" : 0.000000,
        "runtime" : 0,
        "total_ios" : 0,
        "short_ios" : 0,
        "drop_ios" : 0,
        "slat_ns" : {
          "min" : 0,
          "max" : 0,
          "mean" : 0.000000,
          "stddev" : 0.000000,
          "N" : 0
        },
        "clat_ns" : {
          "min" : 0,
          "max" : 0,
          "mean" : 0.000000,
          "stddev" : 0.000000,
          "N" : 0
        },
        "lat_ns" : {
          "min" : 0,
          "max" : 0,
          "mean" : 0.000000,
          "stddev" : 0.000000,
          "N" : 0
        },
        "bw_min" : 0,
        "bw_max" : 0,
        "bw_agg" : 0.000000,
        "bw_mean" : 0.000000,
        "bw_dev" : 0.000000,
        "bw_samples" : 0,
        "iops_min" : 0,
        "iops_max" : 0,
        "iops_mean" : 0.000000,
        "iops_stddev" : 0.000000,
        "iops_samples" : 0
      },
      "write" : {
        "io_bytes" : 1073741824,
        "io_kbytes" : 1048576,
        "bw_bytes" : 2218474842,
        "bw" : 2166479,
        "iops" : 2115.702479,
        "runtime" : 484,
        "total_ios" : 1024,
        "short_ios" : 0,
        "drop_ios" : 0,
        "slat_ns" : {
          "min" : 0,
          "max" : 0,
          "mean" : 0.000000,
          "stddev" : 0.000000,
          "N" : 0
        },
        "clat_ns" : {
          "min" : 406599,
          "max" : 705525,
          "mean" : 454731.362305,
          "stddev" : 40235.299700,
          "N" : 1024,
          "percentile" : {
            "1.000000" : 415744,
            "5.000000" : 415744,
            "10.000000" : 419840,
            "20.000000" : 423936,
            "30.000000" : 432128,
            "40.000000" : 440320,
            "50.000000" : 444416,
            "60.000000" : 452608,
            "70.000000" : 460800,
            "80.000000" : 468992,
            "90.000000" : 489472,
            "95.000000" : 544768,
            "99.000000" : 610304,
            "99.500000" : 643072,
            "99.900000" : 684032,
            "99.950000" : 708608,
            "99.990000" : 708608
          },
          "bins" : {
            "407552" : 3,
            "411648" : 6,
            "415744" : 54,
            "419840" : 82,
            "423936" : 82,
            "428032" : 57,
            "432128" : 36,
            "436224" : 49,
            "440320" : 69,
            "444416" : 77,
            "448512" : 68,
            "452608" : 57,
            "456704" : 57,
            "460800" : 53,
            "464896" : 45,
            "468992" : 36,
            "473088" : 30,
            "477184" : 21,
            "481280" : 18,
            "485376" : 12,
            "489472" : 11,
            "493568" : 11,
            "497664" : 6,
            "501760" : 7,
            "505856" : 3,
            "509952" : 3,
            "514048" : 5,
            "518144" : 4,
            "522240" : 2,
            "528384" : 2,
            "536576" : 3,
            "544768" : 5,
            "552960" : 6,
            "561152" : 4,
            "569344" : 8,
            "577536" : 6,
            "585728" : 6,
            "593920" : 5,
            "602112" : 3,
            "610304" : 2,
            "618496" : 1,
            "634880" : 3,
            "643072" : 2,
            "675840" : 1,
            "684032" : 2,
            "708608" : 1
          }
        },
        "lat_ns" : {
          "min" : 419536,
          "max" : 725529,
          "mean" : 468832.494141,
          "stddev" : 41400.290563,
          "N" : 1024
        },
        "bw_min" : 2097152,
        "bw_max" : 2097152,
        "bw_agg" : 96.800000,
        "bw_mean" : 2097152.000000,
        "bw_dev" : 0.000000,
        "bw_samples" : 1,
        "iops_min" : 2048,
        "iops_max" : 2048,
        "iops_mean" : 2048.000000,
        "iops_stddev" : 0.000000,
        "iops_samples" : 1
      },
      "trim" : {
        "io_bytes" : 0,
        "io_kbytes" : 0,
        "bw_bytes" : 0,
        "bw" : 0,
        "iops" : 0.000000,
        "runtime" : 0,
        "total_ios" : 0,
        "short_ios" : 0,
        "drop_ios" : 0,
        "slat_ns" : {
          "min" : 0,
          "max" : 0,
          "mean" : 0.000000,
          "stddev" : 0.000000,
          "N" : 0
        },
        "clat_ns" : {
          "min" : 0,
          "max" : 0,
          "mean" : 0.000000,
          "stddev" : 0.000000,
          "N" : 0
        },
        "lat_ns" : {
          "min" : 0,
          "max" : 0,
          "mean" : 0.000000,
          "stddev" : 0.000000,
          "N" : 0
        },
        "bw_min" : 0,
        "bw_max" : 0,
        "bw_agg" : 0.000000,
        "bw_mean" : 0.000000,
        "bw_dev" : 0.000000,
        "bw_samples" : 0,
        "iops_min" : 0,
        "iops_max" : 0,
        "iops_mean" : 0.000000,
        "iops_stddev" : 0.000000,
        "iops_samples" : 0
      },
      "sync" : {
        "total_ios" : 0,
        "lat_ns" : {
          "min" : 0,
          "max" : 0,
          "mean" : 0.000000,
          "stddev" : 0.000000,
          "N" : 0
        }
      },
      "job_runtime" : 483,
      "usr_cpu" : 4.347826,
      "sys_cpu" : 94.824017,
      "ctx" : 7,
      "majf" : 0,
      "minf" : 7,
      "iodepth_level" : {
        "1" : 100.000000,
        "2" : 0.000000,
        "4" : 0.000000,
        "8" : 0.000000,
        "16" : 0.000000,
        "32" : 0.000000,
        ">=64" : 0.000000
      },
      "iodepth_submit" : {
        "0" : 0.000000,
        "4" : 100.000000,
        "8" : 0.000000,
        "16" : 0.000000,
        "32" : 0.000000,
        "64" : 0.000000,
        ">=64" : 0.000000
      },
      "iodepth_complete" : {
        "0" : 0.000000,
        "4" : 100.000000,
        "8" : 0.000000,
        "16" : 0.000000,
        "32" : 0.000000,
        "64" : 0.000000,
        ">=64" : 0.000000
      },
      "latency_ns" : {
        "2" : 0.000000,
        "4" : 0.000000,
        "10" : 0.000000,
        "20" : 0.000000,
        "50" : 0.000000,
        "100" : 0.000000,
        "250" : 0.000000,
        "500" : 0.000000,
        "750" : 0.000000,
        "1000" : 0.000000
      },
      "latency_us" : {
        "2" : 0.000000,
        "4" : 0.000000,
        "10" : 0.000000,
        "20" : 0.000000,
        "50" : 0.000000,
        "100" : 0.000000,
        "250" : 0.000000,
        "500" : 91.796875,
        "750" : 8.203125,
        "1000" : 0.000000
      },
      "latency_ms" : {
        "2" : 0.000000,
        "4" : 0.000000,
        "10" : 0.000000,
        "20" : 0.000000,
        "50" : 0.000000,
        "100" : 0.000000,
        "250" : 0.000000,
        "500" : 0.000000,
        "750" : 0.000000,
        "1000" : 0.000000,
        "2000" : 0.000000,
        ">=2000" : 0.000000
      },
      "latency_depth" : 1,
      "latency_target" : 0,
      "latency_percentile" : 100.000000,
      "latency_window" : 0
    }
  ]
}
