{
  "fio version" : "fio-3.39-38-gf18c",
  "timestamp" : 1744415391,
  "timestamp_ms" : 1744415391764,
  "time" : "Fri Apr 11 23:49:51 2025",
  "global options" : {
    "kb_base" : "1024",
    "runtime" : "600s"
  },
  "jobs" : [
    {
      "jobname" : "nfsv3-randwrite-17179869184-blk1048576-iod1",
      "groupid" : 0,
      "job_start" : 1744415263126,
      "error" : 0,
      "eta" : 0,
      "elapsed" : 129,
      "job options" : {
        "stonewall" : "",
        "rw" : "randwrite",
        "size" : "17179869184",
        "bs" : "1048576",
        "iodepth" : "1",
        "filename" : "/nfsv3/scratch/adam/fsbench/nfsv3/nfsv3-randwrite-17179869184-blk1048576-iod1.bin"
      },
      "read" : {
        "io_bytes" : 0,
        "io_kbytes" : 0,
        "bw_bytes" : 0,
        "bw" : 0,
        "iops" : 0.000000,
        "runtime" : 0,
        "total_ios" : 0,
        "short_ios" : 0,
        "drop_ios" : 0,
        "slat_ns" : {
          "min" : 0,
          "max" : 0,
          "mean" : 0.000000,
          "stddev" : 0.000000,
          "N" : 0
        },
        "clat_ns" : {
          "min" : 0,
          "max" : 0,
          "mean" : 0.000000,
          "stddev" : 0.000000,
          "N" : 0
        },
        "lat_ns" : {
          "min" : 0,
          "max" : 0,
          "mean" : 0.000000,
          "stddev" : 0.000000,
          "N" : 0
        },
        "bw_min" : 0,
        "bw_max" : 0,
        "bw_agg" : 0.000000,
        "bw_mean" : 0.000000,
        "bw_dev" : 0.000000,
        "bw_samples" : 0,
        "iops_min" : 0,
        "iops_max" : 0,
        "iops_mean" : 0.000000,
        "iops_stddev" : 0.000000,
        "iops_samples" : 0
      },
      "write" : {
        "io_bytes" : 17179869184,
        "io_kbytes" : 16777216,
        "bw_bytes" : 179093156,
        "bw" : 174895,
        "iops" : 170.796543,
        "runtime" : 95927,
        "total_ios" : 16384,
        "short_ios" : 0,
        "drop_ios" : 0,
        "slat_ns" : {
          "min" : 0,
          "max" : 0,
          "mean" : 0.000000,
          "stddev" : 0.000000,
          "N" : 0
        },
        "clat_ns" : {
          "min" : 390552,
          "max" : 31917325,
          "mean" : 5827605.922424,
          "stddev" : 5649922.667861,
          "N" : 16384,
          "percentile" : {
            "1.000000" : 403456,
            "5.000000" : 415744,
            "10.000000" : 423936,
            "20.000000" : 444416,
            "30.000000" : 481280,
            "40.000000" : 602112,
            "50.000000" : 6914048,
            "60.000000" : 8847360,
            "70.000000" : 9764864,
            "80.000000" : 9895936,
            "90.000000" : 14352384,
            "95.000000" : 16318464,
            "99.000000" : 17432576,
            "99.500000" : 18219008,
            "99.900000" : 31064064,
            "99.950000" : 31064064,
            "99.990000" : 31326208
          },
          "bins" : {
            "391168" : 8,
            "395264" : 26,
            "399360" : 67,
            "403456" : 132,
            "407552" : 214,
            "411648" : 331,
            "415744" : 382,
            "419840" : 419,
            "423936" : 416,
            "428032" : 402,
            "432128" : 329,
            "436224" : 301,
            "440320" : 240,
            "444416" : 187,
            "448512" : 200,
            "452608" : 208,
            "456704" : 229,
            "460800" : 225,
            "464896" : 177,
            "468992" : 156,
            "473088" : 117,
            "477184" : 104,
            "481280" : 75,
            "485376" : 49,
            "489472" : 37,
            "493568" : 41,
            "497664" : 41,
            "501760" : 23,
            "505856" : 27,
            "509952" : 15,
            "514048" : 12,
            "518144" : 32,
            "522240" : 27,
            "528384" : 71,
            "536576" : 111,
            "544768" : 121,
            "552960" : 127,
            "561152" : 130,
            "569344" : 138,
            "577536" : 167,
            "585728" : 162,
            "593920" : 154,
            "602112" : 142,
            "610304" : 121,
            "618496" : 149,
            "626688" : 114,
            "634880" : 101,
            "643072" : 83,
            "651264" : 77,
            "659456" : 54,
            "667648" : 41,
            "675840" : 22,
            "684032" : 37,
            "692224" : 24,
            "700416" : 19,
            "708608" : 21,
            "716800" : 22,
            "724992" : 19,
            "733184" : 27,
            "741376" : 16,
            "749568" : 18,
            "757760" : 22,
            "765952" : 21,
            "774144" : 16,
            "782336" : 16,
            "790528" : 18,
            "798720" : 20,
            "806912" : 12,
            "815104" : 13,
            "823296" : 8,
            "831488" : 9,
            "839680" : 16,
            "847872" : 10,
            "856064" : 7,
            "864256" : 14,
            "872448" : 9,
            "880640" : 16,
            "888832" : 10,
            "897024" : 11,
            "905216" : 4,
            "913408" : 7,
            "921600" : 4,
            "929792" : 3,
            "937984" : 2,
            "946176" : 5,
            "954368" : 4,
            "962560" : 3,
            "970752" : 1,
            "978944" : 2,
            "987136" : 3,
            "995328" : 1,
            "1003520" : 3,
            "1011712" : 2,
            "1028096" : 4,
            "1036288" : 4,
            "1044480" : 3,
            "1056768" : 4,
            "1073152" : 3,
            "1089536" : 1,
            "1122304" : 1,
            "1155072" : 2,
            "1171456" : 2,
            "1187840" : 1,
            "1220608" : 1,
            "1269760" : 1,
            "1335296" : 1,
            "1597440" : 1,
            "2375680" : 1,
            "6651904" : 3,
            "6717440" : 7,
            "6782976" : 25,
            "6848512" : 223,
            "6914048" : 140,
            "6979584" : 11,
            "7110656" : 1,
            "7438336" : 1,
            "7503872" : 4,
            "7569408" : 6,
            "7634944" : 5,
            "7700480" : 24,
            "7766016" : 85,
            "7831552" : 244,
            "7897088" : 112,
            "7962624" : 24,
            "8028160" : 8,
            "8093696" : 5,
            "8159232" : 2,
            "8290304" : 1,
            "8355840" : 1,
            "8454144" : 18,
            "8585216" : 72,
            "8716288" : 450,
            "8847360" : 1794,
            "8978432" : 149,
            "9109504" : 24,
            "9371648" : 3,
            "9502720" : 14,
            "9633792" : 104,
            "9764864" : 1393,
            "9895936" : 1252,
            "10027008" : 67,
            "10158080" : 9,
            "10289152" : 2,
            "10420224" : 1,
            "10551296" : 2,
            "10682368" : 27,
            "10813440" : 275,
            "10944512" : 44,
            "11075584" : 5,
            "11730944" : 3,
            "11862016" : 4,
            "11993088" : 1,
            "12124160" : 4,
            "12255232" : 7,
            "12386304" : 12,
            "12517376" : 2,
            "13172736" : 8,
            "13303808" : 22,
            "13434880" : 17,
            "13828096" : 3,
            "13959168" : 6,
            "14090240" : 5,
            "14221312" : 38,
            "14352384" : 249,
            "14483456" : 28,
            "14614528" : 1,
            "14745600" : 1,
            "14876672" : 9,
            "15007744" : 11,
            "15138816" : 21,
            "15269888" : 107,
            "15400960" : 247,
            "15532032" : 15,
            "15663104" : 12,
            "15794176" : 19,
            "15925248" : 31,
            "16056320" : 58,
            "16187392" : 56,
            "16318464" : 203,
            "16449536" : 86,
            "16580608" : 22,
            "16711680" : 22,