{
  "fio version" : "fio-3.39-38-gf18c",
  "timestamp" : 1744242835,
  "timestamp_ms" : 1744242835056,
  "time" : "Wed Apr  9 23:53:55 2025",
  "global options" : {
    "kb_base" : "1024",
    "runtime" : "600"
  },
  "jobs" : [
    {
      "jobname" : "nfsv4-randwrite-67108864-blk256-iod1",
      "groupid" : 0,
      "job_start" : 1744242818551,
      "error" : 0,
      "eta" : 0,
      "elapsed" : 17,
      "job options" : {
        "stonewall" : "",
        "rw" : "randwrite",
        "size" : "67108864",
        "bs" : "256",
        "iodepth" : "1",
        "filename" : "/scratch/adam/fsbench/nfsv4/nfsv4-randwrite-67108864-blk256-iod1.bin"
      },
      "read" : {
        "io_bytes" : 0,
        "io_kbytes" : 0,
        "bw_bytes" : 0,
        "bw" : 0,
        "iops" : 0.000000,
        "runtime" : 0,
        "total_ios" : 0,
        "short_ios" : 0,
        "drop_ios" : 0,
        "slat_ns" : {
          "min" : 0,
          "max" : 0,
          "mean" : 0.000000,
          "stddev" : 0.000000,
          "N" : 0
        },
        "clat_ns" : {
          "min" : 0,
          "max" : 0,
          "mean" : 0.000000,
          "stddev" : 0.000000,
          "N" : 0
        },
        "lat_ns" : {
          "min" : 0,
          "max" : 0,
          "mean" : 0.000000,
          "stddev" : 0.000000,
          "N" : 0
        },
        "bw_min" : 0,
        "bw_max" : 0,
        "bw_agg" : 0.000000,
        "bw_mean" : 0.000000,
        "bw_dev" : 0.000000,
        "bw_samples" : 0,
        "iops_min" : 0,
        "iops_max" : 0,
        "iops_mean" : 0.000000,
        "iops_stddev" : 0.000000,
        "iops_samples" : 0
      },
      "write" : {
        "io_bytes" : 67108864,
        "io_kbytes" : 65536,
        "bw_bytes" : 4098751,
        "bw" : 4002,
        "iops" : 16010.749405,
        "runtime" : 16373,
        "total_ios" : 262144,
        "short_ios" : 0,
        "drop_ios" : 0,
        "slat_ns" : {
          "min" : 0,
          "max" : 0,
          "mean" : 0.000000,
          "stddev" : 0.000000,
          "N" : 0
        },
        "clat_ns" : {
          "min" : 794,
          "max" : 4026752,
          "mean" : 61983.548496,
          "stddev" : 234756.494935,
          "N" : 262144,
          "percentile" : {
            "1.000000" : 964,
            "5.000000" : 1048,
            "10.000000" : 1144,
            "20.000000" : 1224,
            "30.000000" : 1272,
            "40.000000" : 1320,
            "50.000000" : 1384,
            "60.000000" : 1480,
            "70.000000" : 1608,
            "80.000000" : 1784,
            "90.000000" : 2384,
            "95.000000" : 929792,
            "99.000000" : 1003520,
            "99.500000" : 1019904,
            "99.900000" : 1105920,
            "99.950000" : 1187840,
            "99.990000" : 1581056
          },
          "bins" : {
            "796" : 1,
            "908" : 3,
            "916" : 7,
            "924" : 41,
            "932" : 160,
            "940" : 430,
            "948" : 594,
            "956" : 813,
            "964" : 997,
            "972" : 946,
            "980" : 1012,
            "988" : 1031,
            "996" : 1034,
            "1004" : 1087,
            "1012" : 1193,
            "1020" : 1271,
            "1032" : 2239,
            "1048" : 1735,
            "1064" : 1531,
            "1080" : 1440,
            "1096" : 1540,
            "1112" : 1639,
            "1128" : 2290,
            "1144" : 3305,
            "1160" : 4162,
            "1176" : 4683,
            "1192" : 5419,
            "1208" : 6637,
            "1224" : 7716,
            "1240" : 8214,
            "1256" : 8085,
            "1272" : 8306,
            "1288" : 8944,
            "1304" : 8754,
            "1320" : 8309,
            "1336" : 7444,
            "1352" : 6936,
            "1368" : 6821,
            "1384" : 6061,
            "1400" : 5434,
            "1416" : 4817,
            "1432" : 4526,
            "1448" : 4308,
            "1464" : 4002,
            "1480" : 3733,
            "1496" : 3598,
            "1512" : 3439,
            "1528" : 3271,
            "1544" : 3127,
            "1560" : 3124,
            "1576" : 3053,
            "1592" : 2905,
            "1608" : 2911,
            "1624" : 2803,
            "1640" : 2806,
            "1656" : 2597,
            "1672" : 2582,
            "1688" : 2513,
            "1704" : 2400,
            "1720" : 2332,
            "1736" : 2173,
            "1752" : 2041,
            "1768" : 2024,
            "1784" : 1855,
            "1800" : 1744,
            "1816" : 1680,
            "1832" : 1577,
            "1848" : 1407,
            "1864" : 1371,
            "1880" : 1276,
            "1896" : 1132,
            "1912" : 1030,
            "1928" : 1059,
            "1944" : 963,
            "1960" : 915,
            "1976" : 827,
            "1992" : 793,
            "2008" : 685,
            "2024" : 724,
            "2040" : 645,
            "2064" : 1096,
            "2096" : 981,
            "2128" : 904,
            "2160" : 795,
            "2192" : 650,
            "2224" : 581,
            "2256" : 535,
            "2288" : 490,
            "2320" : 404,
            "2352" : 396,
            "2384" : 328,
            "2416" : 310,
            "2448" : 278,
            "2480" : 243,
            "2512" : 205,
            "2544" : 207,
            "2576" : 180,
            "2608" : 175,
            "2640" : 164,
            "2672" : 158,
            "2704" : 131,
            "2736" : 161,
            "2768" : 126,
            "2800" : 114,
            "2832" : 141,
            "2864" : 124,
            "2896" : 121,
            "2928" : 117,
            "2960" : 112,
            "2992" : 116,
            "3024" : 92,
            "3056" : 123,
            "3088" : 96,
            "3120" : 110,
            "3152" : 106,
            "3184" : 100,
            "3216" : 95,
            "3248" : 90,
            "3280" : 99,
            "3312" : 101,
            "3344" : 84,
            "3376" : 80,
            "3408" : 113,
            "3440" : 84,
            "3472" : 94,
            "3504" : 90,
            "3536" : 110,
            "3568" : 86,
            "3600" : 108,
            "3632" : 84,
            "3664" : 95,
            "3696" : 79,
            "3728" : 96,
            "3760" : 83,
            "3792" : 103,
            "3824" : 88,
            "3856" : 72,
            "3888" : 70,
            "3920" : 69,
            "3952" : 67,
            "3984" : 87,
            "4016" : 82,
            "4048" : 73,
            "4080" : 74,
            "4128" : 147,
            "4192" : 158,
            "4256" : 146,
            "4320" : 149,
            "4384" : 145,
            "4448" : 139,
            "4512" : 135,
            "4576" : 104,
            "4640" : 123,
            "4704" : 113,
            "4768" : 110,
            "4832" : 82,
            "4896" : 83,
            "4960" : 84,
            "5024" : 92,
            "5088" : 78,
            "5152" : 67,
            "5216" : 62,
            "5280" : 51,
            "5344" : 51,
            "5408" : 37,
            "5472" : 48,
            "5536" : 41,
            "5600" : 34,
            "5664" : 33,
            "5728" : 24,
            "5792" : 33,
            "5856" : 15,
            "5920" : 21,
            "5984" : 27,
            "6048" : 22,
            "6112" : 14,
            "6176" : 15,
            "6240" : 24,
            "6304" : 16,
            "6368" : 8,
            "6432" : 16,
            "6496" : 12,
            "6560" : 10,
            "6624" : 7,
            "6688" : 12,
            "6752" : 9,
            "6816" : 5,
            "6880" : 8,
            "6944" : 9,
            "7008" : 6,
            "7072" : 6,
            "7136" : 6,
            "7200" : 8,
            "7264" : 3,
            "7328" : 10,
            "7392" : 4,
            "7456" : 5,
            "7520" : 3,
            "7584" : 4,