{
  "fio version" : "fio-3.39-38-gf18c",
  "timestamp" : 1744242940,
  "timestamp_ms" : 1744242940728,
  "time" : "Wed Apr  9 23:55:40 2025",
  "global options" : {
    "kb_base" : "1024",
    "runtime" : "600"
  },
  "jobs" : [
    {
      "jobname" : "nfsv3-randwrite-67108864-blk65536-iod1",
      "groupid" : 0,
      "job_start" : 1744242940587,
      "error" : 0,
      "eta" : 2147483647,
      "elapsed" : 1,
      "job options" : {
        "stonewall" : "",
        "rw" : "randwrite",
        "size" : "67108864",
        "bs" : "65536",
        "iodepth" : "1",
        "filename" : "/nfsv3/scratch/adam/fsbench/nfsv3/nfsv3-randwrite-67108864-blk65536-iod1.bin"
      },
      "read" : {
        "io_bytes" : 0,
        "io_kbytes" : 0,
        "bw_bytes" : 0,
        "bw" : 0,
        "iops" : 0.000000,
        "runtime" : 0,
        "total_ios" : 0,
        "short_ios" : 0,
        "drop_ios" : 0,
        "slat_ns" : {
          "min" : 0,
          "max" : 0,
          "mean" : 0.000000,
          "stddev" : 0.000000,
          "N" : 0
        },
        "clat_ns" : {
          "min" : 0,
          "max" : 0,
          "mean" : 0.000000,
          "stddev" : 0.000000,
          "N" : 0
        },
        "lat_ns" : {
          "min" : 0,
          "max" : 0,
          "mean" : 0.000000,
          "stddev" : 0.000000,
          "N" : 0
        },
        "bw_min" : 0,
        "bw_max" : 0,
        "bw_agg" : 0.000000,
        "bw_mean" : 0.000000,
        "bw_dev" : 0.000000,
        "bw_samples" : 0,
        "iops_min" : 0,
        "iops_max" : 0,
        "iops_mean" : 0.000000,
        "iops_stddev" : 0.000000,
        "iops_samples" : 0
      },
      "write" : {
        "io_bytes" : 67108864,
        "io_kbytes" : 65536,
        "bw_bytes" : 1973790117,
        "bw" : 1927529,
        "iops" : 30117.647059,
        "runtime" : 34,
        "total_ios" : 1024,
        "short_ios" : 0,
        "drop_ios" : 0,
        "slat_ns" : {
          "min" : 0,
          "max" : 0,
          "mean" : 0.000000,
          "stddev" : 0.000000,
          "N" : 0
        },
        "clat_ns" : {
          "min" : 25180,
          "max" : 183520,
          "mean" : 30304.454102,
          "stddev" : 7275.044620,
          "N" : 1024,
          "percentile" : {
            "1.000000" : 25728,
            "5.000000" : 25984,
            "10.000000" : 26240,
            "20.000000" : 26752,
            "30.000000" : 27008,
            "40.000000" : 27520,
            "50.000000" : 28032,
            "60.000000" : 29312,
            "70.000000" : 32128,
            "80.000000" : 33024,
            "90.000000" : 35072,
            "95.000000" : 39168,
            "99.000000" : 47360,
            "99.500000" : 51968,
            "99.900000" : 124416,
            "99.950000" : 183296,
            "99.990000" : 183296
          },
          "bins" : {
            "25216" : 4,
            "25472" : 6,
            "25728" : 19,
            "25984" : 28,
            "26240" : 53,
            "26496" : 76,
            "26752" : 67,
            "27008" : 66,
            "27264" : 74,
            "27520" : 58,
            "27776" : 28,
            "28032" : 43,
            "28288" : 33,
            "28544" : 22,
            "28800" : 21,
            "29056" : 14,
            "29312" : 13,
            "29568" : 15,
            "29824" : 8,
            "30080" : 3,
            "30336" : 6,
            "30592" : 2,
            "30848" : 6,
            "31104" : 5,
            "31360" : 7,
            "31616" : 14,
            "31872" : 18,
            "32128" : 21,
            "32384" : 15,
            "32640" : 25,
            "33024" : 55,
            "33536" : 44,
            "34048" : 32,
            "34560" : 12,
            "35072" : 11,
            "35584" : 9,
            "36096" : 8,
            "36608" : 11,
            "37120" : 7,
            "37632" : 5,
            "38144" : 8,
            "39168" : 4,
            "39680" : 4,
            "40192" : 2,
            "40704" : 2,
            "41216" : 4,
            "41728" : 2,
            "42240" : 7,
            "42752" : 4,
            "43776" : 3,
            "44288" : 3,
            "44800" : 1,
            "45312" : 1,
            "45824" : 1,
            "46336" : 1,
            "46848" : 1,
            "47360" : 2,
            "48384" : 1,
            "49408" : 1,
            "49920" : 2,
            "51968" : 1,
            "57600" : 1,
            "58624" : 1,
            "64768" : 1,
            "124416" : 1,
            "183296" : 1
          }
        },
        "lat_ns" : {
          "min" : 25530,
          "max" : 183922,
          "mean" : 30694.365234,
          "stddev" : 7361.586188,
          "N" : 1024
        },
        "bw_min" : 0,
        "bw_max" : 0,
        "bw_agg" : 0.000000,
        "bw_mean" : 0.000000,
        "bw_dev" : 0.000000,
        "bw_samples" : 0,
        "iops_min" : 0,
        "iops_max" : 0,
        "iops_mean" : 0.000000,
        "iops_stddev" : 0.000000,
        "iops_samples" : 0
      },
      "trim" : {
        "io_bytes" : 0,
        "io_kbytes" : 0,
        "bw_bytes" : 0,
        "bw" : 0,
        "iops" : 0.000000,
        "runtime" : 0,
        "total_ios" : 0,
        "short_ios" : 0,
        "drop_ios" : 0,
        "slat_ns" : {
          "min" : 0,
          "max" : 0,
          "mean" : 0.000000,
          "stddev" : 0.000000,
          "N" : 0
        },
        "clat_ns" : {
          "min" : 0,
          "max" : 0,
          "mean" : 0.000000,
          "stddev" : 0.000000,
          "N" : 0
        },
        "lat_ns" : {
          "min" : 0,
          "max" : 0,
          "mean" : 0.000000,
          "stddev" : 0.000000,
          "N" : 0
        },
        "bw_min" : 0,
        "bw_max" : 0,
        "bw_agg" : 0.000000,
        "bw_mean" : 0.000000,
        "bw_dev" : 0.000000,
        "bw_samples" : 0,
        "iops_min" : 0,
        "iops_max" : 0,
        "iops_mean" : 0.000000,
        "iops_stddev" : 0.000000,
        "iops_samples" : 0
      },
      "sync" : {
        "total_ios" : 0,
        "lat_ns" : {
          "min" : 0,
          "max" : 0,
          "mean" : 0.000000,
          "stddev" : 0.000000,
          "N" : 0
        }
      },
      "job_runtime" : 33,
      "usr_cpu" : 3.030303,
      "sys_cpu" : 90.909091,
      "ctx" : 2,
      "majf" : 0,
      "minf" : 7,
      "iodepth_level" : {
        "1" : 100.000000,
        "2" : 0.000000,
        "4" : 0.000000,
        "8" : 0.000000,
        "16" : 0.000000,
        "32" : 0.000000,
        ">=64" : 0.000000
      },
      "iodepth_submit" : {
        "0" : 0.000000,
        "4" : 100.000000,
        "8" : 0.000000,
        "16" : 0.000000,
        "32" : 0.000000,
        "64" : 0.000000,
        ">=64" : 0.000000
      },
      "iodepth_complete" : {
        "0" : 0.000000,
        "4" : 100.000000,
        "8" : 0.000000,
        "16" : 0.000000,
        "32" : 0.000000,
        "64" : 0.000000,
        ">=64" : 0.000000
      },
      "latency_ns" : {
        "2" : 0.000000,
        "4" : 0.000000,
        "10" : 0.000000,
        "20" : 0.000000,
        "50" : 0.000000,
        "100" : 0.000000,
        "250" : 0.000000,
        "500" : 0.000000,
        "750" : 0.000000,
        "1000" : 0.000000
      },
      "latency_us" : {
        "2" : 0.000000,
        "4" : 0.000000,
        "10" : 0.000000,
        "20" : 0.000000,
        "50" : 99.414062,
        "100" : 0.390625,
        "250" : 0.195312,
        "500" : 0.000000,
        "750" : 0.000000,
        "1000" : 0.000000
      },
      "latency_ms" : {
        "2" : 0.000000,
        "4" : 0.000000,
        "10" : 0.000000,
        "20" : 0.000000,
        "50" : 0.000000,
        "100" : 0.000000,
        "250" : 0.000000,
        "500" : 0.000000,
        "750" : 0.000000,
        "1000" : 0.000000,
        "2000" : 0.000000,
        ">=2000" : 0.000000
      },
      "latency_depth" : 1,
      "latency_target" : 0,