{
  "fio version" : "fio-3.39-38-gf18c",
  "timestamp" : 1744242852,
  "timestamp_ms" : 1744242852028,
  "time" : "Wed Apr  9 23:54:12 2025",
  "global options" : {
    "kb_base" : "1024",
    "runtime" : "600"
  },
  "jobs" : [
    {
      "jobname" : "nfsv3-randwrite-67108864-blk256-iod1",
      "groupid" : 0,
      "job_start" : 1744242835388,
      "error" : 0,
      "eta" : 0,
      "elapsed" : 17,
      "job options" : {
        "stonewall" : "",
        "rw" : "randwrite",
        "size" : "67108864",
        "bs" : "256",
        "iodepth" : "1",
        "filename" : "/nfsv3/scratch/adam/fsbench/nfsv3/nfsv3-randwrite-67108864-blk256-iod1.bin"
      },
      "read" : {
        "io_bytes" : 0,
        "io_kbytes" : 0,
        "bw_bytes" : 0,
        "bw" : 0,
        "iops" : 0.000000,
        "runtime" : 0,
        "total_ios" : 0,
        "short_ios" : 0,
        "drop_ios" : 0,
        "slat_ns" : {
          "min" : 0,
          "max" : 0,
          "mean" : 0.000000,
          "stddev" : 0.000000,
          "N" : 0
        },
        "clat_ns" : {
          "min" : 0,
          "max" : 0,
          "mean" : 0.000000,
          "stddev" : 0.000000,
          "N" : 0
        },
        "lat_ns" : {
          "min" : 0,
          "max" : 0,
          "mean" : 0.000000,
          "stddev" : 0.000000,
          "N" : 0
        },
        "bw_min" : 0,
        "bw_max" : 0,
        "bw_agg" : 0.000000,
        "bw_mean" : 0.000000,
        "bw_dev" : 0.000000,
        "bw_samples" : 0,
        "iops_min" : 0,
        "iops_max" : 0,
        "iops_mean" : 0.000000,
        "iops_stddev" : 0.000000,
        "iops_samples" : 0
      },
      "write" : {
        "io_bytes" : 67108864,
        "io_kbytes" : 65536,
        "bw_bytes" : 4080558,
        "bw" : 3984,
        "iops" : 15939.681381,
        "runtime" : 16446,
        "total_ios" : 262144,
        "short_ios" : 0,
        "drop_ios" : 0,
        "slat_ns" : {
          "min" : 0,
          "max" : 0,
          "mean" : 0.000000,
          "stddev" : 0.000000,
          "N" : 0
        },
        "clat_ns" : {
          "min" : 914,
          "max" : 38449718,
          "mean" : 62259.914188,
          "stddev" : 286422.015790,
          "N" : 262144,
          "percentile" : {
            "1.000000" : 980,
            "5.000000" : 1048,
            "10.000000" : 1160,
            "20.000000" : 1240,
            "30.000000" : 1304,
            "40.000000" : 1336,
            "50.000000" : 1400,
            "60.000000" : 1464,
            "70.000000" : 1576,
            "80.000000" : 1752,
            "90.000000" : 2512,
            "95.000000" : 913408,
            "99.000000" : 995328,
            "99.500000" : 1019904,
            "99.900000" : 1122304,
            "99.950000" : 1204224,
            "99.990000" : 3063808
          },
          "bins" : {
            "916" : 2,
            "924" : 1,
            "932" : 1,
            "940" : 24,
            "948" : 113,
            "956" : 294,
            "964" : 731,
            "972" : 1054,
            "980" : 983,
            "988" : 864,
            "996" : 806,
            "1004" : 954,
            "1012" : 1229,
            "1020" : 1496,
            "1032" : 2920,
            "1048" : 2472,
            "1064" : 2061,
            "1080" : 1811,
            "1096" : 1650,
            "1112" : 1684,
            "1128" : 1725,
            "1144" : 1957,
            "1160" : 2664,
            "1176" : 3567,
            "1192" : 4438,
            "1208" : 5049,
            "1224" : 5853,
            "1240" : 7093,
            "1256" : 8064,
            "1272" : 8436,
            "1288" : 8479,
            "1304" : 8800,
            "1320" : 9129,
            "1336" : 9114,
            "1352" : 8303,
            "1368" : 7903,
            "1384" : 7259,
            "1400" : 7077,
            "1416" : 6417,
            "1432" : 5625,
            "1448" : 5308,
            "1464" : 4941,
            "1480" : 4757,
            "1496" : 4235,
            "1512" : 4037,
            "1528" : 3873,
            "1544" : 3684,
            "1560" : 3462,
            "1576" : 3251,
            "1592" : 3094,
            "1608" : 3009,
            "1624" : 2663,
            "1640" : 2611,
            "1656" : 2434,
            "1672" : 2241,
            "1688" : 2134,
            "1704" : 2012,
            "1720" : 1898,
            "1736" : 1825,
            "1752" : 1636,
            "1768" : 1560,
            "1784" : 1370,
            "1800" : 1380,
            "1816" : 1304,
            "1832" : 1172,
            "1848" : 1104,
            "1864" : 1022,
            "1880" : 951,
            "1896" : 918,
            "1912" : 811,
            "1928" : 833,
            "1944" : 756,
            "1960" : 726,
            "1976" : 659,
            "1992" : 655,
            "2008" : 617,
            "2024" : 535,
            "2040" : 535,
            "2064" : 977,
            "2096" : 940,
            "2128" : 754,
            "2160" : 760,
            "2192" : 659,
            "2224" : 598,
            "2256" : 507,
            "2288" : 472,
            "2320" : 396,
            "2352" : 399,
            "2384" : 333,
            "2416" : 316,
            "2448" : 304,
            "2480" : 242,
            "2512" : 226,
            "2544" : 215,
            "2576" : 215,
            "2608" : 167,
            "2640" : 219,
            "2672" : 177,
            "2704" : 149,
            "2736" : 189,
            "2768" : 156,
            "2800" : 147,
            "2832" : 168,
            "2864" : 151,
            "2896" : 135,
            "2928" : 132,
            "2960" : 124,
            "2992" : 131,
            "3024" : 115,
            "3056" : 118,
            "3088" : 109,
            "3120" : 111,
            "3152" : 118,
            "3184" : 120,
            "3216" : 110,
            "3248" : 105,
            "3280" : 108,
            "3312" : 112,
            "3344" : 92,
            "3376" : 102,
            "3408" : 113,
            "3440" : 107,
            "3472" : 101,
            "3504" : 93,
            "3536" : 81,
            "3568" : 104,
            "3600" : 102,
            "3632" : 98,
            "3664" : 90,
            "3696" : 107,
            "3728" : 86,
            "3760" : 97,
            "3792" : 96,
            "3824" : 101,
            "3856" : 102,
            "3888" : 79,
            "3920" : 83,
            "3952" : 106,
            "3984" : 100,
            "4016" : 92,
            "4048" : 90,
            "4080" : 92,
            "4128" : 161,
            "4192" : 169,
            "4256" : 157,
            "4320" : 154,
            "4384" : 162,
            "4448" : 146,
            "4512" : 132,
            "4576" : 134,
            "4640" : 141,
            "4704" : 124,
            "4768" : 126,
            "4832" : 122,
            "4896" : 110,
            "4960" : 75,
            "5024" : 86,
            "5088" : 80,
            "5152" : 82,
            "5216" : 78,
            "5280" : 49,
            "5344" : 51,
            "5408" : 49,
            "5472" : 64,
            "5536" : 53,
            "5600" : 42,
            "5664" : 45,
            "5728" : 49,
            "5792" : 33,
            "5856" : 36,
            "5920" : 26,
            "5984" : 29,
            "6048" : 16,
            "6112" : 23,
            "6176" : 19,
            "6240" : 22,
            "6304" : 27,
            "6368" : 12,
            "6432" : 10,
            "6496" : 14,
            "6560" : 15,
            "6624" : 18,
            "6688" : 11,
            "6752" : 9,
            "6816" : 11,
            "6880" : 10,
            "6944" : 14,
            "7008" : 11,
            "7072" : 10,
            "7136" : 7,
            "7200" : 18,
            "7264" : 6,
            "7328" : 5,
            "7392" : 8,
            "7456" : 7,
            "7520" : 9,
            "7584" : 7,
            "7648" : 10,