{
  "fio version" : "fio-3.39-38-gf18c",
  "timestamp" : 1744238186,
  "timestamp_ms" : 1744238186717,
  "time" : "Wed Apr  9 22:36:26 2025",
  "global options" : {
    "kb_base" : "1024",
    "runtime" : "600"
  },
  "jobs" : [
    {
      "jobname" : "nfsv3-write-67108864-blk65536-iod1",
      "groupid" : 0,
      "job_start" : 1744238186328,
      "error" : 0,
      "eta" : 2147483647,
      "elapsed" : 1,
      "job options" : {
        "stonewall" : "",
        "rw" : "write",
        "size" : "67108864",
        "bs" : "65536",
        "iodepth" : "1",
        "filename" : "/nfsv3/scratch/adam/fsbench/nfsv3/nfsv3-write-67108864-blk65536-iod1.bin"
      },
      "read" : {
        "io_bytes" : 0,
        "io_kbytes" : 0,
        "bw_bytes" : 0,
        "bw" : 0,
        "iops" : 0.000000,
        "runtime" : 0,
        "total_ios" : 0,
        "short_ios" : 0,
        "drop_ios" : 0,
        "slat_ns" : {
          "min" : 0,
          "max" : 0,
          "mean" : 0.000000,
          "stddev" : 0.000000,
          "N" : 0
        },
        "clat_ns" : {
          "min" : 0,
          "max" : 0,
          "mean" : 0.000000,
          "stddev" : 0.000000,
          "N" : 0
        },
        "lat_ns" : {
          "min" : 0,
          "max" : 0,
          "mean" : 0.000000,
          "stddev" : 0.000000,
          "N" : 0
        },
        "bw_min" : 0,
        "bw_max" : 0,
        "bw_agg" : 0.000000,
        "bw_mean" : 0.000000,
        "bw_dev" : 0.000000,
        "bw_samples" : 0,
        "iops_min" : 0,
        "iops_max" : 0,
        "iops_mean" : 0.000000,
        "iops_stddev" : 0.000000,
        "iops_samples" : 0
      },
      "write" : {
        "io_bytes" : 67108864,
        "io_kbytes" : 65536,
        "bw_bytes" : 2033601939,
        "bw" : 1985939,
        "iops" : 31030.303030,
        "runtime" : 33,
        "total_ios" : 1024,
        "short_ios" : 0,
        "drop_ios" : 0,
        "slat_ns" : {
          "min" : 0,
          "max" : 0,
          "mean" : 0.000000,
          "stddev" : 0.000000,
          "N" : 0
        },
        "clat_ns" : {
          "min" : 25065,
          "max" : 53577,
          "mean" : 28932.648438,
          "stddev" : 3552.303033,
          "N" : 1024,
          "percentile" : {
            "1.000000" : 25472,
            "5.000000" : 25728,
            "10.000000" : 25984,
            "20.000000" : 26240,
            "30.000000" : 26496,
            "40.000000" : 26752,
            "50.000000" : 27264,
            "60.000000" : 27776,
            "70.000000" : 31360,
            "80.000000" : 32384,
            "90.000000" : 33536,
            "95.000000" : 34560,
            "99.000000" : 40704,
            "99.500000" : 43264,
            "99.900000" : 49408,
            "99.950000" : 53504,
            "99.990000" : 53504
          },
          "bins" : {
            "24960" : 1,
            "25216" : 4,
            "25472" : 14,
            "25728" : 44,
            "25984" : 58,
            "26240" : 90,
            "26496" : 107,
            "26752" : 97,
            "27008" : 86,
            "27264" : 67,
            "27520" : 41,
            "27776" : 27,
            "28032" : 25,
            "28288" : 13,
            "28544" : 2,
            "28800" : 7,
            "29056" : 4,
            "29312" : 3,
            "29568" : 4,
            "29824" : 4,
            "30080" : 1,
            "30336" : 4,
            "30592" : 3,
            "30848" : 6,
            "31104" : 4,
            "31360" : 18,
            "31616" : 20,
            "31872" : 24,
            "32128" : 18,
            "32384" : 33,
            "32640" : 25,
            "33024" : 62,
            "33536" : 36,
            "34048" : 16,
            "34560" : 11,
            "35072" : 3,
            "35584" : 5,
            "36096" : 6,
            "36608" : 4,
            "37120" : 2,
            "37632" : 1,
            "38144" : 3,
            "38656" : 2,
            "39168" : 1,
            "39680" : 3,
            "40192" : 1,
            "40704" : 4,
            "41216" : 1,
            "42240" : 2,
            "42752" : 1,
            "43264" : 1,
            "43776" : 1,
            "44288" : 1,
            "46848" : 1,
            "49408" : 1,
            "53504" : 1
          }
        },
        "lat_ns" : {
          "min" : 25340,
          "max" : 62401,
          "mean" : 29273.823242,
          "stddev" : 3618.263964,
          "N" : 1024
        },
        "bw_min" : 0,
        "bw_max" : 0,
        "bw_agg" : 0.000000,
        "bw_mean" : 0.000000,
        "bw_dev" : 0.000000,
        "bw_samples" : 0,
        "iops_min" : 0,
        "iops_max" : 0,
        "iops_mean" : 0.000000,
        "iops_stddev" : 0.000000,
        "iops_samples" : 0
      },
      "trim" : {
        "io_bytes" : 0,
        "io_kbytes" : 0,
        "bw_bytes" : 0,
        "bw" : 0,
        "iops" : 0.000000,
        "runtime" : 0,
        "total_ios" : 0,
        "short_ios" : 0,
        "drop_ios" : 0,
        "slat_ns" : {
          "min" : 0,
          "max" : 0,
          "mean" : 0.000000,
          "stddev" : 0.000000,
          "N" : 0
        },
        "clat_ns" : {
          "min" : 0,
          "max" : 0,
          "mean" : 0.000000,
          "stddev" : 0.000000,
          "N" : 0
        },
        "lat_ns" : {
          "min" : 0,
          "max" : 0,
          "mean" : 0.000000,
          "stddev" : 0.000000,
          "N" : 0
        },
        "bw_min" : 0,
        "bw_max" : 0,
        "bw_agg" : 0.000000,
        "bw_mean" : 0.000000,
        "bw_dev" : 0.000000,
        "bw_samples" : 0,
        "iops_min" : 0,
        "iops_max" : 0,
        "iops_mean" : 0.000000,
        "iops_stddev" : 0.000000,
        "iops_samples" : 0
      },
      "sync" : {
        "total_ios" : 0,
        "lat_ns" : {
          "min" : 0,
          "max" : 0,
          "mean" : 0.000000,
          "stddev" : 0.000000,
          "N" : 0
        }
      },
      "job_runtime" : 32,
      "usr_cpu" : 0.000000,
      "sys_cpu" : 90.625000,
      "ctx" : 2,
      "majf" : 0,
      "minf" : 8,
      "iodepth_level" : {
        "1" : 100.000000,
        "2" : 0.000000,
        "4" : 0.000000,
        "8" : 0.000000,
        "16" : 0.000000,
        "32" : 0.000000,
        ">=64" : 0.000000
      },
      "iodepth_submit" : {
        "0" : 0.000000,
        "4" : 100.000000,
        "8" : 0.000000,
        "16" : 0.000000,
        "32" : 0.000000,
        "64" : 0.000000,
        ">=64" : 0.000000
      },
      "iodepth_complete" : {
        "0" : 0.000000,
        "4" : 100.000000,
        "8" : 0.000000,
        "16" : 0.000000,
        "32" : 0.000000,
        "64" : 0.000000,
        ">=64" : 0.000000
      },
      "latency_ns" : {
        "2" : 0.000000,
        "4" : 0.000000,
        "10" : 0.000000,
        "20" : 0.000000,
        "50" : 0.000000,
        "100" : 0.000000,
        "250" : 0.000000,
        "500" : 0.000000,
        "750" : 0.000000,
        "1000" : 0.000000
      },
      "latency_us" : {
        "2" : 0.000000,
        "4" : 0.000000,
        "10" : 0.000000,
        "20" : 0.000000,
        "50" : 99.902344,
        "100" : 0.097656,
        "250" : 0.000000,
        "500" : 0.000000,
        "750" : 0.000000,
        "1000" : 0.000000
      },
      "latency_ms" : {
        "2" : 0.000000,
        "4" : 0.000000,
        "10" : 0.000000,
        "20" : 0.000000,
        "50" : 0.000000,
        "100" : 0.000000,
        "250" : 0.000000,
        "500" : 0.000000,
        "750" : 0.000000,
        "1000" : 0.000000,
        "2000" : 0.000000,
        ">=2000" : 0.000000
      },
      "latency_depth" : 1,
      "latency_target" : 0,
      "latency_percentile" : 100.000000,
      "latency_window" : 0
    }
  ]
}
