{
  "fio version" : "fio-3.39-38-gf18c",
  "timestamp" : 1744238376,
  "timestamp_ms" : 1744238376545,
  "time" : "Wed Apr  9 22:39:36 2025",
  "global options" : {
    "kb_base" : "1024",
    "runtime" : "600"
  },
  "jobs" : [
    {
      "jobname" : "nfsv3-write-1073741824-blk65536-iod1",
      "groupid" : 0,
      "job_start" : 1744238368406,
      "error" : 0,
      "eta" : 0,
      "elapsed" : 9,
      "job options" : {
        "stonewall" : "",
        "rw" : "write",
        "size" : "1073741824",
        "bs" : "65536",
        "iodepth" : "1",
        "filename" : "/nfsv3/scratch/adam/fsbench/nfsv3/nfsv3-write-1073741824-blk65536-iod1.bin"
      },
      "read" : {
        "io_bytes" : 0,
        "io_kbytes" : 0,
        "bw_bytes" : 0,
        "bw" : 0,
        "iops" : 0.000000,
        "runtime" : 0,
        "total_ios" : 0,
        "short_ios" : 0,
        "drop_ios" : 0,
        "slat_ns" : {
          "min" : 0,
          "max" : 0,
          "mean" : 0.000000,
          "stddev" : 0.000000,
          "N" : 0
        },
        "clat_ns" : {
          "min" : 0,
          "max" : 0,
          "mean" : 0.000000,
          "stddev" : 0.000000,
          "N" : 0
        },
        "lat_ns" : {
          "min" : 0,
          "max" : 0,
          "mean" : 0.000000,
          "stddev" : 0.000000,
          "N" : 0
        },
        "bw_min" : 0,
        "bw_max" : 0,
        "bw_agg" : 0.000000,
        "bw_mean" : 0.000000,
        "bw_dev" : 0.000000,
        "bw_samples" : 0,
        "iops_min" : 0,
        "iops_max" : 0,
        "iops_mean" : 0.000000,
        "iops_stddev" : 0.000000,
        "iops_samples" : 0
      },
      "write" : {
        "io_bytes" : 1073741824,
        "io_kbytes" : 1048576,
        "bw_bytes" : 2177975302,
        "bw" : 2126929,
        "iops" : 33233.265720,
        "runtime" : 493,
        "total_ios" : 16384,
        "short_ios" : 0,
        "drop_ios" : 0,
        "slat_ns" : {
          "min" : 0,
          "max" : 0,
          "mean" : 0.000000,
          "stddev" : 0.000000,
          "N" : 0
        },
        "clat_ns" : {
          "min" : 23877,
          "max" : 167709,
          "mean" : 29318.153931,
          "stddev" : 5104.457349,
          "N" : 16384,
          "percentile" : {
            "1.000000" : 25216,
            "5.000000" : 25728,
            "10.000000" : 25984,
            "20.000000" : 26240,
            "30.000000" : 26496,
            "40.000000" : 27008,
            "50.000000" : 27264,
            "60.000000" : 28288,
            "70.000000" : 30080,
            "80.000000" : 32128,
            "90.000000" : 34560,
            "95.000000" : 37632,
            "99.000000" : 46848,
            "99.500000" : 51456,
            "99.900000" : 66048,
            "99.950000" : 87552,
            "99.990000" : 166912
          },
          "bins" : {
            "23936" : 1,
            "24448" : 7,
            "24704" : 21,
            "24960" : 84,
            "25216" : 208,
            "25472" : 422,
            "25728" : 680,
            "25984" : 1014,
            "26240" : 1235,
            "26496" : 1337,
            "26752" : 1327,
            "27008" : 1145,
            "27264" : 943,
            "27520" : 672,
            "27776" : 417,
            "28032" : 276,
            "28288" : 226,
            "28544" : 135,
            "28800" : 139,
            "29056" : 161,
            "29312" : 197,
            "29568" : 257,
            "29824" : 303,
            "30080" : 295,
            "30336" : 267,
            "30592" : 299,
            "30848" : 238,
            "31104" : 232,
            "31360" : 186,
            "31616" : 172,
            "31872" : 137,
            "32128" : 187,
            "32384" : 200,
            "32640" : 203,
            "33024" : 425,
            "33536" : 350,
            "34048" : 291,
            "34560" : 188,
            "35072" : 166,
            "35584" : 125,
            "36096" : 117,
            "36608" : 133,
            "37120" : 111,
            "37632" : 99,
            "38144" : 66,
            "38656" : 59,
            "39168" : 53,
            "39680" : 46,
            "40192" : 45,
            "40704" : 38,
            "41216" : 40,
            "41728" : 37,
            "42240" : 35,
            "42752" : 30,
            "43264" : 36,
            "43776" : 29,
            "44288" : 15,
            "44800" : 16,
            "45312" : 22,
            "45824" : 12,
            "46336" : 12,
            "46848" : 12,
            "47360" : 8,
            "47872" : 10,
            "48384" : 9,
            "48896" : 9,
            "49408" : 9,
            "49920" : 7,
            "50432" : 6,
            "50944" : 13,
            "51456" : 5,
            "51968" : 5,
            "52480" : 3,
            "52992" : 7,
            "53504" : 3,
            "54016" : 5,
            "54528" : 3,
            "55040" : 5,
            "55552" : 3,
            "56064" : 3,
            "56576" : 3,
            "57088" : 2,
            "58112" : 3,
            "58624" : 1,
            "59136" : 1,
            "59648" : 2,
            "60160" : 1,
            "60672" : 2,
            "61696" : 1,
            "62208" : 1,
            "63232" : 2,
            "63744" : 3,
            "66048" : 2,
            "71168" : 1,
            "72192" : 1,
            "73216" : 1,
            "77312" : 1,
            "78336" : 1,
            "80384" : 1,
            "86528" : 1,
            "87552" : 1,
            "88576" : 1,
            "109056" : 1,
            "116224" : 1,
            "138240" : 2,
            "150528" : 1,
            "166912" : 2
          }
        },
        "lat_ns" : {
          "min" : 24270,
          "max" : 168057,
          "mean" : 29669.593445,
          "stddev" : 5138.987353,
          "N" : 16384
        },
        "bw_min" : 2097152,
        "bw_max" : 2097152,
        "bw_agg" : 98.600000,
        "bw_mean" : 2097152.000000,
        "bw_dev" : 0.000000,
        "bw_samples" : 1,
        "iops_min" : 32768,
        "iops_max" : 32768,
        "iops_mean" : 32768.000000,
        "iops_stddev" : 0.000000,
        "iops_samples" : 1
      },
      "trim" : {
        "io_bytes" : 0,
        "io_kbytes" : 0,
        "bw_bytes" : 0,
        "bw" : 0,
        "iops" : 0.000000,
        "runtime" : 0,
        "total_ios" : 0,
        "short_ios" : 0,
        "drop_ios" : 0,
        "slat_ns" : {
          "min" : 0,
          "max" : 0,
          "mean" : 0.000000,
          "stddev" : 0.000000,
          "N" : 0
        },
        "clat_ns" : {
          "min" : 0,
          "max" : 0,
          "mean" : 0.000000,
          "stddev" : 0.000000,
          "N" : 0
        },
        "lat_ns" : {
          "min" : 0,
          "max" : 0,
          "mean" : 0.000000,
          "stddev" : 0.000000,
          "N" : 0
        },
        "bw_min" : 0,
        "bw_max" : 0,
        "bw_agg" : 0.000000,
        "bw_mean" : 0.000000,
        "bw_dev" : 0.000000,
        "bw_samples" : 0,
        "iops_min" : 0,
        "iops_max" : 0,
        "iops_mean" : 0.000000,
        "iops_stddev" : 0.000000,
        "iops_samples" : 0
      },
      "sync" : {
        "total_ios" : 0,
        "lat_ns" : {
          "min" : 0,
          "max" : 0,
          "mean" : 0.000000,
          "stddev" : 0.000000,
          "N" : 0
        }
      },
      "job_runtime" : 492,
      "usr_cpu" : 4.268293,
      "sys_cpu" : 95.121951,
      "ctx" : 3,
      "majf" : 0,
      "minf" : 8,
      "iodepth_level" : {
        "1" : 100.000000,
        "2" : 0.000000,
        "4" : 0.000000,
        "8" : 0.000000,
        "16" : 0.000000,
        "32" : 0.000000,
        ">=64" : 0.000000
      },
      "iodepth_submit" : {
        "0" : 0.000000,
        "4" : 100.000000,
        "8" : 0.000000,
        "16" : 0.000000,
        "32" : 0.000000,
        "64" : 0.000000,
        ">=64" : 0.000000
      },