{
  "fio version" : "fio-3.39-38-gf18c",
  "timestamp" : 1744245078,
  "timestamp_ms" : 1744245078079,
  "time" : "Thu Apr 10 00:31:18 2025",
  "global options" : {
    "kb_base" : "1024",
    "runtime" : "600"
  },
  "jobs" : [
    {
      "jobname" : "nfsv4-randwrite-1073741824-blk1048576-iod1",
      "groupid" : 0,
      "job_start" : 1744245069942,
      "error" : 0,
      "eta" : 0,
      "elapsed" : 9,
      "job options" : {
        "stonewall" : "",
        "rw" : "randwrite",
        "size" : "1073741824",
        "bs" : "1048576",
        "iodepth" : "1",
        "filename" : "/scratch/adam/fsbench/nfsv4/nfsv4-randwrite-1073741824-blk1048576-iod1.bin"
      },
      "read" : {
        "io_bytes" : 0,
        "io_kbytes" : 0,
        "bw_bytes" : 0,
        "bw" : 0,
        "iops" : 0.000000,
        "runtime" : 0,
        "total_ios" : 0,
        "short_ios" : 0,
        "drop_ios" : 0,
        "slat_ns" : {
          "min" : 0,
          "max" : 0,
          "mean" : 0.000000,
          "stddev" : 0.000000,
          "N" : 0
        },
        "clat_ns" : {
          "min" : 0,
          "max" : 0,
          "mean" : 0.000000,
          "stddev" : 0.000000,
          "N" : 0
        },
        "lat_ns" : {
          "min" : 0,
          "max" : 0,
          "mean" : 0.000000,
          "stddev" : 0.000000,
          "N" : 0
        },
        "bw_min" : 0,
        "bw_max" : 0,
        "bw_agg" : 0.000000,
        "bw_mean" : 0.000000,
        "bw_dev" : 0.000000,
        "bw_samples" : 0,
        "iops_min" : 0,
        "iops_max" : 0,
        "iops_mean" : 0.000000,
        "iops_stddev" : 0.000000,
        "iops_samples" : 0
      },
      "write" : {
        "io_bytes" : 1073741824,
        "io_kbytes" : 1048576,
        "bw_bytes" : 2209345316,
        "bw" : 2157563,
        "iops" : 2106.995885,
        "runtime" : 486,
        "total_ios" : 1024,
        "short_ios" : 0,
        "drop_ios" : 0,
        "slat_ns" : {
          "min" : 0,
          "max" : 0,
          "mean" : 0.000000,
          "stddev" : 0.000000,
          "N" : 0
        },
        "clat_ns" : {
          "min" : 405674,
          "max" : 624404,
          "mean" : 457219.815430,
          "stddev" : 29542.825910,
          "N" : 1024,
          "percentile" : {
            "1.000000" : 415744,
            "5.000000" : 419840,
            "10.000000" : 423936,
            "20.000000" : 432128,
            "30.000000" : 440320,
            "40.000000" : 448512,
            "50.000000" : 456704,
            "60.000000" : 460800,
            "70.000000" : 464896,
            "80.000000" : 473088,
            "90.000000" : 489472,
            "95.000000" : 514048,
            "99.000000" : 561152,
            "99.500000" : 577536,
            "99.900000" : 602112,
            "99.950000" : 626688,
            "99.990000" : 626688
          },
          "bins" : {
            "407552" : 1,
            "411648" : 6,
            "415744" : 12,
            "419840" : 43,
            "423936" : 57,
            "428032" : 59,
            "432128" : 51,
            "436224" : 56,
            "440320" : 54,
            "444416" : 56,
            "448512" : 57,
            "452608" : 56,
            "456704" : 95,
            "460800" : 61,
            "464896" : 63,
            "468992" : 51,
            "473088" : 55,
            "477184" : 33,
            "481280" : 29,
            "485376" : 25,
            "489472" : 16,
            "493568" : 14,
            "497664" : 8,
            "501760" : 5,
            "505856" : 6,
            "509952" : 2,
            "514048" : 5,
            "518144" : 3,
            "522240" : 4,
            "528384" : 10,
            "536576" : 5,
            "544768" : 6,
            "552960" : 2,
            "561152" : 8,
            "569344" : 4,
            "577536" : 1,
            "585728" : 1,
            "593920" : 1,
            "602112" : 2,
            "626688" : 1
          }
        },
        "lat_ns" : {
          "min" : 418557,
          "max" : 642402,
          "mean" : 471443.251953,
          "stddev" : 30257.892977,
          "N" : 1024
        },
        "bw_min" : 2097152,
        "bw_max" : 2097152,
        "bw_agg" : 97.200000,
        "bw_mean" : 2097152.000000,
        "bw_dev" : 0.000000,
        "bw_samples" : 1,
        "iops_min" : 2048,
        "iops_max" : 2048,
        "iops_mean" : 2048.000000,
        "iops_stddev" : 0.000000,
        "iops_samples" : 1
      },
      "trim" : {
        "io_bytes" : 0,
        "io_kbytes" : 0,
        "bw_bytes" : 0,
        "bw" : 0,
        "iops" : 0.000000,
        "runtime" : 0,
        "total_ios" : 0,
        "short_ios" : 0,
        "drop_ios" : 0,
        "slat_ns" : {
          "min" : 0,
          "max" : 0,
          "mean" : 0.000000,
          "stddev" : 0.000000,
          "N" : 0
        },
        "clat_ns" : {
          "min" : 0,
          "max" : 0,
          "mean" : 0.000000,
          "stddev" : 0.000000,
          "N" : 0
        },
        "lat_ns" : {
          "min" : 0,
          "max" : 0,
          "mean" : 0.000000,
          "stddev" : 0.000000,
          "N" : 0
        },
        "bw_min" : 0,
        "bw_max" : 0,
        "bw_agg" : 0.000000,
        "bw_mean" : 0.000000,
        "bw_dev" : 0.000000,
        "bw_samples" : 0,
        "iops_min" : 0,
        "iops_max" : 0,
        "iops_mean" : 0.000000,
        "iops_stddev" : 0.000000,
        "iops_samples" : 0
      },
      "sync" : {
        "total_ios" : 0,
        "lat_ns" : {
          "min" : 0,
          "max" : 0,
          "mean" : 0.000000,
          "stddev" : 0.000000,
          "N" : 0
        }
      },
      "job_runtime" : 485,
      "usr_cpu" : 3.298969,
      "sys_cpu" : 96.082474,
      "ctx" : 1,
      "majf" : 0,
      "minf" : 8,
      "iodepth_level" : {
        "1" : 100.000000,
        "2" : 0.000000,
        "4" : 0.000000,
        "8" : 0.000000,
        "16" : 0.000000,
        "32" : 0.000000,
        ">=64" : 0.000000
      },
      "iodepth_submit" : {
        "0" : 0.000000,
        "4" : 100.000000,
        "8" : 0.000000,
        "16" : 0.000000,
        "32" : 0.000000,
        "64" : 0.000000,
        ">=64" : 0.000000
      },
      "iodepth_complete" : {
        "0" : 0.000000,
        "4" : 100.000000,
        "8" : 0.000000,
        "16" : 0.000000,
        "32" : 0.000000,
        "64" : 0.000000,
        ">=64" : 0.000000
      },
      "latency_ns" : {
        "2" : 0.000000,
        "4" : 0.000000,
        "10" : 0.000000,
        "20" : 0.000000,
        "50" : 0.000000,
        "100" : 0.000000,
        "250" : 0.000000,
        "500" : 0.000000,
        "750" : 0.000000,
        "1000" : 0.000000
      },
      "latency_us" : {
        "2" : 0.000000,
        "4" : 0.000000,
        "10" : 0.000000,
        "20" : 0.000000,
        "50" : 0.000000,
        "100" : 0.000000,
        "250" : 0.000000,
        "500" : 93.554688,
        "750" : 6.445312,
        "1000" : 0.000000
      },
      "latency_ms" : {
        "2" : 0.000000,
        "4" : 0.000000,
        "10" : 0.000000,
        "20" : 0.000000,
        "50" : 0.000000,
        "100" : 0.000000,
        "250" : 0.000000,
        "500" : 0.000000,
        "750" : 0.000000,
        "1000" : 0.000000,
        "2000" : 0.000000,
        ">=2000" : 0.000000
      },
      "latency_depth" : 1,
      "latency_target" : 0,
      "latency_percentile" : 100.000000,
      "latency_window" : 0
    }
  ]
}
