{
  "fio version" : "fio-3.39-38-gf18c",
  "timestamp" : 1744242787,
  "timestamp_ms" : 1744242787596,
  "time" : "Wed Apr  9 23:53:07 2025",
  "global options" : {
    "kb_base" : "1024",
    "runtime" : "600"
  },
  "jobs" : [
    {
      "jobname" : "nfsv3-randwrite-262144-blk256-iod16",
      "groupid" : 0,
      "job_start" : 1744242787455,
      "error" : 0,
      "eta" : 2147483647,
      "elapsed" : 1,
      "job options" : {
        "stonewall" : "",
        "rw" : "randwrite",
        "size" : "262144",
        "bs" : "256",
        "iodepth" : "16",
        "filename" : "/nfsv3/scratch/adam/fsbench/nfsv3/nfsv3-randwrite-262144-blk256-iod16.bin"
      },
      "read" : {
        "io_bytes" : 0,
        "io_kbytes" : 0,
        "bw_bytes" : 0,
        "bw" : 0,
        "iops" : 0.000000,
        "runtime" : 0,
        "total_ios" : 0,
        "short_ios" : 0,
        "drop_ios" : 0,
        "slat_ns" : {
          "min" : 0,
          "max" : 0,
          "mean" : 0.000000,
          "stddev" : 0.000000,
          "N" : 0
        },
        "clat_ns" : {
          "min" : 0,
          "max" : 0,
          "mean" : 0.000000,
          "stddev" : 0.000000,
          "N" : 0
        },
        "lat_ns" : {
          "min" : 0,
          "max" : 0,
          "mean" : 0.000000,
          "stddev" : 0.000000,
          "N" : 0
        },
        "bw_min" : 0,
        "bw_max" : 0,
        "bw_agg" : 0.000000,
        "bw_mean" : 0.000000,
        "bw_dev" : 0.000000,
        "bw_samples" : 0,
        "iops_min" : 0,
        "iops_max" : 0,
        "iops_mean" : 0.000000,
        "iops_stddev" : 0.000000,
        "iops_samples" : 0
      },
      "write" : {
        "io_bytes" : 262144,
        "io_kbytes" : 256,
        "bw_bytes" : 4032984,
        "bw" : 3938,
        "iops" : 15753.846154,
        "runtime" : 65,
        "total_ios" : 1024,
        "short_ios" : 0,
        "drop_ios" : 0,
        "slat_ns" : {
          "min" : 0,
          "max" : 0,
          "mean" : 0.000000,
          "stddev" : 0.000000,
          "N" : 0
        },
        "clat_ns" : {
          "min" : 886,
          "max" : 1099083,
          "mean" : 60417.761719,
          "stddev" : 233090.086180,
          "N" : 1024,
          "percentile" : {
            "1.000000" : 924,
            "5.000000" : 980,
            "10.000000" : 988,
            "20.000000" : 1004,
            "30.000000" : 1032,
            "40.000000" : 1048,
            "50.000000" : 1064,
            "60.000000" : 1080,
            "70.000000" : 1240,
            "80.000000" : 1400,
            "90.000000" : 2224,
            "95.000000" : 946176,
            "99.000000" : 1003520,
            "99.500000" : 1019904,
            "99.900000" : 1089536,
            "99.950000" : 1105920,
            "99.990000" : 1105920
          },
          "bins" : {
            "884" : 1,
            "900" : 2,
            "908" : 3,
            "916" : 2,
            "924" : 4,
            "940" : 7,
            "948" : 1,
            "956" : 1,
            "964" : 5,
            "972" : 21,
            "980" : 20,
            "988" : 37,
            "996" : 57,
            "1004" : 52,
            "1012" : 29,
            "1020" : 27,
            "1032" : 59,
            "1048" : 146,
            "1064" : 115,
            "1080" : 37,
            "1096" : 10,
            "1112" : 9,
            "1128" : 12,
            "1144" : 9,
            "1160" : 13,
            "1176" : 10,
            "1192" : 9,
            "1208" : 11,
            "1224" : 7,
            "1240" : 11,
            "1256" : 9,
            "1272" : 5,
            "1288" : 16,
            "1304" : 14,
            "1320" : 6,
            "1336" : 10,
            "1352" : 10,
            "1368" : 5,
            "1384" : 14,
            "1400" : 6,
            "1416" : 5,
            "1432" : 5,
            "1448" : 13,
            "1464" : 8,
            "1480" : 3,
            "1496" : 1,
            "1512" : 3,
            "1528" : 4,
            "1544" : 2,
            "1560" : 3,
            "1576" : 1,
            "1592" : 1,
            "1608" : 4,
            "1640" : 1,
            "1656" : 4,
            "1672" : 1,
            "1704" : 3,
            "1720" : 1,
            "1752" : 1,
            "1768" : 3,
            "1784" : 2,
            "1800" : 1,
            "1816" : 3,
            "1832" : 1,
            "1848" : 2,
            "1880" : 1,
            "1896" : 3,
            "1912" : 2,
            "1928" : 1,
            "1944" : 2,
            "1976" : 3,
            "1992" : 1,
            "2024" : 1,
            "2064" : 3,
            "2096" : 2,
            "2128" : 3,
            "2160" : 1,
            "2224" : 1,
            "2352" : 1,
            "2448" : 2,
            "2928" : 1,
            "2992" : 1,
            "3312" : 1,
            "3344" : 1,
            "3408" : 1,
            "3472" : 1,
            "3504" : 1,
            "3536" : 1,
            "3568" : 1,
            "3600" : 1,
            "3632" : 1,
            "3664" : 2,
            "3728" : 2,
            "3760" : 1,
            "3792" : 1,
            "3888" : 1,
            "3920" : 1,
            "4016" : 1,
            "4128" : 1,
            "4192" : 1,
            "4320" : 4,
            "4384" : 2,
            "4512" : 1,
            "4640" : 2,
            "4704" : 1,
            "4832" : 1,
            "5024" : 1,
            "14656" : 1,
            "18560" : 1,
            "33024" : 1,
            "921600" : 3,
            "929792" : 2,
            "937984" : 1,
            "946176" : 5,
            "954368" : 5,
            "962560" : 10,
            "970752" : 4,
            "978944" : 10,
            "987136" : 7,
            "995328" : 3,
            "1003520" : 4,
            "1011712" : 2,
            "1019904" : 1,
            "1028096" : 3,
            "1089536" : 1,
            "1105920" : 1
          }
        },
        "lat_ns" : {
          "min" : 916,
          "max" : 1099183,
          "mean" : 60475.806641,
          "stddev" : 233131.138864,
          "N" : 1024
        },
        "bw_min" : 0,
        "bw_max" : 0,
        "bw_agg" : 0.000000,
        "bw_mean" : 0.000000,
        "bw_dev" : 0.000000,
        "bw_samples" : 0,
        "iops_min" : 0,
        "iops_max" : 0,
        "iops_mean" : 0.000000,
        "iops_stddev" : 0.000000,
        "iops_samples" : 0
      },
      "trim" : {
        "io_bytes" : 0,
        "io_kbytes" : 0,
        "bw_bytes" : 0,
        "bw" : 0,
        "iops" : 0.000000,
        "runtime" : 0,
        "total_ios" : 0,
        "short_ios" : 0,
        "drop_ios" : 0,
        "slat_ns" : {
          "min" : 0,
          "max" : 0,
          "mean" : 0.000000,
          "stddev" : 0.000000,
          "N" : 0
        },
        "clat_ns" : {
          "min" : 0,
          "max" : 0,
          "mean" : 0.000000,
          "stddev" : 0.000000,
          "N" : 0
        },
        "lat_ns" : {
          "min" : 0,
          "max" : 0,
          "mean" : 0.000000,
          "stddev" : 0.000000,
          "N" : 0
        },
        "bw_min" : 0,
        "bw_max" : 0,
        "bw_agg" : 0.000000,
        "bw_mean" : 0.000000,
        "bw_dev" : 0.000000,
        "bw_samples" : 0,
        "iops_min" : 0,
        "iops_max" : 0,
        "iops_mean" : 0.000000,
        "iops_stddev" : 0.000000,
        "iops_samples" : 0
      },
      "sync" : {
        "total_ios" : 0,
        "lat_ns" : {
          "min" : 0,
          "max" : 0,
          "mean" : 0.000000,
          "stddev" : 0.000000,
          "N" : 0
        }
      },
      "job_runtime" : 64,
      "usr_cpu" : 1.562500,
      "sys_cpu" : 1.562500,
      "ctx" : 64,
      "majf" : 0,
      "minf" : 6,
      "iodepth_level" : {
        "1" : 100.000000,
        "2" : 0.000000,
        "4" : 0.000000,
        "8" : 0.000000,
        "16" : 0.000000,
        "32" : 0.000000,
        ">=64" : 0.000000
      },