{
  "fio version" : "fio-3.39-38-gf18c",
  "timestamp" : 1744334692,
  "timestamp_ms" : 1744334692229,
  "time" : "Fri Apr 11 01:24:52 2025",
  "global options" : {
    "kb_base" : "1024",
    "runtime" : "600"
  },
  "jobs" : [
    {
      "jobname" : "nfsv3-write-17179869184-blk1048576-iod4",
      "groupid" : 0,
      "job_start" : 1744334562345,
      "error" : 0,
      "eta" : 0,
      "elapsed" : 130,
      "job options" : {
        "stonewall" : "",
        "rw" : "write",
        "size" : "17179869184",
        "bs" : "1048576",
        "iodepth" : "4",
        "filename" : "/nfsv3/scratch/adam/fsbench/nfsv3/nfsv3-write-17179869184-blk1048576-iod4.bin"
      },
      "read" : {
        "io_bytes" : 0,
        "io_kbytes" : 0,
        "bw_bytes" : 0,
        "bw" : 0,
        "iops" : 0.000000,
        "runtime" : 0,
        "total_ios" : 0,
        "short_ios" : 0,
        "drop_ios" : 0,
        "slat_ns" : {
          "min" : 0,
          "max" : 0,
          "mean" : 0.000000,
          "stddev" : 0.000000,
          "N" : 0
        },
        "clat_ns" : {
          "min" : 0,
          "max" : 0,
          "mean" : 0.000000,
          "stddev" : 0.000000,
          "N" : 0
        },
        "lat_ns" : {
          "min" : 0,
          "max" : 0,
          "mean" : 0.000000,
          "stddev" : 0.000000,
          "N" : 0
        },
        "bw_min" : 0,
        "bw_max" : 0,
        "bw_agg" : 0.000000,
        "bw_mean" : 0.000000,
        "bw_dev" : 0.000000,
        "bw_samples" : 0,
        "iops_min" : 0,
        "iops_max" : 0,
        "iops_mean" : 0.000000,
        "iops_stddev" : 0.000000,
        "iops_samples" : 0
      },
      "write" : {
        "io_bytes" : 17179869184,
        "io_kbytes" : 16777216,
        "bw_bytes" : 168042932,
        "bw" : 164104,
        "iops" : 160.258229,
        "runtime" : 102235,
        "total_ios" : 16384,
        "short_ios" : 0,
        "drop_ios" : 0,
        "slat_ns" : {
          "min" : 0,
          "max" : 0,
          "mean" : 0.000000,
          "stddev" : 0.000000,
          "N" : 0
        },
        "clat_ns" : {
          "min" : 357208,
          "max" : 34208312,
          "mean" : 6204618.835205,
          "stddev" : 6605096.016336,
          "N" : 16384,
          "percentile" : {
            "1.000000" : 432128,
            "5.000000" : 460800,
            "10.000000" : 485376,
            "20.000000" : 552960,
            "30.000000" : 602112,
            "40.000000" : 643072,
            "50.000000" : 724992,
            "60.000000" : 8847360,
            "70.000000" : 8847360,
            "80.000000" : 14352384,
            "90.000000" : 16449536,
            "95.000000" : 17170432,
            "99.000000" : 18219008,
            "99.500000" : 18219008,
            "99.900000" : 32636928,
            "99.950000" : 32899072,
            "99.990000" : 34340864
          },
          "bins" : {
            "358400" : 1,
            "395264" : 2,
            "407552" : 6,
            "411648" : 10,
            "415744" : 16,
            "419840" : 27,
            "423936" : 33,
            "428032" : 40,
            "432128" : 49,
            "436224" : 62,
            "440320" : 63,
            "444416" : 76,
            "448512" : 80,
            "452608" : 114,
            "456704" : 148,
            "460800" : 147,
            "464896" : 143,
            "468992" : 149,
            "473088" : 144,
            "477184" : 145,
            "481280" : 153,
            "485376" : 165,
            "489472" : 152,
            "493568" : 144,
            "497664" : 130,
            "501760" : 112,
            "505856" : 99,
            "509952" : 90,
            "514048" : 84,
            "518144" : 89,
            "522240" : 82,
            "528384" : 158,
            "536576" : 171,
            "544768" : 169,
            "552960" : 203,
            "561152" : 210,
            "569344" : 257,
            "577536" : 262,
            "585728" : 267,
            "593920" : 260,
            "602112" : 291,
            "610304" : 284,
            "618496" : 365,
            "626688" : 378,
            "634880" : 379,
            "643072" : 361,
            "651264" : 297,
            "659456" : 259,
            "667648" : 199,
            "675840" : 179,
            "684032" : 144,
            "692224" : 110,
            "700416" : 89,
            "708608" : 72,
            "716800" : 58,
            "724992" : 40,
            "733184" : 41,
            "741376" : 42,
            "749568" : 33,
            "757760" : 26,
            "765952" : 31,
            "774144" : 25,
            "782336" : 30,
            "790528" : 19,
            "798720" : 18,
            "806912" : 21,
            "815104" : 21,
            "823296" : 16,
            "831488" : 19,
            "839680" : 20,
            "847872" : 10,
            "856064" : 11,
            "864256" : 18,
            "872448" : 12,
            "880640" : 9,
            "888832" : 10,
            "897024" : 13,
            "905216" : 15,
            "913408" : 10,
            "921600" : 13,
            "929792" : 6,
            "937984" : 5,
            "946176" : 5,
            "954368" : 2,
            "962560" : 6,
            "970752" : 3,
            "978944" : 3,
            "987136" : 3,
            "995328" : 2,
            "1003520" : 3,
            "1011712" : 5,
            "1019904" : 3,
            "1028096" : 1,
            "1036288" : 2,
            "1044480" : 3,
            "1056768" : 1,
            "1073152" : 2,
            "1089536" : 1,
            "1105920" : 4,
            "1122304" : 2,
            "1138688" : 1,
            "1155072" : 4,
            "1187840" : 1,
            "1204224" : 2,
            "1220608" : 1,
            "1335296" : 1,
            "1384448" : 1,
            "1400832" : 1,
            "1531904" : 1,
            "6586368" : 1,
            "6717440" : 6,
            "6782976" : 50,
            "6848512" : 95,
            "6914048" : 36,
            "6979584" : 9,
            "7045120" : 2,
            "7176192" : 2,
            "7569408" : 5,
            "7634944" : 8,
            "7700480" : 14,
            "7766016" : 64,
            "7831552" : 172,
            "7897088" : 77,
            "7962624" : 23,
            "8028160" : 4,
            "8454144" : 4,
            "8585216" : 29,
            "8716288" : 275,
            "8847360" : 1859,
            "8978432" : 107,
            "9109504" : 18,
            "9502720" : 3,
            "9633792" : 14,
            "9764864" : 226,
            "9895936" : 318,
            "10027008" : 8,
            "10158080" : 1,
            "10420224" : 2,
            "10551296" : 1,
            "10682368" : 7,
            "10813440" : 100,
            "10944512" : 24,
            "11075584" : 3,
            "11468800" : 2,
            "11599872" : 2,
            "11730944" : 14,
            "11862016" : 80,
            "11993088" : 22,
            "12124160" : 14,
            "12255232" : 27,
            "12386304" : 3,
            "12517376" : 3,
            "12648448" : 4,
            "12779520" : 45,
            "12910592" : 44,
            "13041664" : 43,
            "13172736" : 69,
            "13303808" : 38,
            "13434880" : 16,
            "13565952" : 3,
            "13697024" : 6,
            "13828096" : 54,
            "13959168" : 38,
            "14090240" : 87,
            "14221312" : 73,
            "14352384" : 84,
            "14483456" : 14,
            "14614528" : 4,
            "14745600" : 15,
            "14876672" : 46,
            "15007744" : 58,
            "15138816" : 127,
            "15269888" : 92,
            "15400960" : 102,
            "15532032" : 13,
            "15663104" : 11,
            "15794176" : 45,
            "15925248" : 51,
            "16056320" : 401,
            "16187392" : 271,
            "16318464" : 344,
            "16449536" : 123,
            "16580608" : 9,