{
  "fio version" : "fio-3.39-38-gf18c",
  "timestamp" : 1744238184,
  "timestamp_ms" : 1744238184895,
  "time" : "Wed Apr  9 22:36:24 2025",
  "global options" : {
    "kb_base" : "1024",
    "runtime" : "600"
  },
  "jobs" : [
    {
      "jobname" : "nfsv3-write-67108864-blk4096-iod16",
      "groupid" : 0,
      "job_start" : 1744238184506,
      "error" : 0,
      "eta" : 2147483647,
      "elapsed" : 1,
      "job options" : {
        "stonewall" : "",
        "rw" : "write",
        "size" : "67108864",
        "bs" : "4096",
        "iodepth" : "16",
        "filename" : "/nfsv3/scratch/adam/fsbench/nfsv3/nfsv3-write-67108864-blk4096-iod16.bin"
      },
      "read" : {
        "io_bytes" : 0,
        "io_kbytes" : 0,
        "bw_bytes" : 0,
        "bw" : 0,
        "iops" : 0.000000,
        "runtime" : 0,
        "total_ios" : 0,
        "short_ios" : 0,
        "drop_ios" : 0,
        "slat_ns" : {
          "min" : 0,
          "max" : 0,
          "mean" : 0.000000,
          "stddev" : 0.000000,
          "N" : 0
        },
        "clat_ns" : {
          "min" : 0,
          "max" : 0,
          "mean" : 0.000000,
          "stddev" : 0.000000,
          "N" : 0
        },
        "lat_ns" : {
          "min" : 0,
          "max" : 0,
          "mean" : 0.000000,
          "stddev" : 0.000000,
          "N" : 0
        },
        "bw_min" : 0,
        "bw_max" : 0,
        "bw_agg" : 0.000000,
        "bw_mean" : 0.000000,
        "bw_dev" : 0.000000,
        "bw_samples" : 0,
        "iops_min" : 0,
        "iops_max" : 0,
        "iops_mean" : 0.000000,
        "iops_stddev" : 0.000000,
        "iops_samples" : 0
      },
      "write" : {
        "io_bytes" : 67108864,
        "io_kbytes" : 65536,
        "bw_bytes" : 1491308088,
        "bw" : 1456355,
        "iops" : 364088.888889,
        "runtime" : 45,
        "total_ios" : 16384,
        "short_ios" : 0,
        "drop_ios" : 0,
        "slat_ns" : {
          "min" : 0,
          "max" : 0,
          "mean" : 0.000000,
          "stddev" : 0.000000,
          "N" : 0
        },
        "clat_ns" : {
          "min" : 1870,
          "max" : 60795,
          "mean" : 2346.253235,
          "stddev" : 1097.290822,
          "N" : 16384,
          "percentile" : {
            "1.000000" : 1912,
            "5.000000" : 1944,
            "10.000000" : 1976,
            "20.000000" : 2024,
            "30.000000" : 2064,
            "40.000000" : 2064,
            "50.000000" : 2096,
            "60.000000" : 2160,
            "70.000000" : 2192,
            "80.000000" : 2320,
            "90.000000" : 2864,
            "95.000000" : 3056,
            "99.000000" : 8032,
            "99.500000" : 8512,
            "99.900000" : 11584,
            "99.950000" : 15680,
            "99.990000" : 24704
          },
          "bins" : {
            "1864" : 2,
            "1880" : 13,
            "1896" : 86,
            "1912" : 216,
            "1928" : 304,
            "1944" : 272,
            "1960" : 319,
            "1976" : 479,
            "1992" : 748,
            "2008" : 823,
            "2024" : 714,
            "2040" : 782,
            "2064" : 1967,
            "2096" : 1602,
            "2128" : 1402,
            "2160" : 1216,
            "2192" : 814,
            "2224" : 603,
            "2256" : 396,
            "2288" : 324,
            "2320" : 280,
            "2352" : 193,
            "2384" : 156,
            "2416" : 133,
            "2448" : 145,
            "2480" : 81,
            "2512" : 69,
            "2544" : 50,
            "2576" : 47,
            "2608" : 26,
            "2640" : 26,
            "2672" : 31,
            "2704" : 45,
            "2736" : 64,
            "2768" : 88,
            "2800" : 93,
            "2832" : 117,
            "2864" : 152,
            "2896" : 164,
            "2928" : 141,
            "2960" : 149,
            "2992" : 104,
            "3024" : 97,
            "3056" : 74,
            "3088" : 59,
            "3120" : 49,
            "3152" : 29,
            "3184" : 34,
            "3216" : 30,
            "3248" : 21,
            "3280" : 22,
            "3312" : 18,
            "3344" : 13,
            "3376" : 14,
            "3408" : 13,
            "3440" : 10,
            "3472" : 11,
            "3504" : 8,
            "3536" : 4,
            "3568" : 3,
            "3600" : 6,
            "3632" : 3,
            "3664" : 7,
            "3696" : 3,
            "3728" : 1,
            "3760" : 2,
            "3792" : 4,
            "3824" : 4,
            "3856" : 2,
            "3888" : 3,
            "3920" : 4,
            "3952" : 1,
            "3984" : 2,
            "4016" : 1,
            "4048" : 1,
            "4080" : 2,
            "4128" : 2,
            "4192" : 3,
            "4256" : 3,
            "4320" : 2,
            "4384" : 4,
            "4512" : 1,
            "4640" : 1,
            "4704" : 1,
            "4768" : 1,
            "4832" : 1,
            "5024" : 1,
            "5216" : 1,
            "5280" : 3,
            "5344" : 1,
            "5408" : 2,
            "5472" : 4,
            "5536" : 4,
            "5600" : 4,
            "5664" : 4,
            "5728" : 1,
            "5920" : 2,
            "5984" : 1,
            "6048" : 1,
            "6112" : 3,
            "6176" : 6,
            "6304" : 2,
            "6368" : 1,
            "6432" : 2,
            "6496" : 1,
            "6560" : 3,
            "6624" : 1,
            "6688" : 1,
            "6816" : 1,
            "6880" : 1,
            "7200" : 1,
            "7264" : 4,
            "7328" : 7,
            "7392" : 3,
            "7456" : 10,
            "7520" : 14,
            "7584" : 9,
            "7648" : 19,
            "7712" : 23,
            "7776" : 18,
            "7840" : 17,
            "7904" : 10,
            "7968" : 14,
            "8032" : 16,
            "8096" : 16,
            "8160" : 10,
            "8256" : 20,
            "8384" : 20,
            "8512" : 11,
            "8640" : 17,
            "8768" : 9,
            "8896" : 5,
            "9024" : 8,
            "9152" : 3,
            "9280" : 4,
            "9408" : 1,
            "9536" : 4,
            "9664" : 2,
            "10176" : 2,
            "10304" : 1,
            "10560" : 2,
            "10688" : 2,
            "10816" : 1,
            "10944" : 1,
            "11200" : 2,
            "11584" : 1,
            "12224" : 1,
            "12608" : 1,
            "12736" : 1,
            "12992" : 1,
            "13376" : 1,
            "14144" : 1,
            "14912" : 1,
            "15680" : 1,
            "15936" : 1,
            "16064" : 1,
            "17536" : 1,
            "18560" : 1,
            "19584" : 1,
            "23936" : 1,
            "24704" : 1,
            "60672" : 1
          }
        },
        "lat_ns" : {
          "min" : 1916,
          "max" : 60854,
          "mean" : 2397.510132,
          "stddev" : 1100.576623,
          "N" : 16384
        },
        "bw_min" : 0,
        "bw_max" : 0,
        "bw_agg" : 0.000000,
        "bw_mean" : 0.000000,
        "bw_dev" : 0.000000,
        "bw_samples" : 0,
        "iops_min" : 0,
        "iops_max" : 0,
        "iops_mean" : 0.000000,
        "iops_stddev" : 0.000000,
        "iops_samples" : 0
      },
      "trim" : {
        "io_bytes" : 0,
        "io_kbytes" : 0,
        "bw_bytes" : 0,
        "bw" : 0,
        "iops" : 0.000000,
        "runtime" : 0,
        "total_ios" : 0,
        "short_ios" : 0,
        "drop_ios" : 0,
        "slat_ns" : {
          "min" : 0,
          "max" : 0,
          "mean" : 0.000000,
          "stddev" : 0.000000,
          "N" : 0
        },
        "clat_ns" : {
          "min" : 0,
          "max" : 0,
          "mean" : 0.000000,
          "stddev" : 0.000000,
          "N" : 0
        },
        "lat_ns" : {
          "min" : 0,
          "max" : 0,
          "mean" : 0.000000,