{
  "fio version" : "fio-3.39-38-gf18c",
  "timestamp" : 1744242944,
  "timestamp_ms" : 1744242944886,
  "time" : "Wed Apr  9 23:55:44 2025",
  "global options" : {
    "kb_base" : "1024",
    "runtime" : "600"
  },
  "jobs" : [
    {
      "jobname" : "nfsv3-randwrite-67108864-blk65536-iod16",
      "groupid" : 0,
      "job_start" : 1744242944498,
      "error" : 0,
      "eta" : 2147483647,
      "elapsed" : 1,
      "job options" : {
        "stonewall" : "",
        "rw" : "randwrite",
        "size" : "67108864",
        "bs" : "65536",
        "iodepth" : "16",
        "filename" : "/nfsv3/scratch/adam/fsbench/nfsv3/nfsv3-randwrite-67108864-blk65536-iod16.bin"
      },
      "read" : {
        "io_bytes" : 0,
        "io_kbytes" : 0,
        "bw_bytes" : 0,
        "bw" : 0,
        "iops" : 0.000000,
        "runtime" : 0,
        "total_ios" : 0,
        "short_ios" : 0,
        "drop_ios" : 0,
        "slat_ns" : {
          "min" : 0,
          "max" : 0,
          "mean" : 0.000000,
          "stddev" : 0.000000,
          "N" : 0
        },
        "clat_ns" : {
          "min" : 0,
          "max" : 0,
          "mean" : 0.000000,
          "stddev" : 0.000000,
          "N" : 0
        },
        "lat_ns" : {
          "min" : 0,
          "max" : 0,
          "mean" : 0.000000,
          "stddev" : 0.000000,
          "N" : 0
        },
        "bw_min" : 0,
        "bw_max" : 0,
        "bw_agg" : 0.000000,
        "bw_mean" : 0.000000,
        "bw_dev" : 0.000000,
        "bw_samples" : 0,
        "iops_min" : 0,
        "iops_max" : 0,
        "iops_mean" : 0.000000,
        "iops_stddev" : 0.000000,
        "iops_samples" : 0
      },
      "write" : {
        "io_bytes" : 67108864,
        "io_kbytes" : 65536,
        "bw_bytes" : 1917396114,
        "bw" : 1872457,
        "iops" : 29257.142857,
        "runtime" : 35,
        "total_ios" : 1024,
        "short_ios" : 0,
        "drop_ios" : 0,
        "slat_ns" : {
          "min" : 0,
          "max" : 0,
          "mean" : 0.000000,
          "stddev" : 0.000000,
          "N" : 0
        },
        "clat_ns" : {
          "min" : 25035,
          "max" : 92075,
          "mean" : 30462.300781,
          "stddev" : 5523.028594,
          "N" : 1024,
          "percentile" : {
            "1.000000" : 25728,
            "5.000000" : 26240,
            "10.000000" : 26496,
            "20.000000" : 26752,
            "30.000000" : 27264,
            "40.000000" : 27776,
            "50.000000" : 28288,
            "60.000000" : 29312,
            "70.000000" : 32384,
            "80.000000" : 33536,
            "90.000000" : 36096,
            "95.000000" : 39680,
            "99.000000" : 48896,
            "99.500000" : 61184,
            "99.900000" : 88576,
            "99.950000" : 91648,
            "99.990000" : 91648
          },
          "bins" : {
            "24960" : 1,
            "25216" : 1,
            "25472" : 7,
            "25728" : 17,
            "25984" : 24,
            "26240" : 52,
            "26496" : 45,
            "26752" : 62,
            "27008" : 59,
            "27264" : 58,
            "27520" : 64,
            "27776" : 52,
            "28032" : 50,
            "28288" : 34,
            "28544" : 43,
            "28800" : 25,
            "29056" : 17,
            "29312" : 14,
            "29568" : 7,
            "29824" : 4,
            "30080" : 7,
            "30336" : 4,
            "30592" : 2,
            "30848" : 8,
            "31104" : 6,
            "31360" : 6,
            "31616" : 13,
            "31872" : 18,
            "32128" : 16,
            "32384" : 11,
            "32640" : 21,
            "33024" : 44,
            "33536" : 47,
            "34048" : 31,
            "34560" : 20,
            "35072" : 14,
            "35584" : 15,
            "36096" : 10,
            "36608" : 8,
            "37120" : 9,
            "37632" : 6,
            "38144" : 9,
            "38656" : 3,
            "39168" : 5,
            "39680" : 5,
            "40192" : 7,
            "40704" : 5,
            "41216" : 4,
            "41728" : 3,
            "42240" : 6,
            "42752" : 2,
            "43264" : 4,
            "43776" : 1,
            "44288" : 1,
            "44800" : 2,
            "45312" : 2,
            "45824" : 1,
            "47872" : 1,
            "48896" : 1,
            "49920" : 1,
            "50944" : 1,
            "56576" : 1,
            "60160" : 1,
            "61184" : 1,
            "61696" : 1,
            "62208" : 1,
            "62720" : 1,
            "88576" : 1,
            "91648" : 1
          }
        },
        "lat_ns" : {
          "min" : 25354,
          "max" : 92508,
          "mean" : 30846.746094,
          "stddev" : 5699.284174,
          "N" : 1024
        },
        "bw_min" : 0,
        "bw_max" : 0,
        "bw_agg" : 0.000000,
        "bw_mean" : 0.000000,
        "bw_dev" : 0.000000,
        "bw_samples" : 0,
        "iops_min" : 0,
        "iops_max" : 0,
        "iops_mean" : 0.000000,
        "iops_stddev" : 0.000000,
        "iops_samples" : 0
      },
      "trim" : {
        "io_bytes" : 0,
        "io_kbytes" : 0,
        "bw_bytes" : 0,
        "bw" : 0,
        "iops" : 0.000000,
        "runtime" : 0,
        "total_ios" : 0,
        "short_ios" : 0,
        "drop_ios" : 0,
        "slat_ns" : {
          "min" : 0,
          "max" : 0,
          "mean" : 0.000000,
          "stddev" : 0.000000,
          "N" : 0
        },
        "clat_ns" : {
          "min" : 0,
          "max" : 0,
          "mean" : 0.000000,
          "stddev" : 0.000000,
          "N" : 0
        },
        "lat_ns" : {
          "min" : 0,
          "max" : 0,
          "mean" : 0.000000,
          "stddev" : 0.000000,
          "N" : 0
        },
        "bw_min" : 0,
        "bw_max" : 0,
        "bw_agg" : 0.000000,
        "bw_mean" : 0.000000,
        "bw_dev" : 0.000000,
        "bw_samples" : 0,
        "iops_min" : 0,
        "iops_max" : 0,
        "iops_mean" : 0.000000,
        "iops_stddev" : 0.000000,
        "iops_samples" : 0
      },
      "sync" : {
        "total_ios" : 0,
        "lat_ns" : {
          "min" : 0,
          "max" : 0,
          "mean" : 0.000000,
          "stddev" : 0.000000,
          "N" : 0
        }
      },
      "job_runtime" : 34,
      "usr_cpu" : 5.882353,
      "sys_cpu" : 88.235294,
      "ctx" : 2,
      "majf" : 0,
      "minf" : 7,
      "iodepth_level" : {
        "1" : 100.000000,
        "2" : 0.000000,
        "4" : 0.000000,
        "8" : 0.000000,
        "16" : 0.000000,
        "32" : 0.000000,
        ">=64" : 0.000000
      },
      "iodepth_submit" : {
        "0" : 0.000000,
        "4" : 100.000000,
        "8" : 0.000000,
        "16" : 0.000000,
        "32" : 0.000000,
        "64" : 0.000000,
        ">=64" : 0.000000
      },
      "iodepth_complete" : {
        "0" : 0.000000,
        "4" : 100.000000,
        "8" : 0.000000,
        "16" : 0.000000,
        "32" : 0.000000,
        "64" : 0.000000,
        ">=64" : 0.000000
      },
      "latency_ns" : {
        "2" : 0.000000,
        "4" : 0.000000,
        "10" : 0.000000,
        "20" : 0.000000,
        "50" : 0.000000,
        "100" : 0.000000,
        "250" : 0.000000,
        "500" : 0.000000,
        "750" : 0.000000,
        "1000" : 0.000000
      },
      "latency_us" : {
        "2" : 0.000000,
        "4" : 0.000000,
        "10" : 0.000000,
        "20" : 0.000000,
        "50" : 99.023438,
        "100" : 0.976562,
        "250" : 0.000000,
        "500" : 0.000000,
        "750" : 0.000000,
        "1000" : 0.000000
      },
      "latency_ms" : {
        "2" : 0.000000,
        "4" : 0.000000,
        "10" : 0.000000,
        "20" : 0.000000,
        "50" : 0.000000,
        "100" : 0.000000,
        "250" : 0.000000,
        "500" : 0.000000,
        "750" : 0.000000,
        "1000" : 0.000000,
        "2000" : 0.000000,