{
  "fio version" : "fio-3.39-38-gf18c",
  "timestamp" : 1744334561,
  "timestamp_ms" : 1744334561078,
  "time" : "Fri Apr 11 01:22:41 2025",
  "global options" : {
    "kb_base" : "1024",
    "runtime" : "600"
  },
  "jobs" : [
    {
      "jobname" : "nfsv4-write-17179869184-blk1048576-iod4",
      "groupid" : 0,
      "job_start" : 1744334432199,
      "error" : 0,
      "eta" : 0,
      "elapsed" : 129,
      "job options" : {
        "stonewall" : "",
        "rw" : "write",
        "size" : "17179869184",
        "bs" : "1048576",
        "iodepth" : "4",
        "filename" : "/scratch/adam/fsbench/nfsv4/nfsv4-write-17179869184-blk1048576-iod4.bin"
      },
      "read" : {
        "io_bytes" : 0,
        "io_kbytes" : 0,
        "bw_bytes" : 0,
        "bw" : 0,
        "iops" : 0.000000,
        "runtime" : 0,
        "total_ios" : 0,
        "short_ios" : 0,
        "drop_ios" : 0,
        "slat_ns" : {
          "min" : 0,
          "max" : 0,
          "mean" : 0.000000,
          "stddev" : 0.000000,
          "N" : 0
        },
        "clat_ns" : {
          "min" : 0,
          "max" : 0,
          "mean" : 0.000000,
          "stddev" : 0.000000,
          "N" : 0
        },
        "lat_ns" : {
          "min" : 0,
          "max" : 0,
          "mean" : 0.000000,
          "stddev" : 0.000000,
          "N" : 0
        },
        "bw_min" : 0,
        "bw_max" : 0,
        "bw_agg" : 0.000000,
        "bw_mean" : 0.000000,
        "bw_dev" : 0.000000,
        "bw_samples" : 0,
        "iops_min" : 0,
        "iops_max" : 0,
        "iops_mean" : 0.000000,
        "iops_stddev" : 0.000000,
        "iops_samples" : 0
      },
      "write" : {
        "io_bytes" : 17179869184,
        "io_kbytes" : 16777216,
        "bw_bytes" : 173222581,
        "bw" : 169162,
        "iops" : 165.197927,
        "runtime" : 99178,
        "total_ios" : 16384,
        "short_ios" : 0,
        "drop_ios" : 0,
        "slat_ns" : {
          "min" : 0,
          "max" : 0,
          "mean" : 0.000000,
          "stddev" : 0.000000,
          "N" : 0
        },
        "clat_ns" : {
          "min" : 411503,
          "max" : 34521879,
          "mean" : 6014348.731262,
          "stddev" : 6285265.873673,
          "N" : 16384,
          "percentile" : {
            "1.000000" : 428032,
            "5.000000" : 444416,
            "10.000000" : 456704,
            "20.000000" : 493568,
            "30.000000" : 585728,
            "40.000000" : 651264,
            "50.000000" : 7766016,
            "60.000000" : 8847360,
            "70.000000" : 8847360,
            "80.000000" : 9764864,
            "90.000000" : 15269888,
            "95.000000" : 16056320,
            "99.000000" : 32636928,
            "99.500000" : 32899072,
            "99.900000" : 33816576,
            "99.950000" : 33816576,
            "99.990000" : 34340864
          },
          "bins" : {
            "411648" : 3,
            "415744" : 10,
            "419840" : 36,
            "423936" : 51,
            "428032" : 133,
            "432128" : 129,
            "436224" : 142,
            "440320" : 181,
            "444416" : 213,
            "448512" : 254,
            "452608" : 229,
            "456704" : 259,
            "460800" : 253,
            "464896" : 187,
            "468992" : 228,
            "473088" : 179,
            "477184" : 183,
            "481280" : 181,
            "485376" : 171,
            "489472" : 153,
            "493568" : 128,
            "497664" : 125,
            "501760" : 75,
            "505856" : 74,
            "509952" : 67,
            "514048" : 75,
            "518144" : 64,
            "522240" : 61,
            "528384" : 105,
            "536576" : 109,
            "544768" : 136,
            "552960" : 121,
            "561152" : 127,
            "569344" : 155,
            "577536" : 192,
            "585728" : 179,
            "593920" : 222,
            "602112" : 213,
            "610304" : 244,
            "618496" : 247,
            "626688" : 228,
            "634880" : 212,
            "643072" : 193,
            "651264" : 173,
            "659456" : 196,
            "667648" : 123,
            "675840" : 104,
            "684032" : 98,
            "692224" : 68,
            "700416" : 76,
            "708608" : 51,
            "716800" : 34,
            "724992" : 30,
            "733184" : 32,
            "741376" : 40,
            "749568" : 33,
            "757760" : 24,
            "765952" : 24,
            "774144" : 16,
            "782336" : 17,
            "790528" : 17,
            "798720" : 21,
            "806912" : 15,
            "815104" : 19,
            "823296" : 14,
            "831488" : 12,
            "839680" : 21,
            "847872" : 22,
            "856064" : 25,
            "864256" : 21,
            "872448" : 19,
            "880640" : 11,
            "888832" : 17,
            "897024" : 20,
            "905216" : 18,
            "913408" : 15,
            "921600" : 19,
            "929792" : 9,
            "937984" : 15,
            "946176" : 11,
            "954368" : 12,
            "962560" : 14,
            "970752" : 11,
            "978944" : 5,
            "987136" : 3,
            "995328" : 6,
            "1003520" : 6,
            "1011712" : 7,
            "1019904" : 4,
            "1028096" : 3,
            "1036288" : 4,
            "1044480" : 2,
            "1056768" : 5,
            "1073152" : 10,
            "1089536" : 3,
            "1105920" : 6,
            "1138688" : 1,
            "1187840" : 1,
            "1204224" : 1,
            "1220608" : 1,
            "1236992" : 1,
            "1286144" : 1,
            "1302528" : 1,
            "1482752" : 1,
            "6848512" : 4,
            "7176192" : 1,
            "7241728" : 2,
            "7438336" : 1,
            "7503872" : 2,
            "7569408" : 6,
            "7634944" : 10,
            "7700480" : 33,
            "7766016" : 79,
            "7831552" : 218,
            "7897088" : 120,
            "7962624" : 18,
            "8028160" : 11,
            "8093696" : 2,
            "8159232" : 1,
            "8224768" : 2,
            "8290304" : 2,
            "8355840" : 1,
            "8454144" : 19,
            "8585216" : 107,
            "8716288" : 638,
            "8847360" : 3379,
            "8978432" : 258,
            "9109504" : 38,
            "9240576" : 3,
            "9371648" : 3,
            "9502720" : 7,
            "9633792" : 22,
            "9764864" : 261,
            "9895936" : 244,
            "10027008" : 22,
            "10420224" : 1,
            "10682368" : 2,
            "10813440" : 19,
            "10944512" : 5,
            "11206656" : 1,
            "11862016" : 6,
            "11993088" : 1,
            "12124160" : 19,
            "12255232" : 16,
            "12386304" : 32,
            "12517376" : 4,
            "12779520" : 1,
            "12910592" : 4,
            "13041664" : 25,
            "13172736" : 50,
            "13303808" : 137,
            "13434880" : 119,
            "13565952" : 7,
            "13697024" : 1,
            "13828096" : 1,
            "13959168" : 8,
            "14090240" : 48,
            "14221312" : 62,
            "14352384" : 277,
            "14483456" : 44,
            "14614528" : 9,
            "14745600" : 14,
            "14876672" : 24,
            "15007744" : 62,
            "15138816" : 107,
            "15269888" : 104,
            "15400960" : 257,
            "15532032" : 25,
            "15663104" : 42,
            "15794176" : 66,
            "15925248" : 86,
            "16056320" : 321,
            "16187392" : 237,
            "16318464" : 36,
            "16449536" : 11,
            "16580608" : 6,
            "16711680" : 15,
            "16908288" : 35,
            "17170432" : 163,
            "17432576" : 7,
            "17694720" : 2,
            "17956864" : 6,