{
  "fio version" : "fio-3.39-38-gf18c",
  "timestamp" : 1744245670,
  "timestamp_ms" : 1744245670638,
  "time" : "Thu Apr 10 00:41:10 2025",
  "global options" : {
    "kb_base" : "1024",
    "runtime" : "600"
  },
  "jobs" : [
    {
      "jobname" : "nfsv4-randrw-16384-blk4096-iod16",
      "groupid" : 0,
      "job_start" : 1744245670502,
      "error" : 0,
      "eta" : 2147483647,
      "elapsed" : 1,
      "job options" : {
        "stonewall" : "",
        "rw" : "randrw",
        "size" : "16384",
        "bs" : "4096",
        "iodepth" : "16",
        "filename" : "/scratch/adam/fsbench/nfsv4/nfsv4-randrw-16384-blk4096-iod16.bin"
      },
      "read" : {
        "io_bytes" : 12288,
        "io_kbytes" : 12,
        "bw_bytes" : 2457600,
        "bw" : 2400,
        "iops" : 600.000000,
        "runtime" : 5,
        "total_ios" : 3,
        "short_ios" : 0,
        "drop_ios" : 0,
        "slat_ns" : {
          "min" : 0,
          "max" : 0,
          "mean" : 0.000000,
          "stddev" : 0.000000,
          "N" : 0
        },
        "clat_ns" : {
          "min" : 1031609,
          "max" : 1061963,
          "mean" : 1050529.000000,
          "stddev" : 16503.680680,
          "N" : 3,
          "percentile" : {
            "1.000000" : 1028096,
            "5.000000" : 1028096,
            "10.000000" : 1028096,
            "20.000000" : 1028096,
            "30.000000" : 1028096,
            "40.000000" : 1056768,
            "50.000000" : 1056768,
            "60.000000" : 1056768,
            "70.000000" : 1056768,
            "80.000000" : 1056768,
            "90.000000" : 1056768,
            "95.000000" : 1056768,
            "99.000000" : 1056768,
            "99.500000" : 1056768,
            "99.900000" : 1056768,
            "99.950000" : 1056768,
            "99.990000" : 1056768
          },
          "bins" : {
            "1028096" : 1,
            "1056768" : 2
          }
        },
        "lat_ns" : {
          "min" : 1032105,
          "max" : 1062539,
          "mean" : 1051262.000000,
          "stddev" : 16677.166696,
          "N" : 3
        },
        "bw_min" : 0,
        "bw_max" : 0,
        "bw_agg" : 0.000000,
        "bw_mean" : 0.000000,
        "bw_dev" : 0.000000,
        "bw_samples" : 0,
        "iops_min" : 0,
        "iops_max" : 0,
        "iops_mean" : 0.000000,
        "iops_stddev" : 0.000000,
        "iops_samples" : 0
      },
      "write" : {
        "io_bytes" : 4096,
        "io_kbytes" : 4,
        "bw_bytes" : 819200,
        "bw" : 800,
        "iops" : 200.000000,
        "runtime" : 5,
        "total_ios" : 1,
        "short_ios" : 0,
        "drop_ios" : 0,
        "slat_ns" : {
          "min" : 0,
          "max" : 0,
          "mean" : 0.000000,
          "stddev" : 0.000000,
          "N" : 0
        },
        "clat_ns" : {
          "min" : 14668,
          "max" : 14668,
          "mean" : 14668.000000,
          "stddev" : 0.000000,
          "N" : 1,
          "percentile" : {
            "1.000000" : 14656,
            "5.000000" : 14656,
            "10.000000" : 14656,
            "20.000000" : 14656,
            "30.000000" : 14656,
            "40.000000" : 14656,
            "50.000000" : 14656,
            "60.000000" : 14656,
            "70.000000" : 14656,
            "80.000000" : 14656,
            "90.000000" : 14656,
            "95.000000" : 14656,
            "99.000000" : 14656,
            "99.500000" : 14656,
            "99.900000" : 14656,
            "99.950000" : 14656,
            "99.990000" : 14656
          },
          "bins" : {
            "14656" : 1
          }
        },
        "lat_ns" : {
          "min" : 15098,
          "max" : 15098,
          "mean" : 15098.000000,
          "stddev" : 0.000000,
          "N" : 1
        },
        "bw_min" : 0,
        "bw_max" : 0,
        "bw_agg" : 0.000000,
        "bw_mean" : 0.000000,
        "bw_dev" : 0.000000,
        "bw_samples" : 0,
        "iops_min" : 0,
        "iops_max" : 0,
        "iops_mean" : 0.000000,
        "iops_stddev" : 0.000000,
        "iops_samples" : 0
      },
      "trim" : {
        "io_bytes" : 0,
        "io_kbytes" : 0,
        "bw_bytes" : 0,
        "bw" : 0,
        "iops" : 0.000000,
        "runtime" : 0,
        "total_ios" : 0,
        "short_ios" : 0,
        "drop_ios" : 0,
        "slat_ns" : {
          "min" : 0,
          "max" : 0,
          "mean" : 0.000000,
          "stddev" : 0.000000,
          "N" : 0
        },
        "clat_ns" : {
          "min" : 0,
          "max" : 0,
          "mean" : 0.000000,
          "stddev" : 0.000000,
          "N" : 0
        },
        "lat_ns" : {
          "min" : 0,
          "max" : 0,
          "mean" : 0.000000,
          "stddev" : 0.000000,
          "N" : 0
        },
        "bw_min" : 0,
        "bw_max" : 0,
        "bw_agg" : 0.000000,
        "bw_mean" : 0.000000,
        "bw_dev" : 0.000000,
        "bw_samples" : 0,
        "iops_min" : 0,
        "iops_max" : 0,
        "iops_mean" : 0.000000,
        "iops_stddev" : 0.000000,
        "iops_samples" : 0
      },
      "sync" : {
        "total_ios" : 0,
        "lat_ns" : {
          "min" : 0,
          "max" : 0,
          "mean" : 0.000000,
          "stddev" : 0.000000,
          "N" : 0
        }
      },
      "job_runtime" : 4,
      "usr_cpu" : 0.000000,
      "sys_cpu" : 0.000000,
      "ctx" : 4,
      "majf" : 0,
      "minf" : 7,
      "iodepth_level" : {
        "1" : 100.000000,
        "2" : 0.000000,
        "4" : 0.000000,
        "8" : 0.000000,
        "16" : 0.000000,
        "32" : 0.000000,
        ">=64" : 0.000000
      },
      "iodepth_submit" : {
        "0" : 0.000000,
        "4" : 100.000000,
        "8" : 0.000000,
        "16" : 0.000000,
        "32" : 0.000000,
        "64" : 0.000000,
        ">=64" : 0.000000
      },
      "iodepth_complete" : {
        "0" : 0.000000,
        "4" : 100.000000,
        "8" : 0.000000,
        "16" : 0.000000,
        "32" : 0.000000,
        "64" : 0.000000,
        ">=64" : 0.000000
      },
      "latency_ns" : {
        "2" : 0.000000,
        "4" : 0.000000,
        "10" : 0.000000,
        "20" : 0.000000,
        "50" : 0.000000,
        "100" : 0.000000,
        "250" : 0.000000,
        "500" : 0.000000,
        "750" : 0.000000,
        "1000" : 0.000000
      },
      "latency_us" : {
        "2" : 0.000000,
        "4" : 0.000000,
        "10" : 0.000000,
        "20" : 25.000000,
        "50" : 0.000000,
        "100" : 0.000000,
        "250" : 0.000000,
        "500" : 0.000000,
        "750" : 0.000000,
        "1000" : 0.000000
      },
      "latency_ms" : {
        "2" : 75.000000,
        "4" : 0.000000,
        "10" : 0.000000,
        "20" : 0.000000,
        "50" : 0.000000,
        "100" : 0.000000,
        "250" : 0.000000,
        "500" : 0.000000,
        "750" : 0.000000,
        "1000" : 0.000000,
        "2000" : 0.000000,
        ">=2000" : 0.000000
      },
      "latency_depth" : 16,
      "latency_target" : 0,
      "latency_percentile" : 100.000000,
      "latency_window" : 0
    }
  ]
}
