{
  "fio version" : "fio-3.39-38-gf18c",
  "timestamp" : 1744238182,
  "timestamp_ms" : 1744238182823,
  "time" : "Wed Apr  9 22:36:22 2025",
  "global options" : {
    "kb_base" : "1024",
    "runtime" : "600"
  },
  "jobs" : [
    {
      "jobname" : "nfsv3-write-67108864-blk4096-iod4",
      "groupid" : 0,
      "job_start" : 1744238182434,
      "error" : 0,
      "eta" : 2147483647,
      "elapsed" : 1,
      "job options" : {
        "stonewall" : "",
        "rw" : "write",
        "size" : "67108864",
        "bs" : "4096",
        "iodepth" : "4",
        "filename" : "/nfsv3/scratch/adam/fsbench/nfsv3/nfsv3-write-67108864-blk4096-iod4.bin"
      },
      "read" : {
        "io_bytes" : 0,
        "io_kbytes" : 0,
        "bw_bytes" : 0,
        "bw" : 0,
        "iops" : 0.000000,
        "runtime" : 0,
        "total_ios" : 0,
        "short_ios" : 0,
        "drop_ios" : 0,
        "slat_ns" : {
          "min" : 0,
          "max" : 0,
          "mean" : 0.000000,
          "stddev" : 0.000000,
          "N" : 0
        },
        "clat_ns" : {
          "min" : 0,
          "max" : 0,
          "mean" : 0.000000,
          "stddev" : 0.000000,
          "N" : 0
        },
        "lat_ns" : {
          "min" : 0,
          "max" : 0,
          "mean" : 0.000000,
          "stddev" : 0.000000,
          "N" : 0
        },
        "bw_min" : 0,
        "bw_max" : 0,
        "bw_agg" : 0.000000,
        "bw_mean" : 0.000000,
        "bw_dev" : 0.000000,
        "bw_samples" : 0,
        "iops_min" : 0,
        "iops_max" : 0,
        "iops_mean" : 0.000000,
        "iops_stddev" : 0.000000,
        "iops_samples" : 0
      },
      "write" : {
        "io_bytes" : 67108864,
        "io_kbytes" : 65536,
        "bw_bytes" : 1491308088,
        "bw" : 1456355,
        "iops" : 364088.888889,
        "runtime" : 45,
        "total_ios" : 16384,
        "short_ios" : 0,
        "drop_ios" : 0,
        "slat_ns" : {
          "min" : 0,
          "max" : 0,
          "mean" : 0.000000,
          "stddev" : 0.000000,
          "N" : 0
        },
        "clat_ns" : {
          "min" : 1873,
          "max" : 71539,
          "mean" : 2375.655029,
          "stddev" : 1254.658117,
          "N" : 16384,
          "percentile" : {
            "1.000000" : 1912,
            "5.000000" : 1960,
            "10.000000" : 1992,
            "20.000000" : 2024,
            "30.000000" : 2064,
            "40.000000" : 2096,
            "50.000000" : 2128,
            "60.000000" : 2160,
            "70.000000" : 2224,
            "80.000000" : 2352,
            "90.000000" : 2864,
            "95.000000" : 3056,
            "99.000000" : 8160,
            "99.500000" : 8896,
            "99.900000" : 13120,
            "99.950000" : 16064,
            "99.990000" : 52480
          },
          "bins" : {
            "1880" : 17,
            "1896" : 59,
            "1912" : 163,
            "1928" : 265,
            "1944" : 242,
            "1960" : 204,
            "1976" : 336,
            "1992" : 606,
            "2008" : 789,
            "2024" : 695,
            "2040" : 578,
            "2064" : 1501,
            "2096" : 1874,
            "2128" : 1298,
            "2160" : 1354,
            "2192" : 991,
            "2224" : 717,
            "2256" : 575,
            "2288" : 414,
            "2320" : 329,
            "2352" : 245,
            "2384" : 218,
            "2416" : 194,
            "2448" : 157,
            "2480" : 119,
            "2512" : 90,
            "2544" : 69,
            "2576" : 58,
            "2608" : 52,
            "2640" : 41,
            "2672" : 38,
            "2704" : 56,
            "2736" : 55,
            "2768" : 77,
            "2800" : 111,
            "2832" : 128,
            "2864" : 143,
            "2896" : 171,
            "2928" : 157,
            "2960" : 135,
            "2992" : 117,
            "3024" : 98,
            "3056" : 80,
            "3088" : 55,
            "3120" : 58,
            "3152" : 37,
            "3184" : 28,
            "3216" : 37,
            "3248" : 22,
            "3280" : 15,
            "3312" : 14,
            "3344" : 19,
            "3376" : 14,
            "3408" : 9,
            "3440" : 11,
            "3472" : 8,
            "3504" : 5,
            "3536" : 8,
            "3568" : 6,
            "3600" : 4,
            "3632" : 3,
            "3664" : 2,
            "3696" : 2,
            "3728" : 6,
            "3760" : 3,
            "3792" : 3,
            "3824" : 4,
            "3856" : 2,
            "3888" : 4,
            "3920" : 4,
            "3952" : 1,
            "3984" : 3,
            "4016" : 2,
            "4048" : 2,
            "4080" : 2,
            "4128" : 4,
            "4192" : 5,
            "4256" : 2,
            "4320" : 1,
            "4448" : 2,
            "4640" : 1,
            "4768" : 1,
            "4896" : 1,
            "5024" : 1,
            "5344" : 1,
            "5408" : 3,
            "5472" : 1,
            "5536" : 1,
            "5600" : 1,
            "5664" : 1,
            "5792" : 2,
            "5856" : 1,
            "5984" : 2,
            "6048" : 4,
            "6112" : 2,
            "6176" : 3,
            "6240" : 1,
            "6496" : 4,
            "6560" : 1,
            "6624" : 2,
            "7008" : 1,
            "7072" : 1,
            "7136" : 1,
            "7264" : 1,
            "7328" : 3,
            "7392" : 2,
            "7456" : 6,
            "7520" : 6,
            "7584" : 14,
            "7648" : 8,
            "7712" : 17,
            "7776" : 10,
            "7840" : 16,
            "7904" : 15,
            "7968" : 17,
            "8032" : 21,
            "8096" : 19,
            "8160" : 13,
            "8256" : 18,
            "8384" : 16,
            "8512" : 14,
            "8640" : 13,
            "8768" : 10,
            "8896" : 10,
            "9024" : 10,
            "9152" : 5,
            "9280" : 4,
            "9408" : 4,
            "9536" : 3,
            "9664" : 2,
            "9792" : 2,
            "9920" : 1,
            "10176" : 1,
            "10304" : 1,
            "10432" : 1,
            "10560" : 2,
            "10688" : 1,
            "10816" : 1,
            "11200" : 1,
            "11328" : 2,
            "11456" : 4,
            "11584" : 2,
            "11712" : 1,
            "11840" : 1,
            "11968" : 1,
            "12096" : 1,
            "12224" : 1,
            "12352" : 3,
            "12480" : 1,
            "12736" : 1,
            "12864" : 1,
            "13120" : 1,
            "13504" : 1,
            "13888" : 1,
            "14528" : 1,
            "14784" : 1,
            "15040" : 1,
            "15808" : 1,
            "15936" : 1,
            "16064" : 1,
            "17280" : 1,
            "18816" : 1,
            "20096" : 1,
            "27008" : 1,
            "28032" : 1,
            "30080" : 1,
            "52480" : 1,
            "71168" : 1
          }
        },
        "lat_ns" : {
          "min" : 1914,
          "max" : 71580,
          "mean" : 2417.770874,
          "stddev" : 1256.739514,
          "N" : 16384
        },
        "bw_min" : 0,
        "bw_max" : 0,
        "bw_agg" : 0.000000,
        "bw_mean" : 0.000000,
        "bw_dev" : 0.000000,
        "bw_samples" : 0,
        "iops_min" : 0,
        "iops_max" : 0,
        "iops_mean" : 0.000000,
        "iops_stddev" : 0.000000,
        "iops_samples" : 0
      },
      "trim" : {
        "io_bytes" : 0,
        "io_kbytes" : 0,
        "bw_bytes" : 0,
        "bw" : 0,
        "iops" : 0.000000,
        "runtime" : 0,
        "total_ios" : 0,
        "short_ios" : 0,
        "drop_ios" : 0,
        "slat_ns" : {
          "min" : 0,
          "max" : 0,
          "mean" : 0.000000,
          "stddev" : 0.000000,
          "N" : 0
        },
        "clat_ns" : {
          "min" : 0,
          "max" : 0,
          "mean" : 0.000000,