{
  "fio version" : "fio-3.39-38-gf18c",
  "timestamp" : 1744334973,
  "timestamp_ms" : 1744334973913,
  "time" : "Fri Apr 11 01:29:33 2025",
  "global options" : {
    "kb_base" : "1024",
    "runtime" : "600"
  },
  "jobs" : [
    {
      "jobname" : "nfsv3-write-17179869184-blk1048576-iod16",
      "groupid" : 0,
      "job_start" : 1744334845290,
      "error" : 0,
      "eta" : 0,
      "elapsed" : 129,
      "job options" : {
        "stonewall" : "",
        "rw" : "write",
        "size" : "17179869184",
        "bs" : "1048576",
        "iodepth" : "16",
        "filename" : "/nfsv3/scratch/adam/fsbench/nfsv3/nfsv3-write-17179869184-blk1048576-iod16.bin"
      },
      "read" : {
        "io_bytes" : 0,
        "io_kbytes" : 0,
        "bw_bytes" : 0,
        "bw" : 0,
        "iops" : 0.000000,
        "runtime" : 0,
        "total_ios" : 0,
        "short_ios" : 0,
        "drop_ios" : 0,
        "slat_ns" : {
          "min" : 0,
          "max" : 0,
          "mean" : 0.000000,
          "stddev" : 0.000000,
          "N" : 0
        },
        "clat_ns" : {
          "min" : 0,
          "max" : 0,
          "mean" : 0.000000,
          "stddev" : 0.000000,
          "N" : 0
        },
        "lat_ns" : {
          "min" : 0,
          "max" : 0,
          "mean" : 0.000000,
          "stddev" : 0.000000,
          "N" : 0
        },
        "bw_min" : 0,
        "bw_max" : 0,
        "bw_agg" : 0.000000,
        "bw_mean" : 0.000000,
        "bw_dev" : 0.000000,
        "bw_samples" : 0,
        "iops_min" : 0,
        "iops_max" : 0,
        "iops_mean" : 0.000000,
        "iops_stddev" : 0.000000,
        "iops_samples" : 0
      },
      "write" : {
        "io_bytes" : 17179869184,
        "io_kbytes" : 16777216,
        "bw_bytes" : 171233620,
        "bw" : 167220,
        "iops" : 163.301106,
        "runtime" : 100330,
        "total_ios" : 16384,
        "short_ios" : 0,
        "drop_ios" : 0,
        "slat_ns" : {
          "min" : 0,
          "max" : 0,
          "mean" : 0.000000,
          "stddev" : 0.000000,
          "N" : 0
        },
        "clat_ns" : {
          "min" : 405827,
          "max" : 33834103,
          "mean" : 6085798.756409,
          "stddev" : 5144569.951440,
          "N" : 16384,
          "percentile" : {
            "1.000000" : 428032,
            "5.000000" : 452608,
            "10.000000" : 464896,
            "20.000000" : 493568,
            "30.000000" : 577536,
            "40.000000" : 749568,
            "50.000000" : 8716288,
            "60.000000" : 8847360,
            "70.000000" : 8847360,
            "80.000000" : 9764864,
            "90.000000" : 11075584,
            "95.000000" : 15269888,
            "99.000000" : 16449536,
            "99.500000" : 17432576,
            "99.900000" : 32899072,
            "99.950000" : 32899072,
            "99.990000" : 33816576
          },
          "bins" : {
            "407552" : 2,
            "411648" : 11,
            "415744" : 18,
            "419840" : 35,
            "423936" : 52,
            "428032" : 64,
            "432128" : 83,
            "436224" : 85,
            "440320" : 116,
            "444416" : 116,
            "448512" : 154,
            "452608" : 193,
            "456704" : 224,
            "460800" : 244,
            "464896" : 251,
            "468992" : 263,
            "473088" : 263,
            "477184" : 273,
            "481280" : 261,
            "485376" : 217,
            "489472" : 227,
            "493568" : 203,
            "497664" : 183,
            "501760" : 162,
            "505856" : 147,
            "509952" : 140,
            "514048" : 106,
            "518144" : 81,
            "522240" : 70,
            "528384" : 111,
            "536576" : 100,
            "544768" : 94,
            "552960" : 86,
            "561152" : 82,
            "569344" : 103,
            "577536" : 112,
            "585728" : 138,
            "593920" : 122,
            "602112" : 127,
            "610304" : 155,
            "618496" : 140,
            "626688" : 130,
            "634880" : 130,
            "643072" : 111,
            "651264" : 98,
            "659456" : 80,
            "667648" : 74,
            "675840" : 55,
            "684032" : 49,
            "692224" : 36,
            "700416" : 45,
            "708608" : 27,
            "716800" : 30,
            "724992" : 34,
            "733184" : 19,
            "741376" : 10,
            "749568" : 15,
            "757760" : 10,
            "765952" : 6,
            "774144" : 9,
            "782336" : 11,
            "790528" : 9,
            "798720" : 13,
            "806912" : 11,
            "815104" : 12,
            "823296" : 8,
            "831488" : 7,
            "839680" : 8,
            "847872" : 7,
            "856064" : 6,
            "864256" : 14,
            "872448" : 5,
            "880640" : 13,
            "888832" : 11,
            "897024" : 6,
            "905216" : 7,
            "913408" : 10,
            "921600" : 6,
            "929792" : 4,
            "937984" : 5,
            "946176" : 4,
            "954368" : 2,
            "962560" : 4,
            "970752" : 5,
            "978944" : 5,
            "987136" : 5,
            "995328" : 2,
            "1003520" : 1,
            "1011712" : 3,
            "1019904" : 2,
            "1028096" : 1,
            "1036288" : 3,
            "1044480" : 1,
            "1056768" : 6,
            "1089536" : 1,
            "1105920" : 3,
            "1122304" : 1,
            "1138688" : 2,
            "1155072" : 1,
            "1220608" : 1,
            "1269760" : 1,
            "1515520" : 1,
            "2637824" : 1,
            "6717440" : 7,
            "6782976" : 28,
            "6848512" : 126,
            "6914048" : 40,
            "6979584" : 5,
            "7045120" : 1,
            "7110656" : 1,
            "7241728" : 1,
            "7307264" : 2,
            "7438336" : 5,
            "7503872" : 6,
            "7569408" : 2,
            "7634944" : 15,
            "7700480" : 39,
            "7766016" : 125,
            "7831552" : 326,
            "7897088" : 146,
            "7962624" : 24,
            "8028160" : 17,
            "8093696" : 4,
            "8159232" : 2,
            "8224768" : 4,
            "8290304" : 2,
            "8355840" : 4,
            "8454144" : 34,
            "8585216" : 105,
            "8716288" : 853,
            "8847360" : 3915,
            "8978432" : 297,
            "9109504" : 39,
            "9240576" : 4,
            "9371648" : 3,
            "9502720" : 16,
            "9633792" : 61,
            "9764864" : 727,
            "9895936" : 774,
            "10027008" : 46,
            "10158080" : 6,
            "10289152" : 4,
            "10551296" : 3,
            "10682368" : 16,
            "10813440" : 77,
            "10944512" : 18,
            "11075584" : 5,
            "11206656" : 2,
            "11468800" : 1,
            "11730944" : 2,
            "11862016" : 4,
            "11993088" : 4,
            "12124160" : 11,
            "12255232" : 12,
            "12386304" : 7,
            "12648448" : 2,
            "12779520" : 2,
            "12910592" : 12,
            "13041664" : 24,
            "13172736" : 62,
            "13303808" : 166,
            "13434880" : 27,
            "13828096" : 5,
            "13959168" : 6,
            "14090240" : 33,
            "14221312" : 70,
            "14352384" : 153,
            "14483456" : 14,
            "14745600" : 3,
            "14876672" : 19,
            "15007744" : 29,
            "15138816" : 46,
            "15269888" : 152,
            "15400960" : 208,
            "15532032" : 13,
            "15663104" : 4,
            "15794176" : 3,
            "15925248" : 8,
            "16056320" : 19,
            "16187392" : 24,
            "16318464" : 213,
            "16449536" : 138,
            "16580608" : 6,