{
  "fio version" : "fio-3.39-38-gf18c",
  "timestamp" : 1744238416,
  "timestamp_ms" : 1744238416531,
  "time" : "Wed Apr  9 22:40:16 2025",
  "global options" : {
    "kb_base" : "1024",
    "runtime" : "600"
  },
  "jobs" : [
    {
      "jobname" : "nfsv3-write-1073741824-blk65536-iod16",
      "groupid" : 0,
      "job_start" : 1744238408393,
      "error" : 0,
      "eta" : 0,
      "elapsed" : 9,
      "job options" : {
        "stonewall" : "",
        "rw" : "write",
        "size" : "1073741824",
        "bs" : "65536",
        "iodepth" : "16",
        "filename" : "/nfsv3/scratch/adam/fsbench/nfsv3/nfsv3-write-1073741824-blk65536-iod16.bin"
      },
      "read" : {
        "io_bytes" : 0,
        "io_kbytes" : 0,
        "bw_bytes" : 0,
        "bw" : 0,
        "iops" : 0.000000,
        "runtime" : 0,
        "total_ios" : 0,
        "short_ios" : 0,
        "drop_ios" : 0,
        "slat_ns" : {
          "min" : 0,
          "max" : 0,
          "mean" : 0.000000,
          "stddev" : 0.000000,
          "N" : 0
        },
        "clat_ns" : {
          "min" : 0,
          "max" : 0,
          "mean" : 0.000000,
          "stddev" : 0.000000,
          "N" : 0
        },
        "lat_ns" : {
          "min" : 0,
          "max" : 0,
          "mean" : 0.000000,
          "stddev" : 0.000000,
          "N" : 0
        },
        "bw_min" : 0,
        "bw_max" : 0,
        "bw_agg" : 0.000000,
        "bw_mean" : 0.000000,
        "bw_dev" : 0.000000,
        "bw_samples" : 0,
        "iops_min" : 0,
        "iops_max" : 0,
        "iops_mean" : 0.000000,
        "iops_stddev" : 0.000000,
        "iops_samples" : 0
      },
      "write" : {
        "io_bytes" : 1073741824,
        "io_kbytes" : 1048576,
        "bw_bytes" : 2191309844,
        "bw" : 2139951,
        "iops" : 33436.734694,
        "runtime" : 490,
        "total_ios" : 16384,
        "short_ios" : 0,
        "drop_ios" : 0,
        "slat_ns" : {
          "min" : 0,
          "max" : 0,
          "mean" : 0.000000,
          "stddev" : 0.000000,
          "N" : 0
        },
        "clat_ns" : {
          "min" : 24070,
          "max" : 153251,
          "mean" : 29148.687012,
          "stddev" : 4908.522146,
          "N" : 16384,
          "percentile" : {
            "1.000000" : 24960,
            "5.000000" : 25472,
            "10.000000" : 25728,
            "20.000000" : 26240,
            "30.000000" : 26496,
            "40.000000" : 26752,
            "50.000000" : 27264,
            "60.000000" : 28032,
            "70.000000" : 29824,
            "80.000000" : 31872,
            "90.000000" : 34560,
            "95.000000" : 37632,
            "99.000000" : 45824,
            "99.500000" : 49408,
            "99.900000" : 62720,
            "99.950000" : 82432,
            "99.990000" : 144384
          },
          "bins" : {
            "24192" : 5,
            "24448" : 21,
            "24704" : 77,
            "24960" : 188,
            "25216" : 382,
            "25472" : 637,
            "25728" : 813,
            "25984" : 1022,
            "26240" : 1266,
            "26496" : 1212,
            "26752" : 1215,
            "27008" : 1028,
            "27264" : 844,
            "27520" : 583,
            "27776" : 399,
            "28032" : 271,
            "28288" : 206,
            "28544" : 171,
            "28800" : 162,
            "29056" : 210,
            "29312" : 234,
            "29568" : 257,
            "29824" : 271,
            "30080" : 276,
            "30336" : 256,
            "30592" : 216,
            "30848" : 197,
            "31104" : 221,
            "31360" : 171,
            "31616" : 177,
            "31872" : 185,
            "32128" : 220,
            "32384" : 218,
            "32640" : 191,
            "33024" : 372,
            "33536" : 280,
            "34048" : 196,
            "34560" : 203,
            "35072" : 177,
            "35584" : 170,
            "36096" : 152,
            "36608" : 107,
            "37120" : 86,
            "37632" : 80,
            "38144" : 52,
            "38656" : 58,
            "39168" : 35,
            "39680" : 36,
            "40192" : 31,
            "40704" : 39,
            "41216" : 48,
            "41728" : 46,
            "42240" : 44,
            "42752" : 45,
            "43264" : 34,
            "43776" : 37,
            "44288" : 29,
            "44800" : 30,
            "45312" : 23,
            "45824" : 17,
            "46336" : 12,
            "46848" : 13,
            "47360" : 15,
            "47872" : 12,
            "48384" : 8,
            "48896" : 11,
            "49408" : 5,
            "49920" : 7,
            "50432" : 8,
            "50944" : 5,
            "51456" : 3,
            "51968" : 5,
            "52480" : 3,
            "52992" : 6,
            "53504" : 3,
            "54016" : 2,
            "54528" : 3,
            "55040" : 1,
            "55552" : 3,
            "56064" : 1,
            "56576" : 4,
            "57088" : 1,
            "58112" : 3,
            "58624" : 2,
            "59648" : 1,
            "62208" : 1,
            "62720" : 1,
            "63232" : 1,
            "64256" : 1,
            "65280" : 1,
            "67072" : 1,
            "68096" : 1,
            "71168" : 1,
            "82432" : 2,
            "83456" : 1,
            "103936" : 1,
            "109056" : 1,
            "112128" : 1,
            "126464" : 1,
            "144384" : 2,
            "152576" : 1
          }
        },
        "lat_ns" : {
          "min" : 24375,
          "max" : 153565,
          "mean" : 29495.492493,
          "stddev" : 4961.478623,
          "N" : 16384
        },
        "bw_min" : 2097152,
        "bw_max" : 2097152,
        "bw_agg" : 98.000000,
        "bw_mean" : 2097152.000000,
        "bw_dev" : 0.000000,
        "bw_samples" : 1,
        "iops_min" : 32768,
        "iops_max" : 32768,
        "iops_mean" : 32768.000000,
        "iops_stddev" : 0.000000,
        "iops_samples" : 1
      },
      "trim" : {
        "io_bytes" : 0,
        "io_kbytes" : 0,
        "bw_bytes" : 0,
        "bw" : 0,
        "iops" : 0.000000,
        "runtime" : 0,
        "total_ios" : 0,
        "short_ios" : 0,
        "drop_ios" : 0,
        "slat_ns" : {
          "min" : 0,
          "max" : 0,
          "mean" : 0.000000,
          "stddev" : 0.000000,
          "N" : 0
        },
        "clat_ns" : {
          "min" : 0,
          "max" : 0,
          "mean" : 0.000000,
          "stddev" : 0.000000,
          "N" : 0
        },
        "lat_ns" : {
          "min" : 0,
          "max" : 0,
          "mean" : 0.000000,
          "stddev" : 0.000000,
          "N" : 0
        },
        "bw_min" : 0,
        "bw_max" : 0,
        "bw_agg" : 0.000000,
        "bw_mean" : 0.000000,
        "bw_dev" : 0.000000,
        "bw_samples" : 0,
        "iops_min" : 0,
        "iops_max" : 0,
        "iops_mean" : 0.000000,
        "iops_stddev" : 0.000000,
        "iops_samples" : 0
      },
      "sync" : {
        "total_ios" : 0,
        "lat_ns" : {
          "min" : 0,
          "max" : 0,
          "mean" : 0.000000,
          "stddev" : 0.000000,
          "N" : 0
        }
      },
      "job_runtime" : 489,
      "usr_cpu" : 2.453988,
      "sys_cpu" : 96.932515,
      "ctx" : 4,
      "majf" : 0,
      "minf" : 7,
      "iodepth_level" : {
        "1" : 100.000000,
        "2" : 0.000000,
        "4" : 0.000000,
        "8" : 0.000000,
        "16" : 0.000000,
        "32" : 0.000000,
        ">=64" : 0.000000
      },
      "iodepth_submit" : {
        "0" : 0.000000,
        "4" : 100.000000,
        "8" : 0.000000,
        "16" : 0.000000,
        "32" : 0.000000,
        "64" : 0.000000,
        ">=64" : 0.000000
      },
      "iodepth_complete" : {
        "0" : 0.000000,
        "4" : 100.000000,
        "8" : 0.000000,
        "16" : 0.000000,
        "32" : 0.000000,
        "64" : 0.000000,