{
  "fio version" : "fio-3.39-38-gf18c",
  "timestamp" : 1744245106,
  "timestamp_ms" : 1744245106656,
  "time" : "Thu Apr 10 00:31:46 2025",
  "global options" : {
    "kb_base" : "1024",
    "runtime" : "600"
  },
  "jobs" : [
    {
      "jobname" : "nfsv3-randwrite-1073741824-blk1048576-iod4",
      "groupid" : 0,
      "job_start" : 1744245098652,
      "error" : 0,
      "eta" : 0,
      "elapsed" : 9,
      "job options" : {
        "stonewall" : "",
        "rw" : "randwrite",
        "size" : "1073741824",
        "bs" : "1048576",
        "iodepth" : "4",
        "filename" : "/nfsv3/scratch/adam/fsbench/nfsv3/nfsv3-randwrite-1073741824-blk1048576-iod4.bin"
      },
      "read" : {
        "io_bytes" : 0,
        "io_kbytes" : 0,
        "bw_bytes" : 0,
        "bw" : 0,
        "iops" : 0.000000,
        "runtime" : 0,
        "total_ios" : 0,
        "short_ios" : 0,
        "drop_ios" : 0,
        "slat_ns" : {
          "min" : 0,
          "max" : 0,
          "mean" : 0.000000,
          "stddev" : 0.000000,
          "N" : 0
        },
        "clat_ns" : {
          "min" : 0,
          "max" : 0,
          "mean" : 0.000000,
          "stddev" : 0.000000,
          "N" : 0
        },
        "lat_ns" : {
          "min" : 0,
          "max" : 0,
          "mean" : 0.000000,
          "stddev" : 0.000000,
          "N" : 0
        },
        "bw_min" : 0,
        "bw_max" : 0,
        "bw_agg" : 0.000000,
        "bw_mean" : 0.000000,
        "bw_dev" : 0.000000,
        "bw_samples" : 0,
        "iops_min" : 0,
        "iops_max" : 0,
        "iops_mean" : 0.000000,
        "iops_stddev" : 0.000000,
        "iops_samples" : 0
      },
      "write" : {
        "io_bytes" : 1073741824,
        "io_kbytes" : 1048576,
        "bw_bytes" : 2284557072,
        "bw" : 2231012,
        "iops" : 2178.723404,
        "runtime" : 470,
        "total_ios" : 1024,
        "short_ios" : 0,
        "drop_ios" : 0,
        "slat_ns" : {
          "min" : 0,
          "max" : 0,
          "mean" : 0.000000,
          "stddev" : 0.000000,
          "N" : 0
        },
        "clat_ns" : {
          "min" : 402620,
          "max" : 590894,
          "mean" : 441429.394531,
          "stddev" : 25212.308999,
          "N" : 1024,
          "percentile" : {
            "1.000000" : 407552,
            "5.000000" : 415744,
            "10.000000" : 415744,
            "20.000000" : 423936,
            "30.000000" : 423936,
            "40.000000" : 428032,
            "50.000000" : 436224,
            "60.000000" : 444416,
            "70.000000" : 448512,
            "80.000000" : 456704,
            "90.000000" : 468992,
            "95.000000" : 481280,
            "99.000000" : 552960,
            "99.500000" : 561152,
            "99.900000" : 585728,
            "99.950000" : 593920,
            "99.990000" : 593920
          },
          "bins" : {
            "403456" : 3,
            "407552" : 8,
            "411648" : 38,
            "415744" : 63,
            "419840" : 84,
            "423936" : 113,
            "428032" : 101,
            "432128" : 71,
            "436224" : 65,
            "440320" : 46,
            "444416" : 68,
            "448512" : 80,
            "452608" : 65,
            "456704" : 40,
            "460800" : 37,
            "464896" : 27,
            "468992" : 25,
            "473088" : 14,
            "477184" : 15,
            "481280" : 11,
            "485376" : 8,
            "489472" : 8,
            "493568" : 3,
            "497664" : 3,
            "501760" : 2,
            "505856" : 2,
            "509952" : 5,
            "514048" : 1,
            "528384" : 2,
            "536576" : 2,
            "544768" : 2,
            "552960" : 4,
            "561152" : 3,
            "577536" : 3,
            "585728" : 1,
            "593920" : 1
          }
        },
        "lat_ns" : {
          "min" : 415423,
          "max" : 617599,
          "mean" : 454759.360352,
          "stddev" : 26198.185700,
          "N" : 1024
        },
        "bw_min" : 2092966,
        "bw_max" : 2092966,
        "bw_agg" : 93.812372,
        "bw_mean" : 2092966.000000,
        "bw_dev" : 0.000000,
        "bw_samples" : 1,
        "iops_min" : 2043,
        "iops_max" : 2043,
        "iops_mean" : 2043.000000,
        "iops_stddev" : 0.000000,
        "iops_samples" : 1
      },
      "trim" : {
        "io_bytes" : 0,
        "io_kbytes" : 0,
        "bw_bytes" : 0,
        "bw" : 0,
        "iops" : 0.000000,
        "runtime" : 0,
        "total_ios" : 0,
        "short_ios" : 0,
        "drop_ios" : 0,
        "slat_ns" : {
          "min" : 0,
          "max" : 0,
          "mean" : 0.000000,
          "stddev" : 0.000000,
          "N" : 0
        },
        "clat_ns" : {
          "min" : 0,
          "max" : 0,
          "mean" : 0.000000,
          "stddev" : 0.000000,
          "N" : 0
        },
        "lat_ns" : {
          "min" : 0,
          "max" : 0,
          "mean" : 0.000000,
          "stddev" : 0.000000,
          "N" : 0
        },
        "bw_min" : 0,
        "bw_max" : 0,
        "bw_agg" : 0.000000,
        "bw_mean" : 0.000000,
        "bw_dev" : 0.000000,
        "bw_samples" : 0,
        "iops_min" : 0,
        "iops_max" : 0,
        "iops_mean" : 0.000000,
        "iops_stddev" : 0.000000,
        "iops_samples" : 0
      },
      "sync" : {
        "total_ios" : 0,
        "lat_ns" : {
          "min" : 0,
          "max" : 0,
          "mean" : 0.000000,
          "stddev" : 0.000000,
          "N" : 0
        }
      },
      "job_runtime" : 469,
      "usr_cpu" : 3.624733,
      "sys_cpu" : 95.522388,
      "ctx" : 4,
      "majf" : 0,
      "minf" : 8,
      "iodepth_level" : {
        "1" : 100.000000,
        "2" : 0.000000,
        "4" : 0.000000,
        "8" : 0.000000,
        "16" : 0.000000,
        "32" : 0.000000,
        ">=64" : 0.000000
      },
      "iodepth_submit" : {
        "0" : 0.000000,
        "4" : 100.000000,
        "8" : 0.000000,
        "16" : 0.000000,
        "32" : 0.000000,
        "64" : 0.000000,
        ">=64" : 0.000000
      },
      "iodepth_complete" : {
        "0" : 0.000000,
        "4" : 100.000000,
        "8" : 0.000000,
        "16" : 0.000000,
        "32" : 0.000000,
        "64" : 0.000000,
        ">=64" : 0.000000
      },
      "latency_ns" : {
        "2" : 0.000000,
        "4" : 0.000000,
        "10" : 0.000000,
        "20" : 0.000000,
        "50" : 0.000000,
        "100" : 0.000000,
        "250" : 0.000000,
        "500" : 0.000000,
        "750" : 0.000000,
        "1000" : 0.000000
      },
      "latency_us" : {
        "2" : 0.000000,
        "4" : 0.000000,
        "10" : 0.000000,
        "20" : 0.000000,
        "50" : 0.000000,
        "100" : 0.000000,
        "250" : 0.000000,
        "500" : 97.265625,
        "750" : 2.734375,
        "1000" : 0.000000
      },
      "latency_ms" : {
        "2" : 0.000000,
        "4" : 0.000000,
        "10" : 0.000000,
        "20" : 0.000000,
        "50" : 0.000000,
        "100" : 0.000000,
        "250" : 0.000000,
        "500" : 0.000000,
        "750" : 0.000000,
        "1000" : 0.000000,
        "2000" : 0.000000,
        ">=2000" : 0.000000
      },
      "latency_depth" : 4,
      "latency_target" : 0,
      "latency_percentile" : 100.000000,
      "latency_window" : 0
    }
  ]
}
