{
  "fio version" : "fio-3.39-38-gf18c",
  "timestamp" : 1744238189,
  "timestamp_ms" : 1744238189669,
  "time" : "Wed Apr  9 22:36:29 2025",
  "global options" : {
    "kb_base" : "1024",
    "runtime" : "600"
  },
  "jobs" : [
    {
      "jobname" : "nfsv4-write-67108864-blk65536-iod16",
      "groupid" : 0,
      "job_start" : 1744238189282,
      "error" : 0,
      "eta" : 2147483647,
      "elapsed" : 1,
      "job options" : {
        "stonewall" : "",
        "rw" : "write",
        "size" : "67108864",
        "bs" : "65536",
        "iodepth" : "16",
        "filename" : "/scratch/adam/fsbench/nfsv4/nfsv4-write-67108864-blk65536-iod16.bin"
      },
      "read" : {
        "io_bytes" : 0,
        "io_kbytes" : 0,
        "bw_bytes" : 0,
        "bw" : 0,
        "iops" : 0.000000,
        "runtime" : 0,
        "total_ios" : 0,
        "short_ios" : 0,
        "drop_ios" : 0,
        "slat_ns" : {
          "min" : 0,
          "max" : 0,
          "mean" : 0.000000,
          "stddev" : 0.000000,
          "N" : 0
        },
        "clat_ns" : {
          "min" : 0,
          "max" : 0,
          "mean" : 0.000000,
          "stddev" : 0.000000,
          "N" : 0
        },
        "lat_ns" : {
          "min" : 0,
          "max" : 0,
          "mean" : 0.000000,
          "stddev" : 0.000000,
          "N" : 0
        },
        "bw_min" : 0,
        "bw_max" : 0,
        "bw_agg" : 0.000000,
        "bw_mean" : 0.000000,
        "bw_dev" : 0.000000,
        "bw_samples" : 0,
        "iops_min" : 0,
        "iops_max" : 0,
        "iops_mean" : 0.000000,
        "iops_stddev" : 0.000000,
        "iops_samples" : 0
      },
      "write" : {
        "io_bytes" : 67108864,
        "io_kbytes" : 65536,
        "bw_bytes" : 2097152000,
        "bw" : 2048000,
        "iops" : 32000.000000,
        "runtime" : 32,
        "total_ios" : 1024,
        "short_ios" : 0,
        "drop_ios" : 0,
        "slat_ns" : {
          "min" : 0,
          "max" : 0,
          "mean" : 0.000000,
          "stddev" : 0.000000,
          "N" : 0
        },
        "clat_ns" : {
          "min" : 25606,
          "max" : 67535,
          "mean" : 29270.276367,
          "stddev" : 3417.520927,
          "N" : 1024,
          "percentile" : {
            "1.000000" : 25984,
            "5.000000" : 26496,
            "10.000000" : 26496,
            "20.000000" : 27008,
            "30.000000" : 27008,
            "40.000000" : 27520,
            "50.000000" : 27776,
            "60.000000" : 28288,
            "70.000000" : 29824,
            "80.000000" : 32640,
            "90.000000" : 33536,
            "95.000000" : 34560,
            "99.000000" : 40704,
            "99.500000" : 42240,
            "99.900000" : 46336,
            "99.950000" : 67072,
            "99.990000" : 67072
          },
          "bins" : {
            "25728" : 6,
            "25984" : 12,
            "26240" : 32,
            "26496" : 72,
            "26752" : 82,
            "27008" : 107,
            "27264" : 92,
            "27520" : 86,
            "27776" : 65,
            "28032" : 49,
            "28288" : 32,
            "28544" : 27,
            "28800" : 20,
            "29056" : 15,
            "29312" : 7,
            "29568" : 9,
            "29824" : 5,
            "30080" : 3,
            "30336" : 5,
            "30592" : 2,
            "30848" : 3,
            "31104" : 2,
            "31360" : 13,
            "31616" : 5,
            "31872" : 11,
            "32128" : 26,
            "32384" : 17,
            "32640" : 19,
            "33024" : 66,
            "33536" : 51,
            "34048" : 26,
            "34560" : 10,
            "35072" : 7,
            "35584" : 3,
            "36096" : 8,
            "36608" : 6,
            "37120" : 4,
            "37632" : 3,
            "38656" : 1,
            "40192" : 3,
            "40704" : 3,
            "41216" : 2,
            "41728" : 1,
            "42240" : 1,
            "44288" : 2,
            "44800" : 1,
            "46336" : 1,
            "67072" : 1
          }
        },
        "lat_ns" : {
          "min" : 25960,
          "max" : 76196,
          "mean" : 29611.302734,
          "stddev" : 3517.738686,
          "N" : 1024
        },
        "bw_min" : 0,
        "bw_max" : 0,
        "bw_agg" : 0.000000,
        "bw_mean" : 0.000000,
        "bw_dev" : 0.000000,
        "bw_samples" : 0,
        "iops_min" : 0,
        "iops_max" : 0,
        "iops_mean" : 0.000000,
        "iops_stddev" : 0.000000,
        "iops_samples" : 0
      },
      "trim" : {
        "io_bytes" : 0,
        "io_kbytes" : 0,
        "bw_bytes" : 0,
        "bw" : 0,
        "iops" : 0.000000,
        "runtime" : 0,
        "total_ios" : 0,
        "short_ios" : 0,
        "drop_ios" : 0,
        "slat_ns" : {
          "min" : 0,
          "max" : 0,
          "mean" : 0.000000,
          "stddev" : 0.000000,
          "N" : 0
        },
        "clat_ns" : {
          "min" : 0,
          "max" : 0,
          "mean" : 0.000000,
          "stddev" : 0.000000,
          "N" : 0
        },
        "lat_ns" : {
          "min" : 0,
          "max" : 0,
          "mean" : 0.000000,
          "stddev" : 0.000000,
          "N" : 0
        },
        "bw_min" : 0,
        "bw_max" : 0,
        "bw_agg" : 0.000000,
        "bw_mean" : 0.000000,
        "bw_dev" : 0.000000,
        "bw_samples" : 0,
        "iops_min" : 0,
        "iops_max" : 0,
        "iops_mean" : 0.000000,
        "iops_stddev" : 0.000000,
        "iops_samples" : 0
      },
      "sync" : {
        "total_ios" : 0,
        "lat_ns" : {
          "min" : 0,
          "max" : 0,
          "mean" : 0.000000,
          "stddev" : 0.000000,
          "N" : 0
        }
      },
      "job_runtime" : 31,
      "usr_cpu" : 0.000000,
      "sys_cpu" : 93.548387,
      "ctx" : 1,
      "majf" : 0,
      "minf" : 7,
      "iodepth_level" : {
        "1" : 100.000000,
        "2" : 0.000000,
        "4" : 0.000000,
        "8" : 0.000000,
        "16" : 0.000000,
        "32" : 0.000000,
        ">=64" : 0.000000
      },
      "iodepth_submit" : {
        "0" : 0.000000,
        "4" : 100.000000,
        "8" : 0.000000,
        "16" : 0.000000,
        "32" : 0.000000,
        "64" : 0.000000,
        ">=64" : 0.000000
      },
      "iodepth_complete" : {
        "0" : 0.000000,
        "4" : 100.000000,
        "8" : 0.000000,
        "16" : 0.000000,
        "32" : 0.000000,
        "64" : 0.000000,
        ">=64" : 0.000000
      },
      "latency_ns" : {
        "2" : 0.000000,
        "4" : 0.000000,
        "10" : 0.000000,
        "20" : 0.000000,
        "50" : 0.000000,
        "100" : 0.000000,
        "250" : 0.000000,
        "500" : 0.000000,
        "750" : 0.000000,
        "1000" : 0.000000
      },
      "latency_us" : {
        "2" : 0.000000,
        "4" : 0.000000,
        "10" : 0.000000,
        "20" : 0.000000,
        "50" : 99.902344,
        "100" : 0.097656,
        "250" : 0.000000,
        "500" : 0.000000,
        "750" : 0.000000,
        "1000" : 0.000000
      },
      "latency_ms" : {
        "2" : 0.000000,
        "4" : 0.000000,
        "10" : 0.000000,
        "20" : 0.000000,
        "50" : 0.000000,
        "100" : 0.000000,
        "250" : 0.000000,
        "500" : 0.000000,
        "750" : 0.000000,
        "1000" : 0.000000,
        "2000" : 0.000000,
        ">=2000" : 0.000000
      },
      "latency_depth" : 16,
      "latency_target" : 0,
      "latency_percentile" : 100.000000,
      "latency_window" : 0
    }
  ]
}
