{
  "fio version" : "fio-3.39-38-gf18c",
  "timestamp" : 1744238159,
  "timestamp_ms" : 1744238159342,
  "time" : "Wed Apr  9 22:35:59 2025",
  "global options" : {
    "kb_base" : "1024",
    "runtime" : "600"
  },
  "jobs" : [
    {
      "jobname" : "nfsv4-write-4194304-blk256-iod16",
      "groupid" : 0,
      "job_start" : 1744238159203,
      "error" : 0,
      "eta" : 2147483647,
      "elapsed" : 1,
      "job options" : {
        "stonewall" : "",
        "rw" : "write",
        "size" : "4194304",
        "bs" : "256",
        "iodepth" : "16",
        "filename" : "/scratch/adam/fsbench/nfsv4/nfsv4-write-4194304-blk256-iod16.bin"
      },
      "read" : {
        "io_bytes" : 0,
        "io_kbytes" : 0,
        "bw_bytes" : 0,
        "bw" : 0,
        "iops" : 0.000000,
        "runtime" : 0,
        "total_ios" : 0,
        "short_ios" : 0,
        "drop_ios" : 0,
        "slat_ns" : {
          "min" : 0,
          "max" : 0,
          "mean" : 0.000000,
          "stddev" : 0.000000,
          "N" : 0
        },
        "clat_ns" : {
          "min" : 0,
          "max" : 0,
          "mean" : 0.000000,
          "stddev" : 0.000000,
          "N" : 0
        },
        "lat_ns" : {
          "min" : 0,
          "max" : 0,
          "mean" : 0.000000,
          "stddev" : 0.000000,
          "N" : 0
        },
        "bw_min" : 0,
        "bw_max" : 0,
        "bw_agg" : 0.000000,
        "bw_mean" : 0.000000,
        "bw_dev" : 0.000000,
        "bw_samples" : 0,
        "iops_min" : 0,
        "iops_max" : 0,
        "iops_mean" : 0.000000,
        "iops_stddev" : 0.000000,
        "iops_samples" : 0
      },
      "write" : {
        "io_bytes" : 4194304,
        "io_kbytes" : 4096,
        "bw_bytes" : 199728761,
        "bw" : 195047,
        "iops" : 780190.476190,
        "runtime" : 21,
        "total_ios" : 16384,
        "short_ios" : 0,
        "drop_ios" : 0,
        "slat_ns" : {
          "min" : 0,
          "max" : 0,
          "mean" : 0.000000,
          "stddev" : 0.000000,
          "N" : 0
        },
        "clat_ns" : {
          "min" : 740,
          "max" : 24211,
          "mean" : 947.406738,
          "stddev" : 683.676389,
          "N" : 16384,
          "percentile" : {
            "1.000000" : 748,
            "5.000000" : 748,
            "10.000000" : 756,
            "20.000000" : 756,
            "30.000000" : 780,
            "40.000000" : 804,
            "50.000000" : 828,
            "60.000000" : 836,
            "70.000000" : 852,
            "80.000000" : 876,
            "90.000000" : 1144,
            "95.000000" : 1928,
            "99.000000" : 2832,
            "99.500000" : 3472,
            "99.900000" : 12480,
            "99.950000" : 14912,
            "99.990000" : 22144
          },
          "bins" : {
            "740" : 42,
            "748" : 1547,
            "756" : 2091,
            "764" : 577,
            "772" : 515,
            "780" : 406,
            "788" : 516,
            "796" : 458,
            "804" : 627,
            "812" : 538,
            "820" : 424,
            "828" : 1048,
            "836" : 1948,
            "844" : 722,
            "852" : 480,
            "860" : 565,
            "868" : 498,
            "876" : 364,
            "884" : 166,
            "892" : 306,
            "900" : 332,
            "908" : 120,
            "916" : 82,
            "924" : 63,
            "932" : 65,
            "940" : 28,
            "948" : 29,
            "956" : 21,
            "964" : 11,
            "972" : 7,
            "980" : 7,
            "988" : 5,
            "996" : 8,
            "1004" : 1,
            "1012" : 3,
            "1020" : 5,
            "1032" : 10,
            "1048" : 11,
            "1064" : 12,
            "1080" : 14,
            "1096" : 23,
            "1112" : 26,
            "1128" : 22,
            "1144" : 31,
            "1160" : 28,
            "1176" : 48,
            "1192" : 43,
            "1208" : 46,
            "1224" : 32,
            "1240" : 36,
            "1256" : 33,
            "1272" : 23,
            "1288" : 21,
            "1304" : 18,
            "1320" : 24,
            "1336" : 19,
            "1352" : 15,
            "1368" : 12,
            "1384" : 12,
            "1400" : 15,
            "1416" : 12,
            "1432" : 10,
            "1448" : 12,
            "1464" : 11,
            "1480" : 10,
            "1496" : 6,
            "1512" : 7,
            "1528" : 5,
            "1544" : 4,
            "1560" : 8,
            "1576" : 5,
            "1592" : 2,
            "1608" : 2,
            "1624" : 6,
            "1640" : 3,
            "1656" : 6,
            "1672" : 8,
            "1688" : 4,
            "1704" : 8,
            "1720" : 9,
            "1736" : 14,
            "1752" : 8,
            "1768" : 11,
            "1784" : 7,
            "1800" : 15,
            "1816" : 26,
            "1832" : 24,
            "1848" : 21,
            "1864" : 21,
            "1880" : 23,
            "1896" : 23,
            "1912" : 22,
            "1928" : 24,
            "1944" : 17,
            "1960" : 35,
            "1976" : 25,
            "1992" : 19,
            "2008" : 24,
            "2024" : 28,
            "2040" : 28,
            "2064" : 47,
            "2096" : 44,
            "2128" : 42,
            "2160" : 44,
            "2192" : 33,
            "2224" : 25,
            "2256" : 25,
            "2288" : 25,
            "2320" : 29,
            "2352" : 21,
            "2384" : 20,
            "2416" : 13,
            "2448" : 19,
            "2480" : 12,
            "2512" : 6,
            "2544" : 7,
            "2576" : 5,
            "2608" : 7,
            "2640" : 6,
            "2672" : 7,
            "2704" : 3,
            "2736" : 9,
            "2768" : 9,
            "2800" : 7,
            "2832" : 4,
            "2864" : 4,
            "2896" : 11,
            "2928" : 2,
            "2960" : 5,
            "2992" : 3,
            "3024" : 4,
            "3056" : 6,
            "3088" : 5,
            "3120" : 3,
            "3152" : 6,
            "3184" : 2,
            "3216" : 5,
            "3248" : 4,
            "3280" : 3,
            "3312" : 6,
            "3344" : 2,
            "3376" : 1,
            "3408" : 5,
            "3440" : 3,
            "3472" : 4,
            "3504" : 3,
            "3536" : 1,
            "3568" : 3,
            "3632" : 1,
            "3664" : 2,
            "3696" : 1,
            "3760" : 2,
            "3792" : 1,
            "3824" : 1,
            "3856" : 1,
            "3888" : 1,
            "3920" : 2,
            "3984" : 1,
            "4016" : 2,
            "4048" : 1,
            "4080" : 1,
            "4256" : 1,
            "4384" : 1,
            "4512" : 3,
            "4640" : 1,
            "4704" : 4,
            "4960" : 1,
            "5024" : 3,
            "5088" : 1,
            "5216" : 1,
            "5280" : 1,
            "5408" : 1,
            "5472" : 1,
            "5664" : 1,
            "5728" : 1,
            "5920" : 1,
            "6816" : 1,
            "7456" : 2,
            "7648" : 1,
            "7968" : 1,
            "8256" : 1,
            "8384" : 2,
            "8896" : 2,
            "9408" : 2,
            "9664" : 1,
            "9920" : 1,
            "11456" : 1,
            "12352" : 1,
            "12480" : 1,
            "12864" : 1,
            "13376" : 1,
            "13632" : 1,
            "13760" : 1,
            "13888" : 1,
            "14016" : 1,
            "14272" : 1,
            "14912" : 2,
            "15936" : 1,
            "16512" : 1,
            "17024" : 1,
            "18304" : 1,
            "19072" : 1,
            "22144" : 1,
            "24192" : 1
          }
        },
        "lat_ns" : {
          "min" : 770,
          "max" : 25097,
          "mean" : 978.690796,
          "stddev" : 686.472493,