{
  "fio version" : "fio-3.39-38-gf18c",
  "timestamp" : 1744245118,
  "timestamp_ms" : 1744245118224,
  "time" : "Thu Apr 10 00:31:58 2025",
  "global options" : {
    "kb_base" : "1024",
    "runtime" : "600"
  },
  "jobs" : [
    {
      "jobname" : "nfsv4-randwrite-1073741824-blk1048576-iod16",
      "groupid" : 0,
      "job_start" : 1744245110220,
      "error" : 0,
      "eta" : 0,
      "elapsed" : 9,
      "job options" : {
        "stonewall" : "",
        "rw" : "randwrite",
        "size" : "1073741824",
        "bs" : "1048576",
        "iodepth" : "16",
        "filename" : "/scratch/adam/fsbench/nfsv4/nfsv4-randwrite-1073741824-blk1048576-iod16.bin"
      },
      "read" : {
        "io_bytes" : 0,
        "io_kbytes" : 0,
        "bw_bytes" : 0,
        "bw" : 0,
        "iops" : 0.000000,
        "runtime" : 0,
        "total_ios" : 0,
        "short_ios" : 0,
        "drop_ios" : 0,
        "slat_ns" : {
          "min" : 0,
          "max" : 0,
          "mean" : 0.000000,
          "stddev" : 0.000000,
          "N" : 0
        },
        "clat_ns" : {
          "min" : 0,
          "max" : 0,
          "mean" : 0.000000,
          "stddev" : 0.000000,
          "N" : 0
        },
        "lat_ns" : {
          "min" : 0,
          "max" : 0,
          "mean" : 0.000000,
          "stddev" : 0.000000,
          "N" : 0
        },
        "bw_min" : 0,
        "bw_max" : 0,
        "bw_agg" : 0.000000,
        "bw_mean" : 0.000000,
        "bw_dev" : 0.000000,
        "bw_samples" : 0,
        "iops_min" : 0,
        "iops_max" : 0,
        "iops_mean" : 0.000000,
        "iops_stddev" : 0.000000,
        "iops_samples" : 0
      },
      "write" : {
        "io_bytes" : 1073741824,
        "io_kbytes" : 1048576,
        "bw_bytes" : 2227680132,
        "bw" : 2175468,
        "iops" : 2124.481328,
        "runtime" : 482,
        "total_ios" : 1024,
        "short_ios" : 0,
        "drop_ios" : 0,
        "slat_ns" : {
          "min" : 0,
          "max" : 0,
          "mean" : 0.000000,
          "stddev" : 0.000000,
          "N" : 0
        },
        "clat_ns" : {
          "min" : 401761,
          "max" : 638464,
          "mean" : 452881.776367,
          "stddev" : 27913.950389,
          "N" : 1024,
          "percentile" : {
            "1.000000" : 415744,
            "5.000000" : 419840,
            "10.000000" : 423936,
            "20.000000" : 432128,
            "30.000000" : 440320,
            "40.000000" : 444416,
            "50.000000" : 448512,
            "60.000000" : 452608,
            "70.000000" : 460800,
            "80.000000" : 468992,
            "90.000000" : 485376,
            "95.000000" : 497664,
            "99.000000" : 561152,
            "99.500000" : 593920,
            "99.900000" : 634880,
            "99.950000" : 634880,
            "99.990000" : 634880
          },
          "bins" : {
            "403456" : 2,
            "407552" : 1,
            "411648" : 5,
            "415744" : 21,
            "419840" : 50,
            "423936" : 57,
            "428032" : 63,
            "432128" : 42,
            "436224" : 59,
            "440320" : 81,
            "444416" : 85,
            "448512" : 89,
            "452608" : 73,
            "456704" : 62,
            "460800" : 52,
            "464896" : 51,
            "468992" : 49,
            "473088" : 38,
            "477184" : 27,
            "481280" : 14,
            "485376" : 16,
            "489472" : 21,
            "493568" : 9,
            "497664" : 6,
            "501760" : 9,
            "505856" : 6,
            "509952" : 3,
            "514048" : 4,
            "518144" : 3,
            "522240" : 2,
            "528384" : 3,
            "536576" : 3,
            "544768" : 2,
            "552960" : 5,
            "561152" : 1,
            "569344" : 1,
            "577536" : 3,
            "593920" : 2,
            "602112" : 1,
            "618496" : 1,
            "634880" : 2
          }
        },
        "lat_ns" : {
          "min" : 413679,
          "max" : 650984,
          "mean" : 467231.500977,
          "stddev" : 28900.409020,
          "N" : 1024
        },
        "bw_min" : 2097152,
        "bw_max" : 2097152,
        "bw_agg" : 96.400000,
        "bw_mean" : 2097152.000000,
        "bw_dev" : 0.000000,
        "bw_samples" : 1,
        "iops_min" : 2048,
        "iops_max" : 2048,
        "iops_mean" : 2048.000000,
        "iops_stddev" : 0.000000,
        "iops_samples" : 1
      },
      "trim" : {
        "io_bytes" : 0,
        "io_kbytes" : 0,
        "bw_bytes" : 0,
        "bw" : 0,
        "iops" : 0.000000,
        "runtime" : 0,
        "total_ios" : 0,
        "short_ios" : 0,
        "drop_ios" : 0,
        "slat_ns" : {
          "min" : 0,
          "max" : 0,
          "mean" : 0.000000,
          "stddev" : 0.000000,
          "N" : 0
        },
        "clat_ns" : {
          "min" : 0,
          "max" : 0,
          "mean" : 0.000000,
          "stddev" : 0.000000,
          "N" : 0
        },
        "lat_ns" : {
          "min" : 0,
          "max" : 0,
          "mean" : 0.000000,
          "stddev" : 0.000000,
          "N" : 0
        },
        "bw_min" : 0,
        "bw_max" : 0,
        "bw_agg" : 0.000000,
        "bw_mean" : 0.000000,
        "bw_dev" : 0.000000,
        "bw_samples" : 0,
        "iops_min" : 0,
        "iops_max" : 0,
        "iops_mean" : 0.000000,
        "iops_stddev" : 0.000000,
        "iops_samples" : 0
      },
      "sync" : {
        "total_ios" : 0,
        "lat_ns" : {
          "min" : 0,
          "max" : 0,
          "mean" : 0.000000,
          "stddev" : 0.000000,
          "N" : 0
        }
      },
      "job_runtime" : 481,
      "usr_cpu" : 3.534304,
      "sys_cpu" : 95.841996,
      "ctx" : 3,
      "majf" : 0,
      "minf" : 6,
      "iodepth_level" : {
        "1" : 100.000000,
        "2" : 0.000000,
        "4" : 0.000000,
        "8" : 0.000000,
        "16" : 0.000000,
        "32" : 0.000000,
        ">=64" : 0.000000
      },
      "iodepth_submit" : {
        "0" : 0.000000,
        "4" : 100.000000,
        "8" : 0.000000,
        "16" : 0.000000,
        "32" : 0.000000,
        "64" : 0.000000,
        ">=64" : 0.000000
      },
      "iodepth_complete" : {
        "0" : 0.000000,
        "4" : 100.000000,
        "8" : 0.000000,
        "16" : 0.000000,
        "32" : 0.000000,
        "64" : 0.000000,
        ">=64" : 0.000000
      },
      "latency_ns" : {
        "2" : 0.000000,
        "4" : 0.000000,
        "10" : 0.000000,
        "20" : 0.000000,
        "50" : 0.000000,
        "100" : 0.000000,
        "250" : 0.000000,
        "500" : 0.000000,
        "750" : 0.000000,
        "1000" : 0.000000
      },
      "latency_us" : {
        "2" : 0.000000,
        "4" : 0.000000,
        "10" : 0.000000,
        "20" : 0.000000,
        "50" : 0.000000,
        "100" : 0.000000,
        "250" : 0.000000,
        "500" : 95.117188,
        "750" : 4.882812,
        "1000" : 0.000000
      },
      "latency_ms" : {
        "2" : 0.000000,
        "4" : 0.000000,
        "10" : 0.000000,
        "20" : 0.000000,
        "50" : 0.000000,
        "100" : 0.000000,
        "250" : 0.000000,
        "500" : 0.000000,
        "750" : 0.000000,
        "1000" : 0.000000,
        "2000" : 0.000000,
        ">=2000" : 0.000000
      },
      "latency_depth" : 16,
      "latency_target" : 0,
      "latency_percentile" : 100.000000,
      "latency_window" : 0
    }
  ]
}
