{
  "fio version" : "fio-3.39-38-gf18c",
  "timestamp" : 1744414677,
  "timestamp_ms" : 1744414677599,
  "time" : "Fri Apr 11 23:37:57 2025",
  "global options" : {
    "kb_base" : "1024",
    "runtime" : "600s"
  },
  "jobs" : [
    {
      "jobname" : "nfsv4-randwrite-17179869184-blk65536-iod4",
      "groupid" : 0,
      "job_start" : 1744414548711,
      "error" : 0,
      "eta" : 0,
      "elapsed" : 129,
      "job options" : {
        "stonewall" : "",
        "rw" : "randwrite",
        "size" : "17179869184",
        "bs" : "65536",
        "iodepth" : "4",
        "filename" : "/scratch/adam/fsbench/nfsv4/nfsv4-randwrite-17179869184-blk65536-iod4.bin"
      },
      "read" : {
        "io_bytes" : 0,
        "io_kbytes" : 0,
        "bw_bytes" : 0,
        "bw" : 0,
        "iops" : 0.000000,
        "runtime" : 0,
        "total_ios" : 0,
        "short_ios" : 0,
        "drop_ios" : 0,
        "slat_ns" : {
          "min" : 0,
          "max" : 0,
          "mean" : 0.000000,
          "stddev" : 0.000000,
          "N" : 0
        },
        "clat_ns" : {
          "min" : 0,
          "max" : 0,
          "mean" : 0.000000,
          "stddev" : 0.000000,
          "N" : 0
        },
        "lat_ns" : {
          "min" : 0,
          "max" : 0,
          "mean" : 0.000000,
          "stddev" : 0.000000,
          "N" : 0
        },
        "bw_min" : 0,
        "bw_max" : 0,
        "bw_agg" : 0.000000,
        "bw_mean" : 0.000000,
        "bw_dev" : 0.000000,
        "bw_samples" : 0,
        "iops_min" : 0,
        "iops_max" : 0,
        "iops_mean" : 0.000000,
        "iops_stddev" : 0.000000,
        "iops_samples" : 0
      },
      "write" : {
        "io_bytes" : 17179869184,
        "io_kbytes" : 16777216,
        "bw_bytes" : 179052092,
        "bw" : 174855,
        "iops" : 2732.118104,
        "runtime" : 95949,
        "total_ios" : 262144,
        "short_ios" : 0,
        "drop_ios" : 0,
        "slat_ns" : {
          "min" : 0,
          "max" : 0,
          "mean" : 0.000000,
          "stddev" : 0.000000,
          "N" : 0
        },
        "clat_ns" : {
          "min" : 21909,
          "max" : 33681643,
          "mean" : 364944.838974,
          "stddev" : 1904810.985860,
          "N" : 262144,
          "percentile" : {
            "1.000000" : 24960,
            "5.000000" : 25472,
            "10.000000" : 26240,
            "20.000000" : 27264,
            "30.000000" : 28288,
            "40.000000" : 29568,
            "50.000000" : 31616,
            "60.000000" : 35584,
            "70.000000" : 41728,
            "80.000000" : 45824,
            "90.000000" : 57088,
            "95.000000" : 74240,
            "99.000000" : 9371648,
            "99.500000" : 14876672,
            "99.900000" : 15925248,
            "99.950000" : 16580608,
            "99.990000" : 32636928
          },
          "bins" : {
            "21888" : 1,
            "22400" : 1,
            "22912" : 1,
            "23168" : 1,
            "23424" : 8,
            "23680" : 18,
            "23936" : 61,
            "24192" : 156,
            "24448" : 513,
            "24704" : 1425,
            "24960" : 2720,
            "25216" : 4182,
            "25472" : 5277,
            "25728" : 5841,
            "25984" : 5619,
            "26240" : 5691,
            "26496" : 5273,
            "26752" : 5503,
            "27008" : 5897,
            "27264" : 6270,
            "27520" : 6628,
            "27776" : 6822,
            "28032" : 6906,
            "28288" : 6329,
            "28544" : 5712,
            "28800" : 5341,
            "29056" : 4803,
            "29312" : 4549,
            "29568" : 4352,
            "29824" : 4230,
            "30080" : 4047,
            "30336" : 3823,
            "30592" : 3484,
            "30848" : 3373,
            "31104" : 2966,
            "31360" : 2553,
            "31616" : 2306,
            "31872" : 2066,
            "32128" : 1841,
            "32384" : 1631,
            "32640" : 1626,
            "33024" : 3025,
            "33536" : 3025,
            "34048" : 3108,
            "34560" : 2908,
            "35072" : 2900,
            "35584" : 2753,
            "36096" : 2513,
            "36608" : 2303,
            "37120" : 2161,
            "37632" : 1929,
            "38144" : 1782,
            "38656" : 1593,
            "39168" : 1616,
            "39680" : 1883,
            "40192" : 2424,
            "40704" : 3300,
            "41216" : 3787,
            "41728" : 4207,
            "42240" : 3876,
            "42752" : 3655,
            "43264" : 3384,
            "43776" : 3208,
            "44288" : 2867,
            "44800" : 2614,
            "45312" : 2299,
            "45824" : 2233,
            "46336" : 2093,
            "46848" : 1894,
            "47360" : 1801,
            "47872" : 1617,
            "48384" : 1427,
            "48896" : 1273,
            "49408" : 1341,
            "49920" : 1158,
            "50432" : 1108,
            "50944" : 1144,
            "51456" : 1083,
            "51968" : 987,
            "52480" : 1022,
            "52992" : 858,
            "53504" : 840,
            "54016" : 834,
            "54528" : 832,
            "55040" : 797,
            "55552" : 794,
            "56064" : 808,
            "56576" : 757,
            "57088" : 759,
            "57600" : 661,
            "58112" : 680,
            "58624" : 601,
            "59136" : 609,
            "59648" : 545,
            "60160" : 522,
            "60672" : 510,
            "61184" : 513,
            "61696" : 502,
            "62208" : 448,
            "62720" : 420,
            "63232" : 450,
            "63744" : 417,
            "64256" : 424,
            "64768" : 350,
            "65280" : 381,
            "66048" : 741,
            "67072" : 645,
            "68096" : 606,
            "69120" : 575,
            "70144" : 544,
            "71168" : 488,
            "72192" : 455,
            "73216" : 395,
            "74240" : 408,
            "75264" : 318,
            "76288" : 315,
            "77312" : 316,
            "78336" : 246,
            "79360" : 243,
            "80384" : 239,
            "81408" : 216,
            "82432" : 204,
            "83456" : 193,
            "84480" : 166,
            "85504" : 156,
            "86528" : 135,
            "87552" : 127,
            "88576" : 88,
            "89600" : 94,
            "90624" : 80,
            "91648" : 91,
            "92672" : 71,
            "93696" : 81,
            "94720" : 72,
            "95744" : 57,
            "96768" : 55,
            "97792" : 44,
            "98816" : 40,
            "99840" : 41,
            "100864" : 56,
            "101888" : 31,
            "102912" : 34,
            "103936" : 36,
            "104960" : 34,
            "105984" : 21,
            "107008" : 22,
            "108032" : 26,
            "109056" : 27,
            "110080" : 17,
            "111104" : 15,
            "112128" : 17,
            "113152" : 17,
            "114176" : 16,
            "115200" : 17,
            "116224" : 14,
            "117248" : 5,
            "118272" : 11,
            "119296" : 7,
            "120320" : 8,
            "121344" : 9,
            "122368" : 9,
            "123392" : 12,
            "124416" : 5,
            "125440" : 9,
            "126464" : 8,
            "127488" : 12,
            "128512" : 4,
            "129536" : 4,
            "130560" : 8,
            "132096" : 13,
            "134144" : 15,
            "136192" : 10,
            "138240" : 6,
            "140288" : 8,
            "142336" : 8,
            "144384" : 3,
            "146432" : 8,
            "148480" : 4,
            "150528" : 4,
            "152576" : 5,
            "154624" : 3,
            "156672" : 8,
            "158720" : 5,
            "160768" : 1,
            "162816" : 7,
            "164864" : 2,
            "166912" : 2,