{
  "fio version" : "fio-3.39-38-gf18c",
  "timestamp" : 1744242939,
  "timestamp_ms" : 1744242939145,
  "time" : "Wed Apr  9 23:55:39 2025",
  "global options" : {
    "kb_base" : "1024",
    "runtime" : "600"
  },
  "jobs" : [
    {
      "jobname" : "nfsv3-randwrite-67108864-blk4096-iod16",
      "groupid" : 0,
      "job_start" : 1744242938756,
      "error" : 0,
      "eta" : 2147483647,
      "elapsed" : 1,
      "job options" : {
        "stonewall" : "",
        "rw" : "randwrite",
        "size" : "67108864",
        "bs" : "4096",
        "iodepth" : "16",
        "filename" : "/nfsv3/scratch/adam/fsbench/nfsv3/nfsv3-randwrite-67108864-blk4096-iod16.bin"
      },
      "read" : {
        "io_bytes" : 0,
        "io_kbytes" : 0,
        "bw_bytes" : 0,
        "bw" : 0,
        "iops" : 0.000000,
        "runtime" : 0,
        "total_ios" : 0,
        "short_ios" : 0,
        "drop_ios" : 0,
        "slat_ns" : {
          "min" : 0,
          "max" : 0,
          "mean" : 0.000000,
          "stddev" : 0.000000,
          "N" : 0
        },
        "clat_ns" : {
          "min" : 0,
          "max" : 0,
          "mean" : 0.000000,
          "stddev" : 0.000000,
          "N" : 0
        },
        "lat_ns" : {
          "min" : 0,
          "max" : 0,
          "mean" : 0.000000,
          "stddev" : 0.000000,
          "N" : 0
        },
        "bw_min" : 0,
        "bw_max" : 0,
        "bw_agg" : 0.000000,
        "bw_mean" : 0.000000,
        "bw_dev" : 0.000000,
        "bw_samples" : 0,
        "iops_min" : 0,
        "iops_max" : 0,
        "iops_mean" : 0.000000,
        "iops_stddev" : 0.000000,
        "iops_samples" : 0
      },
      "write" : {
        "io_bytes" : 67108864,
        "io_kbytes" : 65536,
        "bw_bytes" : 1242756740,
        "bw" : 1213629,
        "iops" : 303407.407407,
        "runtime" : 54,
        "total_ios" : 16384,
        "short_ios" : 0,
        "drop_ios" : 0,
        "slat_ns" : {
          "min" : 0,
          "max" : 0,
          "mean" : 0.000000,
          "stddev" : 0.000000,
          "N" : 0
        },
        "clat_ns" : {
          "min" : 1879,
          "max" : 134021,
          "mean" : 2792.228821,
          "stddev" : 1803.682581,
          "N" : 16384,
          "percentile" : {
            "1.000000" : 2024,
            "5.000000" : 2160,
            "10.000000" : 2288,
            "20.000000" : 2384,
            "30.000000" : 2416,
            "40.000000" : 2480,
            "50.000000" : 2512,
            "60.000000" : 2576,
            "70.000000" : 2640,
            "80.000000" : 2768,
            "90.000000" : 3312,
            "95.000000" : 3696,
            "99.000000" : 8768,
            "99.500000" : 9664,
            "99.900000" : 17024,
            "99.950000" : 20352,
            "99.990000" : 83456
          },
          "bins" : {
            "1880" : 4,
            "1896" : 9,
            "1912" : 5,
            "1928" : 8,
            "1944" : 6,
            "1960" : 11,
            "1976" : 31,
            "1992" : 37,
            "2008" : 39,
            "2024" : 36,
            "2040" : 50,
            "2064" : 176,
            "2096" : 137,
            "2128" : 137,
            "2160" : 170,
            "2192" : 166,
            "2224" : 224,
            "2256" : 287,
            "2288" : 392,
            "2320" : 518,
            "2352" : 730,
            "2384" : 971,
            "2416" : 1087,
            "2448" : 1111,
            "2480" : 1258,
            "2512" : 1103,
            "2544" : 1004,
            "2576" : 845,
            "2608" : 668,
            "2640" : 583,
            "2672" : 453,
            "2704" : 372,
            "2736" : 300,
            "2768" : 225,
            "2800" : 206,
            "2832" : 170,
            "2864" : 120,
            "2896" : 132,
            "2928" : 88,
            "2960" : 91,
            "2992" : 65,
            "3024" : 59,
            "3056" : 65,
            "3088" : 62,
            "3120" : 60,
            "3152" : 72,
            "3184" : 67,
            "3216" : 86,
            "3248" : 103,
            "3280" : 116,
            "3312" : 108,
            "3344" : 124,
            "3376" : 100,
            "3408" : 93,
            "3440" : 86,
            "3472" : 53,
            "3504" : 69,
            "3536" : 51,
            "3568" : 44,
            "3600" : 34,
            "3632" : 24,
            "3664" : 40,
            "3696" : 28,
            "3728" : 23,
            "3760" : 20,
            "3792" : 20,
            "3824" : 15,
            "3856" : 18,
            "3888" : 15,
            "3920" : 12,
            "3952" : 10,
            "3984" : 15,
            "4016" : 9,
            "4048" : 5,
            "4080" : 11,
            "4128" : 17,
            "4192" : 25,
            "4256" : 19,
            "4320" : 25,
            "4384" : 19,
            "4448" : 22,
            "4512" : 23,
            "4576" : 10,
            "4640" : 14,
            "4704" : 10,
            "4768" : 7,
            "4832" : 7,
            "4896" : 3,
            "4960" : 2,
            "5024" : 5,
            "5088" : 3,
            "5152" : 1,
            "5216" : 6,
            "5280" : 2,
            "5344" : 6,
            "5408" : 2,
            "5472" : 1,
            "5536" : 2,
            "5600" : 2,
            "5664" : 1,
            "5728" : 2,
            "5792" : 3,
            "5856" : 1,
            "5984" : 2,
            "6048" : 2,
            "6112" : 1,
            "6176" : 2,
            "6240" : 5,
            "6368" : 2,
            "6432" : 6,
            "6624" : 2,
            "6688" : 3,
            "6752" : 3,
            "6816" : 1,
            "6880" : 2,
            "6944" : 1,
            "7008" : 1,
            "7072" : 3,
            "7136" : 1,
            "7200" : 2,
            "7264" : 3,
            "7328" : 3,
            "7392" : 1,
            "7456" : 3,
            "7520" : 2,
            "7584" : 1,
            "7648" : 3,
            "7712" : 8,
            "7776" : 5,
            "7840" : 4,
            "7904" : 6,
            "7968" : 7,
            "8032" : 16,
            "8096" : 13,
            "8160" : 6,
            "8256" : 32,
            "8384" : 29,
            "8512" : 23,
            "8640" : 23,
            "8768" : 31,
            "8896" : 11,
            "9024" : 18,
            "9152" : 10,
            "9280" : 10,
            "9408" : 5,
            "9536" : 7,
            "9664" : 2,
            "9792" : 1,
            "9920" : 6,
            "10048" : 2,
            "10176" : 1,
            "10304" : 5,
            "10432" : 1,
            "10560" : 3,
            "10688" : 2,
            "10816" : 2,
            "10944" : 4,
            "11200" : 2,
            "11328" : 5,
            "11456" : 2,
            "11712" : 2,
            "11840" : 2,
            "12224" : 2,
            "12352" : 2,
            "12480" : 2,
            "12608" : 1,
            "13760" : 3,
            "13888" : 2,
            "14016" : 2,
            "14272" : 1,
            "14784" : 1,
            "14912" : 3,
            "15296" : 1,
            "15424" : 1,
            "15808" : 1,
            "16512" : 1,
            "17024" : 3,
            "18048" : 1,
            "18304" : 1,
            "18560" : 2,
            "18816" : 2,
            "20352" : 1,
            "21632" : 1,
            "23424" : 1,
            "33536" : 1,
            "35072" : 1,
            "51456" : 1,
            "62720" : 1,
            "83456" : 1,
            "134144" : 1
          }
        },
        "lat_ns" : {
          "min" : 1919,
          "max" : 134060,
          "mean" : 2836.358276,
          "stddev" : 1807.270482,
          "N" : 16384
        },
        "bw_min" : 0,
        "bw_max" : 0,
        "bw_agg" : 0.000000,
        "bw_mean" : 0.000000,
        "bw_dev" : 0.000000,
        "bw_samples" : 0,
        "iops_min" : 0,
        "iops_max" : 0,