{
  "fio version" : "fio-3.39-38-gf18c",
  "timestamp" : 1744238146,
  "timestamp_ms" : 1744238146367,
  "time" : "Wed Apr  9 22:35:46 2025",
  "global options" : {
    "kb_base" : "1024",
    "runtime" : "600"
  },
  "jobs" : [
    {
      "jobname" : "nfsv4-write-262144-blk256-iod4",
      "groupid" : 0,
      "job_start" : 1744238146228,
      "error" : 0,
      "eta" : 2147483647,
      "elapsed" : 1,
      "job options" : {
        "stonewall" : "",
        "rw" : "write",
        "size" : "262144",
        "bs" : "256",
        "iodepth" : "4",
        "filename" : "/scratch/adam/fsbench/nfsv4/nfsv4-write-262144-blk256-iod4.bin"
      },
      "read" : {
        "io_bytes" : 0,
        "io_kbytes" : 0,
        "bw_bytes" : 0,
        "bw" : 0,
        "iops" : 0.000000,
        "runtime" : 0,
        "total_ios" : 0,
        "short_ios" : 0,
        "drop_ios" : 0,
        "slat_ns" : {
          "min" : 0,
          "max" : 0,
          "mean" : 0.000000,
          "stddev" : 0.000000,
          "N" : 0
        },
        "clat_ns" : {
          "min" : 0,
          "max" : 0,
          "mean" : 0.000000,
          "stddev" : 0.000000,
          "N" : 0
        },
        "lat_ns" : {
          "min" : 0,
          "max" : 0,
          "mean" : 0.000000,
          "stddev" : 0.000000,
          "N" : 0
        },
        "bw_min" : 0,
        "bw_max" : 0,
        "bw_agg" : 0.000000,
        "bw_mean" : 0.000000,
        "bw_dev" : 0.000000,
        "bw_samples" : 0,
        "iops_min" : 0,
        "iops_max" : 0,
        "iops_mean" : 0.000000,
        "iops_stddev" : 0.000000,
        "iops_samples" : 0
      },
      "write" : {
        "io_bytes" : 262144,
        "io_kbytes" : 256,
        "bw_bytes" : 87381333,
        "bw" : 85333,
        "iops" : 341333.333333,
        "runtime" : 3,
        "total_ios" : 1024,
        "short_ios" : 0,
        "drop_ios" : 0,
        "slat_ns" : {
          "min" : 0,
          "max" : 0,
          "mean" : 0.000000,
          "stddev" : 0.000000,
          "N" : 0
        },
        "clat_ns" : {
          "min" : 732,
          "max" : 22897,
          "mean" : 922.327148,
          "stddev" : 971.888216,
          "N" : 1024,
          "percentile" : {
            "1.000000" : 740,
            "5.000000" : 740,
            "10.000000" : 740,
            "20.000000" : 748,
            "30.000000" : 748,
            "40.000000" : 756,
            "50.000000" : 796,
            "60.000000" : 796,
            "70.000000" : 804,
            "80.000000" : 836,
            "90.000000" : 868,
            "95.000000" : 1912,
            "99.000000" : 2544,
            "99.500000" : 3824,
            "99.900000" : 17024,
            "99.950000" : 22912,
            "99.990000" : 22912
          },
          "bins" : {
            "732" : 10,
            "740" : 189,
            "748" : 190,
            "756" : 50,
            "764" : 21,
            "772" : 11,
            "780" : 4,
            "788" : 14,
            "796" : 148,
            "804" : 107,
            "812" : 49,
            "820" : 6,
            "828" : 10,
            "836" : 19,
            "844" : 8,
            "852" : 11,
            "860" : 59,
            "868" : 27,
            "876" : 11,
            "884" : 3,
            "908" : 2,
            "948" : 1,
            "972" : 1,
            "1080" : 1,
            "1112" : 2,
            "1176" : 1,
            "1208" : 1,
            "1480" : 1,
            "1608" : 1,
            "1768" : 2,
            "1784" : 1,
            "1800" : 3,
            "1848" : 1,
            "1864" : 3,
            "1880" : 2,
            "1896" : 2,
            "1912" : 4,
            "1928" : 1,
            "1944" : 1,
            "1992" : 1,
            "2008" : 2,
            "2024" : 4,
            "2040" : 1,
            "2064" : 4,
            "2096" : 1,
            "2160" : 6,
            "2192" : 4,
            "2224" : 1,
            "2256" : 1,
            "2288" : 2,
            "2320" : 2,
            "2384" : 2,
            "2416" : 1,
            "2448" : 2,
            "2480" : 1,
            "2544" : 1,
            "2768" : 1,
            "2832" : 1,
            "3088" : 1,
            "3120" : 1,
            "3824" : 1,
            "4128" : 1,
            "7136" : 1,
            "8384" : 1,
            "17024" : 1,
            "22912" : 1
          }
        },
        "lat_ns" : {
          "min" : 761,
          "max" : 23797,
          "mean" : 952.784180,
          "stddev" : 991.479068,
          "N" : 1024
        },
        "bw_min" : 0,
        "bw_max" : 0,
        "bw_agg" : 0.000000,
        "bw_mean" : 0.000000,
        "bw_dev" : 0.000000,
        "bw_samples" : 0,
        "iops_min" : 0,
        "iops_max" : 0,
        "iops_mean" : 0.000000,
        "iops_stddev" : 0.000000,
        "iops_samples" : 0
      },
      "trim" : {
        "io_bytes" : 0,
        "io_kbytes" : 0,
        "bw_bytes" : 0,
        "bw" : 0,
        "iops" : 0.000000,
        "runtime" : 0,
        "total_ios" : 0,
        "short_ios" : 0,
        "drop_ios" : 0,
        "slat_ns" : {
          "min" : 0,
          "max" : 0,
          "mean" : 0.000000,
          "stddev" : 0.000000,
          "N" : 0
        },
        "clat_ns" : {
          "min" : 0,
          "max" : 0,
          "mean" : 0.000000,
          "stddev" : 0.000000,
          "N" : 0
        },
        "lat_ns" : {
          "min" : 0,
          "max" : 0,
          "mean" : 0.000000,
          "stddev" : 0.000000,
          "N" : 0
        },
        "bw_min" : 0,
        "bw_max" : 0,
        "bw_agg" : 0.000000,
        "bw_mean" : 0.000000,
        "bw_dev" : 0.000000,
        "bw_samples" : 0,
        "iops_min" : 0,
        "iops_max" : 0,
        "iops_mean" : 0.000000,
        "iops_stddev" : 0.000000,
        "iops_samples" : 0
      },
      "sync" : {
        "total_ios" : 0,
        "lat_ns" : {
          "min" : 0,
          "max" : 0,
          "mean" : 0.000000,
          "stddev" : 0.000000,
          "N" : 0
        }
      },
      "job_runtime" : 2,
      "usr_cpu" : 0.000000,
      "sys_cpu" : 0.000000,
      "ctx" : 1,
      "majf" : 0,
      "minf" : 6,
      "iodepth_level" : {
        "1" : 100.000000,
        "2" : 0.000000,
        "4" : 0.000000,
        "8" : 0.000000,
        "16" : 0.000000,
        "32" : 0.000000,
        ">=64" : 0.000000
      },
      "iodepth_submit" : {
        "0" : 0.000000,
        "4" : 100.000000,
        "8" : 0.000000,
        "16" : 0.000000,
        "32" : 0.000000,
        "64" : 0.000000,
        ">=64" : 0.000000
      },
      "iodepth_complete" : {
        "0" : 0.000000,
        "4" : 100.000000,
        "8" : 0.000000,
        "16" : 0.000000,
        "32" : 0.000000,
        "64" : 0.000000,
        ">=64" : 0.000000
      },
      "latency_ns" : {
        "2" : 0.000000,
        "4" : 0.000000,
        "10" : 0.000000,
        "20" : 0.000000,
        "50" : 0.000000,
        "100" : 0.000000,
        "250" : 0.000000,
        "500" : 0.000000,
        "750" : 35.058594,
        "1000" : 57.812500
      },
      "latency_us" : {
        "2" : 2.734375,
        "4" : 3.906250,
        "10" : 0.292969,
        "20" : 0.097656,
        "50" : 0.097656,
        "100" : 0.000000,
        "250" : 0.000000,
        "500" : 0.000000,
        "750" : 0.000000,
        "1000" : 0.000000
      },
      "latency_ms" : {
        "2" : 0.000000,
        "4" : 0.000000,
        "10" : 0.000000,
        "20" : 0.000000,
        "50" : 0.000000,
        "100" : 0.000000,
        "250" : 0.000000,
        "500" : 0.000000,
        "750" : 0.000000,
        "1000" : 0.000000,
        "2000" : 0.000000,
        ">=2000" : 0.000000
      },
      "latency_depth" : 4,
      "latency_target" : 0,
      "latency_percentile" : 100.000000,
      "latency_window" : 0
    }
  ]
}
