{
  "fio version" : "fio-3.39-38-gf18c",
  "timestamp" : 1744238162,
  "timestamp_ms" : 1744238162381,
  "time" : "Wed Apr  9 22:36:02 2025",
  "global options" : {
    "kb_base" : "1024",
    "runtime" : "600"
  },
  "jobs" : [
    {
      "jobname" : "nfsv3-write-4194304-blk4096-iod4",
      "groupid" : 0,
      "job_start" : 1744238162241,
      "error" : 0,
      "eta" : 2147483647,
      "elapsed" : 1,
      "job options" : {
        "stonewall" : "",
        "rw" : "write",
        "size" : "4194304",
        "bs" : "4096",
        "iodepth" : "4",
        "filename" : "/nfsv3/scratch/adam/fsbench/nfsv3/nfsv3-write-4194304-blk4096-iod4.bin"
      },
      "read" : {
        "io_bytes" : 0,
        "io_kbytes" : 0,
        "bw_bytes" : 0,
        "bw" : 0,
        "iops" : 0.000000,
        "runtime" : 0,
        "total_ios" : 0,
        "short_ios" : 0,
        "drop_ios" : 0,
        "slat_ns" : {
          "min" : 0,
          "max" : 0,
          "mean" : 0.000000,
          "stddev" : 0.000000,
          "N" : 0
        },
        "clat_ns" : {
          "min" : 0,
          "max" : 0,
          "mean" : 0.000000,
          "stddev" : 0.000000,
          "N" : 0
        },
        "lat_ns" : {
          "min" : 0,
          "max" : 0,
          "mean" : 0.000000,
          "stddev" : 0.000000,
          "N" : 0
        },
        "bw_min" : 0,
        "bw_max" : 0,
        "bw_agg" : 0.000000,
        "bw_mean" : 0.000000,
        "bw_dev" : 0.000000,
        "bw_samples" : 0,
        "iops_min" : 0,
        "iops_max" : 0,
        "iops_mean" : 0.000000,
        "iops_stddev" : 0.000000,
        "iops_samples" : 0
      },
      "write" : {
        "io_bytes" : 4194304,
        "io_kbytes" : 4096,
        "bw_bytes" : 699050666,
        "bw" : 682666,
        "iops" : 170666.666667,
        "runtime" : 6,
        "total_ios" : 1024,
        "short_ios" : 0,
        "drop_ios" : 0,
        "slat_ns" : {
          "min" : 0,
          "max" : 0,
          "mean" : 0.000000,
          "stddev" : 0.000000,
          "N" : 0
        },
        "clat_ns" : {
          "min" : 1892,
          "max" : 27110,
          "mean" : 3175.244141,
          "stddev" : 1788.130903,
          "N" : 1024,
          "percentile" : {
            "1.000000" : 1960,
            "5.000000" : 2064,
            "10.000000" : 2192,
            "20.000000" : 2544,
            "30.000000" : 2768,
            "40.000000" : 2832,
            "50.000000" : 2928,
            "60.000000" : 2992,
            "70.000000" : 3120,
            "80.000000" : 3248,
            "90.000000" : 3760,
            "95.000000" : 4448,
            "99.000000" : 10432,
            "99.500000" : 16320,
            "99.900000" : 22656,
            "99.950000" : 27008,
            "99.990000" : 27008
          },
          "bins" : {
            "1896" : 2,
            "1912" : 1,
            "1928" : 2,
            "1944" : 4,
            "1960" : 4,
            "1976" : 4,
            "1992" : 6,
            "2008" : 1,
            "2024" : 6,
            "2040" : 9,
            "2064" : 18,
            "2096" : 10,
            "2128" : 17,
            "2160" : 15,
            "2192" : 14,
            "2224" : 17,
            "2256" : 9,
            "2288" : 13,
            "2320" : 8,
            "2352" : 8,
            "2384" : 12,
            "2416" : 7,
            "2448" : 8,
            "2480" : 1,
            "2512" : 3,
            "2544" : 9,
            "2576" : 3,
            "2608" : 9,
            "2640" : 13,
            "2672" : 14,
            "2704" : 27,
            "2736" : 25,
            "2768" : 37,
            "2800" : 39,
            "2832" : 42,
            "2864" : 41,
            "2896" : 34,
            "2928" : 42,
            "2960" : 40,
            "2992" : 45,
            "3024" : 43,
            "3056" : 29,
            "3088" : 25,
            "3120" : 35,
            "3152" : 25,
            "3184" : 23,
            "3216" : 20,
            "3248" : 17,
            "3280" : 10,
            "3312" : 9,
            "3344" : 8,
            "3376" : 8,
            "3408" : 6,
            "3440" : 11,
            "3472" : 4,
            "3504" : 3,
            "3536" : 3,
            "3568" : 3,
            "3600" : 4,
            "3632" : 4,
            "3664" : 2,
            "3696" : 6,
            "3728" : 2,
            "3760" : 4,
            "3824" : 1,
            "3856" : 1,
            "3888" : 4,
            "3920" : 3,
            "3952" : 1,
            "3984" : 3,
            "4016" : 3,
            "4080" : 2,
            "4128" : 2,
            "4192" : 10,
            "4256" : 5,
            "4320" : 7,
            "4384" : 6,
            "4448" : 3,
            "4512" : 4,
            "4576" : 3,
            "4640" : 1,
            "4704" : 2,
            "4768" : 2,
            "4832" : 4,
            "4896" : 1,
            "4960" : 1,
            "5024" : 2,
            "5088" : 1,
            "5152" : 1,
            "5280" : 1,
            "6304" : 1,
            "6368" : 1,
            "8384" : 1,
            "8896" : 1,
            "9024" : 1,
            "9152" : 1,
            "9408" : 1,
            "9536" : 1,
            "9664" : 1,
            "9792" : 2,
            "10048" : 1,
            "10176" : 3,
            "10304" : 1,
            "10432" : 2,
            "10560" : 2,
            "10816" : 1,
            "16320" : 2,
            "21888" : 1,
            "22400" : 1,
            "22656" : 1,
            "27008" : 1
          }
        },
        "lat_ns" : {
          "min" : 1931,
          "max" : 29209,
          "mean" : 3255.610352,
          "stddev" : 1874.448755,
          "N" : 1024
        },
        "bw_min" : 0,
        "bw_max" : 0,
        "bw_agg" : 0.000000,
        "bw_mean" : 0.000000,
        "bw_dev" : 0.000000,
        "bw_samples" : 0,
        "iops_min" : 0,
        "iops_max" : 0,
        "iops_mean" : 0.000000,
        "iops_stddev" : 0.000000,
        "iops_samples" : 0
      },
      "trim" : {
        "io_bytes" : 0,
        "io_kbytes" : 0,
        "bw_bytes" : 0,
        "bw" : 0,
        "iops" : 0.000000,
        "runtime" : 0,
        "total_ios" : 0,
        "short_ios" : 0,
        "drop_ios" : 0,
        "slat_ns" : {
          "min" : 0,
          "max" : 0,
          "mean" : 0.000000,
          "stddev" : 0.000000,
          "N" : 0
        },
        "clat_ns" : {
          "min" : 0,
          "max" : 0,
          "mean" : 0.000000,
          "stddev" : 0.000000,
          "N" : 0
        },
        "lat_ns" : {
          "min" : 0,
          "max" : 0,
          "mean" : 0.000000,
          "stddev" : 0.000000,
          "N" : 0
        },
        "bw_min" : 0,
        "bw_max" : 0,
        "bw_agg" : 0.000000,
        "bw_mean" : 0.000000,
        "bw_dev" : 0.000000,
        "bw_samples" : 0,
        "iops_min" : 0,
        "iops_max" : 0,
        "iops_mean" : 0.000000,
        "iops_stddev" : 0.000000,
        "iops_samples" : 0
      },
      "sync" : {
        "total_ios" : 0,
        "lat_ns" : {
          "min" : 0,
          "max" : 0,
          "mean" : 0.000000,
          "stddev" : 0.000000,
          "N" : 0
        }
      },
      "job_runtime" : 5,
      "usr_cpu" : 0.000000,
      "sys_cpu" : 40.000000,
      "ctx" : 2,
      "majf" : 0,
      "minf" : 6,
      "iodepth_level" : {
        "1" : 100.000000,
        "2" : 0.000000,
        "4" : 0.000000,
        "8" : 0.000000,
        "16" : 0.000000,
        "32" : 0.000000,
        ">=64" : 0.000000
      },
      "iodepth_submit" : {
        "0" : 0.000000,
        "4" : 100.000000,
        "8" : 0.000000,
        "16" : 0.000000,
        "32" : 0.000000,
        "64" : 0.000000,
        ">=64" : 0.000000
      },
      "iodepth_complete" : {
        "0" : 0.000000,
        "4" : 100.000000,
        "8" : 0.000000,
        "16" : 0.000000,
        "32" : 0.000000,
        "64" : 0.000000,