{
  "fio version" : "fio-3.39-38-gf18c",
  "timestamp" : 1744242938,
  "timestamp_ms" : 1744242938452,
  "time" : "Wed Apr  9 23:55:38 2025",
  "global options" : {
    "kb_base" : "1024",
    "runtime" : "600"
  },
  "jobs" : [
    {
      "jobname" : "nfsv4-randwrite-67108864-blk4096-iod16",
      "groupid" : 0,
      "job_start" : 1744242938065,
      "error" : 0,
      "eta" : 2147483647,
      "elapsed" : 1,
      "job options" : {
        "stonewall" : "",
        "rw" : "randwrite",
        "size" : "67108864",
        "bs" : "4096",
        "iodepth" : "16",
        "filename" : "/scratch/adam/fsbench/nfsv4/nfsv4-randwrite-67108864-blk4096-iod16.bin"
      },
      "read" : {
        "io_bytes" : 0,
        "io_kbytes" : 0,
        "bw_bytes" : 0,
        "bw" : 0,
        "iops" : 0.000000,
        "runtime" : 0,
        "total_ios" : 0,
        "short_ios" : 0,
        "drop_ios" : 0,
        "slat_ns" : {
          "min" : 0,
          "max" : 0,
          "mean" : 0.000000,
          "stddev" : 0.000000,
          "N" : 0
        },
        "clat_ns" : {
          "min" : 0,
          "max" : 0,
          "mean" : 0.000000,
          "stddev" : 0.000000,
          "N" : 0
        },
        "lat_ns" : {
          "min" : 0,
          "max" : 0,
          "mean" : 0.000000,
          "stddev" : 0.000000,
          "N" : 0
        },
        "bw_min" : 0,
        "bw_max" : 0,
        "bw_agg" : 0.000000,
        "bw_mean" : 0.000000,
        "bw_dev" : 0.000000,
        "bw_samples" : 0,
        "iops_min" : 0,
        "iops_max" : 0,
        "iops_mean" : 0.000000,
        "iops_stddev" : 0.000000,
        "iops_samples" : 0
      },
      "write" : {
        "io_bytes" : 67108864,
        "io_kbytes" : 65536,
        "bw_bytes" : 1427848170,
        "bw" : 1394382,
        "iops" : 348595.744681,
        "runtime" : 47,
        "total_ios" : 16384,
        "short_ios" : 0,
        "drop_ios" : 0,
        "slat_ns" : {
          "min" : 0,
          "max" : 0,
          "mean" : 0.000000,
          "stddev" : 0.000000,
          "N" : 0
        },
        "clat_ns" : {
          "min" : 1919,
          "max" : 28410,
          "mean" : 2425.988037,
          "stddev" : 968.736224,
          "N" : 16384,
          "percentile" : {
            "1.000000" : 1960,
            "5.000000" : 2024,
            "10.000000" : 2064,
            "20.000000" : 2096,
            "30.000000" : 2128,
            "40.000000" : 2192,
            "50.000000" : 2224,
            "60.000000" : 2256,
            "70.000000" : 2320,
            "80.000000" : 2448,
            "90.000000" : 2896,
            "95.000000" : 3120,
            "99.000000" : 8032,
            "99.500000" : 8640,
            "99.900000" : 12736,
            "99.950000" : 14912,
            "99.990000" : 21888
          },
          "bins" : {
            "1912" : 1,
            "1928" : 4,
            "1944" : 55,
            "1960" : 155,
            "1976" : 181,
            "1992" : 156,
            "2008" : 142,
            "2024" : 247,
            "2040" : 512,
            "2064" : 1046,
            "2096" : 974,
            "2128" : 1721,
            "2160" : 1267,
            "2192" : 1391,
            "2224" : 1350,
            "2256" : 930,
            "2288" : 1020,
            "2320" : 667,
            "2352" : 525,
            "2384" : 413,
            "2416" : 282,
            "2448" : 259,
            "2480" : 200,
            "2512" : 170,
            "2544" : 130,
            "2576" : 107,
            "2608" : 103,
            "2640" : 79,
            "2672" : 59,
            "2704" : 61,
            "2736" : 61,
            "2768" : 88,
            "2800" : 85,
            "2832" : 94,
            "2864" : 101,
            "2896" : 144,
            "2928" : 145,
            "2960" : 157,
            "2992" : 140,
            "3024" : 114,
            "3056" : 106,
            "3088" : 86,
            "3120" : 73,
            "3152" : 63,
            "3184" : 56,
            "3216" : 47,
            "3248" : 35,
            "3280" : 34,
            "3312" : 24,
            "3344" : 29,
            "3376" : 22,
            "3408" : 14,
            "3440" : 16,
            "3472" : 13,
            "3504" : 14,
            "3536" : 9,
            "3568" : 11,
            "3600" : 9,
            "3632" : 8,
            "3664" : 7,
            "3696" : 9,
            "3728" : 4,
            "3760" : 4,
            "3792" : 3,
            "3824" : 5,
            "3856" : 5,
            "3888" : 5,
            "3920" : 5,
            "3952" : 1,
            "3984" : 4,
            "4016" : 3,
            "4128" : 3,
            "4192" : 4,
            "4256" : 2,
            "4320" : 2,
            "4384" : 1,
            "4448" : 2,
            "4576" : 2,
            "4640" : 1,
            "4768" : 1,
            "4896" : 2,
            "5024" : 1,
            "5280" : 1,
            "5472" : 1,
            "5536" : 1,
            "5600" : 4,
            "5664" : 1,
            "5792" : 1,
            "5856" : 1,
            "5920" : 3,
            "5984" : 1,
            "6048" : 2,
            "6112" : 1,
            "6176" : 2,
            "6240" : 2,
            "6368" : 1,
            "6496" : 2,
            "6560" : 3,
            "6624" : 1,
            "6816" : 1,
            "7008" : 3,
            "7072" : 3,
            "7200" : 2,
            "7264" : 3,
            "7392" : 3,
            "7456" : 2,
            "7520" : 11,
            "7584" : 6,
            "7648" : 7,
            "7712" : 6,
            "7776" : 12,
            "7840" : 18,
            "7904" : 16,
            "7968" : 16,
            "8032" : 8,
            "8096" : 11,
            "8160" : 11,
            "8256" : 17,
            "8384" : 16,
            "8512" : 18,
            "8640" : 15,
            "8768" : 3,
            "8896" : 8,
            "9024" : 6,
            "9152" : 1,
            "9408" : 2,
            "9536" : 3,
            "9664" : 4,
            "9792" : 3,
            "9920" : 2,
            "10048" : 3,
            "10432" : 1,
            "10560" : 2,
            "10688" : 1,
            "10944" : 2,
            "11072" : 1,
            "11200" : 1,
            "11456" : 1,
            "11584" : 1,
            "11840" : 1,
            "11968" : 2,
            "12096" : 3,
            "12224" : 1,
            "12480" : 1,
            "12736" : 2,
            "13120" : 2,
            "14272" : 1,
            "14400" : 2,
            "14656" : 1,
            "14912" : 1,
            "15552" : 1,
            "15936" : 1,
            "17536" : 1,
            "17792" : 1,
            "19072" : 1,
            "20352" : 1,
            "21888" : 1,
            "28288" : 1
          }
        },
        "lat_ns" : {
          "min" : 1972,
          "max" : 29795,
          "mean" : 2481.427307,
          "stddev" : 976.860636,
          "N" : 16384
        },
        "bw_min" : 0,
        "bw_max" : 0,
        "bw_agg" : 0.000000,
        "bw_mean" : 0.000000,
        "bw_dev" : 0.000000,
        "bw_samples" : 0,
        "iops_min" : 0,
        "iops_max" : 0,
        "iops_mean" : 0.000000,
        "iops_stddev" : 0.000000,
        "iops_samples" : 0
      },
      "trim" : {
        "io_bytes" : 0,
        "io_kbytes" : 0,
        "bw_bytes" : 0,
        "bw" : 0,
        "iops" : 0.000000,
        "runtime" : 0,
        "total_ios" : 0,
        "short_ios" : 0,
        "drop_ios" : 0,
        "slat_ns" : {
          "min" : 0,
          "max" : 0,
          "mean" : 0.000000,
          "stddev" : 0.000000,
          "N" : 0
        },
        "clat_ns" : {
          "min" : 0,
          "max" : 0,
          "mean" : 0.000000,
          "stddev" : 0.000000,
          "N" : 0
        },
        "lat_ns" : {
          "min" : 0,
          "max" : 0,
          "mean" : 0.000000,
          "stddev" : 0.000000,
          "N" : 0
        },
        "bw_min" : 0,