{
  "fio version" : "fio-3.39-38-gf18c",
  "timestamp" : 1744242808,
  "timestamp_ms" : 1744242808255,
  "time" : "Wed Apr  9 23:53:28 2025",
  "global options" : {
    "kb_base" : "1024",
    "runtime" : "600"
  },
  "jobs" : [
    {
      "jobname" : "nfsv4-randwrite-4194304-blk4096-iod4",
      "groupid" : 0,
      "job_start" : 1744242808116,
      "error" : 0,
      "eta" : 2147483647,
      "elapsed" : 1,
      "job options" : {
        "stonewall" : "",
        "rw" : "randwrite",
        "size" : "4194304",
        "bs" : "4096",
        "iodepth" : "4",
        "filename" : "/scratch/adam/fsbench/nfsv4/nfsv4-randwrite-4194304-blk4096-iod4.bin"
      },
      "read" : {
        "io_bytes" : 0,
        "io_kbytes" : 0,
        "bw_bytes" : 0,
        "bw" : 0,
        "iops" : 0.000000,
        "runtime" : 0,
        "total_ios" : 0,
        "short_ios" : 0,
        "drop_ios" : 0,
        "slat_ns" : {
          "min" : 0,
          "max" : 0,
          "mean" : 0.000000,
          "stddev" : 0.000000,
          "N" : 0
        },
        "clat_ns" : {
          "min" : 0,
          "max" : 0,
          "mean" : 0.000000,
          "stddev" : 0.000000,
          "N" : 0
        },
        "lat_ns" : {
          "min" : 0,
          "max" : 0,
          "mean" : 0.000000,
          "stddev" : 0.000000,
          "N" : 0
        },
        "bw_min" : 0,
        "bw_max" : 0,
        "bw_agg" : 0.000000,
        "bw_mean" : 0.000000,
        "bw_dev" : 0.000000,
        "bw_samples" : 0,
        "iops_min" : 0,
        "iops_max" : 0,
        "iops_mean" : 0.000000,
        "iops_stddev" : 0.000000,
        "iops_samples" : 0
      },
      "write" : {
        "io_bytes" : 4194304,
        "io_kbytes" : 4096,
        "bw_bytes" : 838860800,
        "bw" : 819200,
        "iops" : 204800.000000,
        "runtime" : 5,
        "total_ios" : 1024,
        "short_ios" : 0,
        "drop_ios" : 0,
        "slat_ns" : {
          "min" : 0,
          "max" : 0,
          "mean" : 0.000000,
          "stddev" : 0.000000,
          "N" : 0
        },
        "clat_ns" : {
          "min" : 1860,
          "max" : 27753,
          "mean" : 2461.750977,
          "stddev" : 1504.755246,
          "N" : 1024,
          "percentile" : {
            "1.000000" : 1880,
            "5.000000" : 1944,
            "10.000000" : 1976,
            "20.000000" : 2040,
            "30.000000" : 2064,
            "40.000000" : 2096,
            "50.000000" : 2128,
            "60.000000" : 2192,
            "70.000000" : 2256,
            "80.000000" : 2448,
            "90.000000" : 2928,
            "95.000000" : 3280,
            "99.000000" : 8640,
            "99.500000" : 9408,
            "99.900000" : 23936,
            "99.950000" : 27776,
            "99.990000" : 27776
          },
          "bins" : {
            "1864" : 4,
            "1880" : 9,
            "1896" : 9,
            "1912" : 15,
            "1928" : 10,
            "1944" : 24,
            "1960" : 20,
            "1976" : 21,
            "1992" : 28,
            "2008" : 27,
            "2024" : 30,
            "2040" : 49,
            "2064" : 87,
            "2096" : 85,
            "2128" : 102,
            "2160" : 80,
            "2192" : 57,
            "2224" : 35,
            "2256" : 42,
            "2288" : 26,
            "2320" : 17,
            "2352" : 15,
            "2384" : 14,
            "2416" : 11,
            "2448" : 9,
            "2480" : 7,
            "2512" : 10,
            "2544" : 3,
            "2576" : 9,
            "2608" : 2,
            "2640" : 3,
            "2672" : 3,
            "2704" : 3,
            "2736" : 5,
            "2768" : 7,
            "2800" : 6,
            "2832" : 9,
            "2864" : 14,
            "2896" : 12,
            "2928" : 9,
            "2960" : 6,
            "2992" : 6,
            "3024" : 6,
            "3056" : 6,
            "3088" : 6,
            "3120" : 4,
            "3184" : 2,
            "3216" : 3,
            "3248" : 4,
            "3280" : 4,
            "3312" : 7,
            "3344" : 1,
            "3376" : 2,
            "3440" : 1,
            "3504" : 1,
            "3536" : 2,
            "3696" : 1,
            "3760" : 1,
            "3984" : 1,
            "4016" : 1,
            "4256" : 2,
            "4576" : 1,
            "5408" : 1,
            "5472" : 1,
            "5664" : 1,
            "6496" : 1,
            "7328" : 1,
            "7456" : 1,
            "7840" : 1,
            "7968" : 1,
            "8032" : 2,
            "8256" : 4,
            "8384" : 1,
            "8512" : 2,
            "8640" : 1,
            "8768" : 2,
            "9280" : 2,
            "9408" : 1,
            "10816" : 1,
            "13248" : 1,
            "14528" : 1,
            "23936" : 1,
            "27776" : 1
          }
        },
        "lat_ns" : {
          "min" : 1908,
          "max" : 29240,
          "mean" : 2516.584961,
          "stddev" : 1538.114140,
          "N" : 1024
        },
        "bw_min" : 0,
        "bw_max" : 0,
        "bw_agg" : 0.000000,
        "bw_mean" : 0.000000,
        "bw_dev" : 0.000000,
        "bw_samples" : 0,
        "iops_min" : 0,
        "iops_max" : 0,
        "iops_mean" : 0.000000,
        "iops_stddev" : 0.000000,
        "iops_samples" : 0
      },
      "trim" : {
        "io_bytes" : 0,
        "io_kbytes" : 0,
        "bw_bytes" : 0,
        "bw" : 0,
        "iops" : 0.000000,
        "runtime" : 0,
        "total_ios" : 0,
        "short_ios" : 0,
        "drop_ios" : 0,
        "slat_ns" : {
          "min" : 0,
          "max" : 0,
          "mean" : 0.000000,
          "stddev" : 0.000000,
          "N" : 0
        },
        "clat_ns" : {
          "min" : 0,
          "max" : 0,
          "mean" : 0.000000,
          "stddev" : 0.000000,
          "N" : 0
        },
        "lat_ns" : {
          "min" : 0,
          "max" : 0,
          "mean" : 0.000000,
          "stddev" : 0.000000,
          "N" : 0
        },
        "bw_min" : 0,
        "bw_max" : 0,
        "bw_agg" : 0.000000,
        "bw_mean" : 0.000000,
        "bw_dev" : 0.000000,
        "bw_samples" : 0,
        "iops_min" : 0,
        "iops_max" : 0,
        "iops_mean" : 0.000000,
        "iops_stddev" : 0.000000,
        "iops_samples" : 0
      },
      "sync" : {
        "total_ios" : 0,
        "lat_ns" : {
          "min" : 0,
          "max" : 0,
          "mean" : 0.000000,
          "stddev" : 0.000000,
          "N" : 0
        }
      },
      "job_runtime" : 4,
      "usr_cpu" : 0.000000,
      "sys_cpu" : 50.000000,
      "ctx" : 1,
      "majf" : 0,
      "minf" : 7,
      "iodepth_level" : {
        "1" : 100.000000,
        "2" : 0.000000,
        "4" : 0.000000,
        "8" : 0.000000,
        "16" : 0.000000,
        "32" : 0.000000,
        ">=64" : 0.000000
      },
      "iodepth_submit" : {
        "0" : 0.000000,
        "4" : 100.000000,
        "8" : 0.000000,
        "16" : 0.000000,
        "32" : 0.000000,
        "64" : 0.000000,
        ">=64" : 0.000000
      },
      "iodepth_complete" : {
        "0" : 0.000000,
        "4" : 100.000000,
        "8" : 0.000000,
        "16" : 0.000000,
        "32" : 0.000000,
        "64" : 0.000000,
        ">=64" : 0.000000
      },
      "latency_ns" : {
        "2" : 0.000000,
        "4" : 0.000000,
        "10" : 0.000000,
        "20" : 0.000000,
        "50" : 0.000000,
        "100" : 0.000000,
        "250" : 0.000000,
        "500" : 0.000000,
        "750" : 0.000000,
        "1000" : 0.000000
      },
      "latency_us" : {
        "2" : 13.671875,
        "4" : 83.203125,
        "10" : 2.636719,
        "20" : 0.292969,
        "50" : 0.195312,
        "100" : 0.000000,
        "250" : 0.000000,
        "500" : 0.000000,
        "750" : 0.000000,
        "1000" : 0.000000
      },
      "latency_ms" : {
        "2" : 0.000000,
        "4" : 0.000000,