{
  "fio version" : "fio-3.39-38-gf18c",
  "timestamp" : 1744415835,
  "timestamp_ms" : 1744415835976,
  "time" : "Fri Apr 11 23:57:15 2025",
  "global options" : {
    "kb_base" : "1024",
    "runtime" : "600s"
  },
  "jobs" : [
    {
      "jobname" : "nfsv4-randwrite-17179869184-blk1048576-iod16",
      "groupid" : 0,
      "job_start" : 1744415707098,
      "error" : 0,
      "eta" : 0,
      "elapsed" : 129,
      "job options" : {
        "stonewall" : "",
        "rw" : "randwrite",
        "size" : "17179869184",
        "bs" : "1048576",
        "iodepth" : "16",
        "filename" : "/scratch/adam/fsbench/nfsv4/nfsv4-randwrite-17179869184-blk1048576-iod16.bin"
      },
      "read" : {
        "io_bytes" : 0,
        "io_kbytes" : 0,
        "bw_bytes" : 0,
        "bw" : 0,
        "iops" : 0.000000,
        "runtime" : 0,
        "total_ios" : 0,
        "short_ios" : 0,
        "drop_ios" : 0,
        "slat_ns" : {
          "min" : 0,
          "max" : 0,
          "mean" : 0.000000,
          "stddev" : 0.000000,
          "N" : 0
        },
        "clat_ns" : {
          "min" : 0,
          "max" : 0,
          "mean" : 0.000000,
          "stddev" : 0.000000,
          "N" : 0
        },
        "lat_ns" : {
          "min" : 0,
          "max" : 0,
          "mean" : 0.000000,
          "stddev" : 0.000000,
          "N" : 0
        },
        "bw_min" : 0,
        "bw_max" : 0,
        "bw_agg" : 0.000000,
        "bw_mean" : 0.000000,
        "bw_dev" : 0.000000,
        "bw_samples" : 0,
        "iops_min" : 0,
        "iops_max" : 0,
        "iops_mean" : 0.000000,
        "iops_stddev" : 0.000000,
        "iops_samples" : 0
      },
      "write" : {
        "io_bytes" : 17179869184,
        "io_kbytes" : 16777216,
        "bw_bytes" : 180934052,
        "bw" : 176693,
        "iops" : 172.552158,
        "runtime" : 94951,
        "total_ios" : 16384,
        "short_ios" : 0,
        "drop_ios" : 0,
        "slat_ns" : {
          "min" : 0,
          "max" : 0,
          "mean" : 0.000000,
          "stddev" : 0.000000,
          "N" : 0
        },
        "clat_ns" : {
          "min" : 382218,
          "max" : 34190725,
          "mean" : 5766277.333862,
          "stddev" : 6308045.158566,
          "N" : 16384,
          "percentile" : {
            "1.000000" : 399360,
            "5.000000" : 407552,
            "10.000000" : 415744,
            "20.000000" : 436224,
            "30.000000" : 477184,
            "40.000000" : 585728,
            "50.000000" : 708608,
            "60.000000" : 8716288,
            "70.000000" : 8847360,
            "80.000000" : 10027008,
            "90.000000" : 15532032,
            "95.000000" : 16318464,
            "99.000000" : 18219008,
            "99.500000" : 32899072,
            "99.900000" : 33161216,
            "99.950000" : 33816576,
            "99.990000" : 34340864
          },
          "bins" : {
            "382976" : 1,
            "387072" : 8,
            "391168" : 29,
            "395264" : 73,
            "399360" : 136,
            "403456" : 259,
            "407552" : 333,
            "411648" : 455,
            "415744" : 442,
            "419840" : 421,
            "423936" : 375,
            "428032" : 399,
            "432128" : 321,
            "436224" : 283,
            "440320" : 202,
            "444416" : 172,
            "448512" : 184,
            "452608" : 216,
            "456704" : 210,
            "460800" : 140,
            "464896" : 112,
            "468992" : 75,
            "473088" : 60,
            "477184" : 65,
            "481280" : 41,
            "485376" : 34,
            "489472" : 18,
            "493568" : 16,
            "497664" : 18,
            "501760" : 32,
            "505856" : 20,
            "509952" : 14,
            "514048" : 21,
            "518144" : 16,
            "522240" : 21,
            "528384" : 56,
            "536576" : 127,
            "544768" : 195,
            "552960" : 197,
            "561152" : 229,
            "569344" : 228,
            "577536" : 222,
            "585728" : 214,
            "593920" : 217,
            "602112" : 234,
            "610304" : 182,
            "618496" : 180,
            "626688" : 133,
            "634880" : 121,
            "643072" : 95,
            "651264" : 59,
            "659456" : 58,
            "667648" : 50,
            "675840" : 39,
            "684032" : 38,
            "692224" : 39,
            "700416" : 40,
            "708608" : 31,
            "716800" : 51,
            "724992" : 26,
            "733184" : 33,
            "741376" : 35,
            "749568" : 25,
            "757760" : 23,
            "765952" : 28,
            "774144" : 28,
            "782336" : 27,
            "790528" : 17,
            "798720" : 24,
            "806912" : 22,
            "815104" : 21,
            "823296" : 15,
            "831488" : 18,
            "839680" : 12,
            "847872" : 8,
            "856064" : 13,
            "864256" : 12,
            "872448" : 6,
            "880640" : 12,
            "888832" : 10,
            "897024" : 6,
            "905216" : 9,
            "913408" : 4,
            "921600" : 5,
            "929792" : 5,
            "937984" : 6,
            "946176" : 6,
            "954368" : 4,
            "962560" : 3,
            "970752" : 2,
            "978944" : 2,
            "987136" : 4,
            "995328" : 2,
            "1003520" : 5,
            "1011712" : 2,
            "1019904" : 2,
            "1028096" : 2,
            "1036288" : 3,
            "1044480" : 2,
            "1056768" : 3,
            "1073152" : 3,
            "1089536" : 2,
            "1105920" : 1,
            "1122304" : 3,
            "1138688" : 1,
            "1155072" : 1,
            "1171456" : 2,
            "1220608" : 1,
            "1253376" : 1,
            "1417216" : 1,
            "1466368" : 1,
            "1630208" : 1,
            "1728512" : 1,
            "2072576" : 1,
            "3162112" : 1,
            "3883008" : 1,
            "4079616" : 1,
            "6782976" : 8,
            "6848512" : 60,
            "6914048" : 98,
            "6979584" : 10,
            "7045120" : 1,
            "7176192" : 1,
            "7503872" : 1,
            "7569408" : 3,
            "7634944" : 5,
            "7700480" : 23,
            "7766016" : 59,
            "7831552" : 137,
            "7897088" : 160,
            "7962624" : 28,
            "8028160" : 10,
            "8093696" : 4,
            "8159232" : 3,
            "8224768" : 1,
            "8290304" : 3,
            "8355840" : 3,
            "8454144" : 18,
            "8585216" : 76,
            "8716288" : 399,
            "8847360" : 1948,
            "8978432" : 298,
            "9109504" : 48,
            "9240576" : 9,
            "9371648" : 8,
            "9502720" : 16,
            "9633792" : 52,
            "9764864" : 322,
            "9895936" : 501,
            "10027008" : 52,
            "10158080" : 9,
            "10289152" : 1,
            "10551296" : 5,
            "10682368" : 8,
            "10813440" : 86,
            "10944512" : 21,
            "11075584" : 7,
            "11206656" : 3,
            "11337728" : 2,
            "11468800" : 3,
            "11862016" : 10,
            "11993088" : 3,
            "12124160" : 5,
            "12255232" : 19,
            "12386304" : 74,
            "12517376" : 18,
            "12648448" : 1,
            "12910592" : 3,
            "13041664" : 6,
            "13172736" : 25,
            "13303808" : 125,
            "13434880" : 327,
            "13565952" : 10,
            "13697024" : 1,
            "13828096" : 5,
            "13959168" : 8,
            "14090240" : 14,
            "14221312" : 17,
            "14352384" : 181,
            "14483456" : 107,
            "14614528" : 8,
            "14745600" : 10,
            "14876672" : 23,